event_id,advertiser_id,event_type,event_at,received_at
current_emerging_031_plan_completed,current_emerging_031,plan_completed,2026-09-05T00:00:00Z,2026-09-05T00:01:00Z
baseline_growth_014_plan_completed,baseline_growth_014,plan_completed,2026-08-06T00:00:00Z,2026-08-06T00:01:00Z
baseline_growth_090_plan_started,baseline_growth_090,plan_started,2026-08-09T00:00:00Z,2026-08-09T00:01:00Z
baseline_emerging_088_plan_started,baseline_emerging_088,plan_started,2026-08-03T00:00:00Z,2026-08-03T00:01:00Z
current_growth_014_plan_completed,current_growth_014,plan_completed,2026-09-04T00:00:00Z,2026-09-04T00:01:00Z
current_growth_060_plan_completed,current_growth_060,plan_completed,2026-09-06T00:00:00Z,2026-09-06T00:01:00Z
current_growth_033_plan_completed,current_growth_033,plan_completed,2026-09-02T00:00:00Z,2026-09-02T00:01:00Z
baseline_growth_012_campaign_launched,baseline_growth_012,campaign_launched,2026-08-05T00:00:00Z,2026-08-05T00:01:00Z
current_established_061_campaign_launched,current_established_061,campaign_launched,2026-09-07T00:00:00Z,2026-09-07T00:01:00Z
current_established_063_plan_completed,current_established_063,plan_completed,2026-09-07T00:00:00Z,2026-09-07T00:01:00Z
baseline_emerging_000_plan_started,baseline_emerging_000,plan_started,2026-08-01T00:00:00Z,2026-08-01T00:01:00Z
current_emerging_076_plan_started,current_emerging_076,plan_started,2026-09-08T00:00:00Z,2026-09-08T00:01:00Z
current_established_030_plan_started,current_established_030,plan_started,2026-09-10T00:00:00Z,2026-09-10T00:01:00Z
current_emerging_032_plan_completed,current_emerging_032,plan_completed,2026-09-03T00:00:00Z,2026-09-03T00:01:00Z
baseline_established_043_plan_started,baseline_established_043,plan_started,2026-08-06T00:00:00Z,2026-08-06T00:01:00Z
baseline_established_077_plan_completed,baseline_established_077,plan_completed,2026-08-03T00:00:00Z,2026-08-03T00:01:00Z
baseline_growth_009_plan_started,baseline_growth_009,plan_started,2026-08-04T00:00:00Z,2026-08-04T00:01:00Z
baseline_emerging_046_plan_started,baseline_emerging_046,plan_started,2026-08-05T00:00:00Z,2026-08-05T00:01:00Z
fixture_conflict,fixture_conflict,plan_started,2026-08-01T00:00:00Z,2026-08-01T00:01:00Z
baseline_established_003_plan_completed,baseline_established_003,plan_completed,2026-08-03T00:00:00Z,2026-08-03T00:01:00Z
baseline_growth_069_plan_completed,baseline_growth_069,plan_completed,2026-08-10T00:00:00Z,2026-08-10T00:01:00Z
baseline_established_084_plan_started,baseline_established_084,plan_started,2026-08-08T00:00:00Z,2026-08-08T00:01:00Z
baseline_established_034_plan_completed,baseline_established_034,plan_completed,2026-08-04T00:00:00Z,2026-08-04T00:01:00Z
baseline_emerging_042_plan_started,baseline_emerging_042,plan_started,2026-08-07T00:00:00Z,2026-08-07T00:01:00Z
baseline_established_027_plan_started,baseline_established_027,plan_started,2026-08-08T00:00:00Z,2026-08-08T00:01:00Z
baseline_emerging_011_plan_completed,baseline_emerging_011,plan_completed,2026-08-02T00:00:00Z,2026-08-02T00:01:00Z
current_growth_001_campaign_launched,current_growth_001,campaign_launched,2026-09-06T00:00:00Z,2026-09-06T00:01:00Z
baseline_growth_031_plan_started,baseline_growth_031,plan_started,2026-08-01T00:00:00Z,2026-08-01T00:01:00Z
current_emerging_029_plan_started,current_emerging_029,plan_started,2026-09-02T00:00:00Z,2026-09-02T00:01:00Z
current_emerging_031_plan_started,current_emerging_031,plan_started,2026-09-04T00:00:00Z,2026-09-04T00:01:00Z
baseline_growth_009_campaign_launched,baseline_growth_009,campaign_launched,2026-08-07T00:00:00Z,2026-08-07T00:01:00Z
current_established_049_campaign_launched,current_established_049,campaign_launched,2026-09-10T00:00:00Z,2026-09-10T00:01:00Z
current_growth_059_plan_completed,current_growth_059,plan_completed,2026-09-09T00:00:00Z,2026-09-09T00:01:00Z
baseline_established_025_campaign_launched,baseline_established_025,campaign_launched,2026-08-10T00:00:00Z,2026-08-10T00:01:00Z
baseline_established_018_plan_completed,baseline_established_018,plan_completed,2026-08-11T00:00:00Z,2026-08-11T00:01:00Z
baseline_established_061_campaign_launched,baseline_established_061,campaign_launched,2026-08-10T00:00:00Z,2026-08-10T00:01:00Z
current_growth_011_plan_started,current_growth_011,plan_started,2026-09-06T00:00:00Z,2026-09-06T00:01:00Z
current_established_048_campaign_launched,current_established_048,campaign_launched,2026-09-05T00:00:00Z,2026-09-05T00:01:00Z
baseline_growth_039_plan_completed,baseline_growth_039,plan_completed,2026-08-10T00:00:00Z,2026-08-10T00:01:00Z
current_emerging_007_plan_completed,current_emerging_007,plan_completed,2026-09-10T00:00:00Z,2026-09-10T00:01:00Z
baseline_established_080_plan_completed,baseline_established_080,plan_completed,2026-08-03T00:00:00Z,2026-08-03T00:01:00Z
baseline_established_049_campaign_launched,baseline_established_049,campaign_launched,2026-08-06T00:00:00Z,2026-08-06T00:01:00Z
baseline_established_081_plan_started,baseline_established_081,plan_started,2026-08-08T00:00:00Z,2026-08-08T00:01:00Z
current_established_040_plan_started,current_established_040,plan_started,2026-09-07T00:00:00Z,2026-09-07T00:01:00Z
current_growth_002_plan_started,current_growth_002,plan_started,2026-09-06T00:00:00Z,2026-09-06T00:01:00Z
baseline_growth_003_plan_completed,baseline_growth_003,plan_completed,2026-08-09T00:00:00Z,2026-08-09T00:01:00Z
current_established_087_plan_started,current_established_087,plan_started,2026-09-07T00:00:00Z,2026-09-07T00:01:00Z
baseline_growth_065_plan_started,baseline_growth_065,plan_started,2026-08-05T00:00:00Z,2026-08-05T00:01:00Z
baseline_established_054_campaign_launched,baseline_established_054,campaign_launched,2026-08-08T00:00:00Z,2026-08-08T00:01:00Z
current_established_028_plan_completed,current_established_028,plan_completed,2026-09-05T00:00:00Z,2026-09-05T00:01:00Z
current_growth_075_plan_started,current_growth_075,plan_started,2026-09-09T00:00:00Z,2026-09-09T00:01:00Z
baseline_growth_057_plan_started,baseline_growth_057,plan_started,2026-08-10T00:00:00Z,2026-08-10T00:01:00Z
current_emerging_018_campaign_launched,current_emerging_018,campaign_launched,2026-09-13T00:00:00Z,2026-09-13T00:01:00Z
current_growth_003_plan_started,current_growth_003,plan_started,2026-09-09T00:00:00Z,2026-09-09T00:01:00Z
baseline_growth_036_plan_started,baseline_growth_036,plan_started,2026-08-02T00:00:00Z,2026-08-02T00:01:00Z
baseline_emerging_006_plan_completed,baseline_emerging_006,plan_completed,2026-08-05T00:00:00Z,2026-08-05T00:01:00Z
current_growth_067_plan_started,current_growth_067,plan_started,2026-09-09T00:00:00Z,2026-09-09T00:01:00Z
baseline_emerging_042_plan_completed,baseline_emerging_042,plan_completed,2026-08-08T00:00:00Z,2026-08-08T00:01:00Z
current_growth_041_plan_completed,current_growth_041,plan_completed,2026-09-04T00:00:00Z,2026-09-04T00:01:00Z
baseline_growth_033_campaign_launched,baseline_growth_033,campaign_launched,2026-08-13T00:00:00Z,2026-08-13T00:01:00Z
current_emerging_099_plan_started,current_emerging_099,plan_started,2026-09-09T00:00:00Z,2026-09-09T00:01:00Z
baseline_growth_001_plan_completed,baseline_growth_001,plan_completed,2026-08-09T00:00:00Z,2026-08-09T00:01:00Z
current_established_006_plan_completed,current_established_006,plan_completed,2026-09-08T00:00:00Z,2026-09-08T00:01:00Z
current_established_087_plan_completed,current_established_087,plan_completed,2026-09-08T00:00:00Z,2026-09-08T00:01:00Z
baseline_established_036_plan_completed,baseline_established_036,plan_completed,2026-08-04T00:00:00Z,2026-08-04T00:01:00Z
baseline_growth_008_plan_completed,baseline_growth_008,plan_completed,2026-08-07T00:00:00Z,2026-08-07T00:01:00Z
baseline_established_088_plan_completed,baseline_established_088,plan_completed,2026-08-03T00:00:00Z,2026-08-03T00:01:00Z
current_emerging_001_campaign_launched,current_emerging_001,campaign_launched,2026-09-07T00:00:00Z,2026-09-07T00:01:00Z
current_emerging_041_plan_completed,current_emerging_041,plan_completed,2026-09-02T00:00:00Z,2026-09-02T00:01:00Z
current_emerging_095_plan_started,current_emerging_095,plan_started,2026-09-05T00:00:00Z,2026-09-05T00:01:00Z
baseline_emerging_012_plan_started,baseline_emerging_012,plan_started,2026-08-09T00:00:00Z,2026-08-09T00:01:00Z
current_emerging_082_plan_started,current_emerging_082,plan_started,2026-09-04T00:00:00Z,2026-09-04T00:01:00Z
baseline_growth_054_plan_started,baseline_growth_054,plan_started,2026-08-10T00:00:00Z,2026-08-10T00:01:00Z
current_emerging_037_plan_completed,current_emerging_037,plan_completed,2026-09-10T00:00:00Z,2026-09-10T00:01:00Z
current_growth_033_campaign_launched,current_growth_033,campaign_launched,2026-09-04T00:00:00Z,2026-09-04T00:01:00Z
current_established_075_plan_started,current_established_075,plan_started,2026-09-10T00:00:00Z,2026-09-10T00:01:00Z
current_established_010_campaign_launched,current_established_010,campaign_launched,2026-09-11T00:00:00Z,2026-09-11T00:01:00Z
current_established_033_plan_completed,current_established_033,plan_completed,2026-09-06T00:00:00Z,2026-09-06T00:01:00Z
current_established_000_plan_started,current_established_000,plan_started,2026-09-09T00:00:00Z,2026-09-09T00:01:00Z
baseline_emerging_015_plan_started,baseline_emerging_015,plan_started,2026-08-04T00:00:00Z,2026-08-04T00:01:00Z
current_established_002_plan_completed,current_established_002,plan_completed,2026-09-11T00:00:00Z,2026-09-11T00:01:00Z
baseline_growth_080_plan_started,baseline_growth_080,plan_started,2026-08-09T00:00:00Z,2026-08-09T00:01:00Z
current_growth_035_plan_completed,current_growth_035,plan_completed,2026-09-04T00:00:00Z,2026-09-04T00:01:00Z
current_established_084_plan_completed,current_established_084,plan_completed,2026-09-07T00:00:00Z,2026-09-07T00:01:00Z
baseline_growth_030_campaign_launched,baseline_growth_030,campaign_launched,2026-08-07T00:00:00Z,2026-08-07T00:01:00Z
baseline_established_072_plan_completed,baseline_established_072,plan_completed,2026-08-07T00:00:00Z,2026-08-07T00:01:00Z
baseline_growth_039_campaign_launched,baseline_growth_039,campaign_launched,2026-08-12T00:00:00Z,2026-08-12T00:01:00Z
current_established_035_plan_started,current_established_035,plan_started,2026-09-09T00:00:00Z,2026-09-09T00:01:00Z
baseline_established_024_plan_started,baseline_established_024,plan_started,2026-08-08T00:00:00Z,2026-08-08T00:01:00Z
baseline_established_039_plan_started,baseline_established_039,plan_started,2026-08-07T00:00:00Z,2026-08-07T00:01:00Z
current_growth_032_plan_completed,current_growth_032,plan_completed,2026-09-02T00:00:00Z,2026-09-02T00:01:00Z
current_emerging_006_plan_completed,current_emerging_006,plan_completed,2026-09-10T00:00:00Z,2026-09-10T00:01:00Z
current_established_088_plan_completed,current_established_088,plan_completed,2026-09-04T00:00:00Z,2026-09-04T00:01:00Z
current_established_073_plan_started,current_established_073,plan_started,2026-09-08T00:00:00Z,2026-09-08T00:01:00Z
current_established_007_campaign_launched,current_established_007,campaign_launched,2026-09-09T00:00:00Z,2026-09-09T00:01:00Z
baseline_growth_068_plan_started,baseline_growth_068,plan_started,2026-08-08T00:00:00Z,2026-08-08T00:01:00Z
current_growth_029_campaign_launched,current_growth_029,campaign_launched,2026-09-10T00:00:00Z,2026-09-10T00:01:00Z
current_emerging_023_plan_completed,current_emerging_023,plan_completed,2026-09-10T00:00:00Z,2026-09-10T00:01:00Z
baseline_established_064_plan_completed,baseline_established_064,plan_completed,2026-08-08T00:00:00Z,2026-08-08T00:01:00Z
baseline_growth_051_plan_completed,baseline_growth_051,plan_completed,2026-08-08T00:00:00Z,2026-08-08T00:01:00Z
baseline_growth_088_plan_started,baseline_growth_088,plan_started,2026-08-09T00:00:00Z,2026-08-09T00:01:00Z
current_emerging_004_campaign_launched,current_emerging_004,campaign_launched,2026-09-05T00:00:00Z,2026-09-05T00:01:00Z
baseline_growth_044_plan_started,baseline_growth_044,plan_started,2026-08-06T00:00:00Z,2026-08-06T00:01:00Z
baseline_emerging_072_plan_started,baseline_emerging_072,plan_started,2026-08-05T00:00:00Z,2026-08-05T00:01:00Z
current_emerging_019_plan_started,current_emerging_019,plan_started,2026-09-07T00:00:00Z,2026-09-07T00:01:00Z
current_established_010_plan_started,current_established_010,plan_started,2026-09-08T00:00:00Z,2026-09-08T00:01:00Z
baseline_established_011_campaign_launched,baseline_established_011,campaign_launched,2026-08-08T00:00:00Z,2026-08-08T00:01:00Z
baseline_emerging_044_plan_completed,baseline_emerging_044,plan_completed,2026-08-11T00:00:00Z,2026-08-11T00:01:00Z
baseline_established_083_plan_started,baseline_established_083,plan_started,2026-08-08T00:00:00Z,2026-08-08T00:01:00Z
current_established_049_plan_started,current_established_049,plan_started,2026-09-07T00:00:00Z,2026-09-07T00:01:00Z
baseline_established_006_campaign_launched,baseline_established_006,campaign_launched,2026-08-06T00:00:00Z,2026-08-06T00:01:00Z
current_growth_036_campaign_launched,current_growth_036,campaign_launched,2026-09-11T00:00:00Z,2026-09-11T00:01:00Z
baseline_growth_002_campaign_launched,baseline_growth_002,campaign_launched,2026-08-07T00:00:00Z,2026-08-07T00:01:00Z
current_emerging_010_plan_completed,current_emerging_010,plan_completed,2026-09-03T00:00:00Z,2026-09-03T00:01:00Z
current_established_040_campaign_launched,current_established_040,campaign_launched,2026-09-10T00:00:00Z,2026-09-10T00:01:00Z
current_emerging_054_plan_started,current_emerging_054,plan_started,2026-09-06T00:00:00Z,2026-09-06T00:01:00Z
current_established_089_plan_completed,current_established_089,plan_completed,2026-09-05T00:00:00Z,2026-09-05T00:01:00Z
baseline_established_002_campaign_launched,baseline_established_002,campaign_launched,2026-08-04T00:00:00Z,2026-08-04T00:01:00Z
current_established_060_campaign_launched,current_established_060,campaign_launched,2026-09-12T00:00:00Z,2026-09-12T00:01:00Z
baseline_established_026_plan_started,baseline_established_026,plan_started,2026-08-03T00:00:00Z,2026-08-03T00:01:00Z
baseline_growth_054_plan_completed,baseline_growth_054,plan_completed,2026-08-11T00:00:00Z,2026-08-11T00:01:00Z
current_established_061_plan_started,current_established_061,plan_started,2026-09-04T00:00:00Z,2026-09-04T00:01:00Z
baseline_established_004_plan_completed,baseline_established_004,plan_completed,2026-08-08T00:00:00Z,2026-08-08T00:01:00Z
current_growth_022_plan_started,current_growth_022,plan_started,2026-09-10T00:00:00Z,2026-09-10T00:01:00Z
baseline_established_003_plan_started,baseline_established_003,plan_started,2026-08-02T00:00:00Z,2026-08-02T00:01:00Z
current_emerging_019_campaign_launched,current_emerging_019,campaign_launched,2026-09-10T00:00:00Z,2026-09-10T00:01:00Z
baseline_emerging_048_plan_completed,baseline_emerging_048,plan_completed,2026-08-04T00:00:00Z,2026-08-04T00:01:00Z
current_emerging_061_plan_started,current_emerging_061,plan_started,2026-09-09T00:00:00Z,2026-09-09T00:01:00Z
baseline_established_026_campaign_launched,baseline_established_026,campaign_launched,2026-08-06T00:00:00Z,2026-08-06T00:01:00Z
baseline_established_070_plan_started,baseline_established_070,plan_started,2026-08-04T00:00:00Z,2026-08-04T00:01:00Z
current_established_065_campaign_launched,current_established_065,campaign_launched,2026-09-04T00:00:00Z,2026-09-04T00:01:00Z
baseline_emerging_084_plan_started,baseline_emerging_084,plan_started,2026-08-07T00:00:00Z,2026-08-07T00:01:00Z
current_growth_065_plan_completed,current_growth_065,plan_completed,2026-09-03T00:00:00Z,2026-09-03T00:01:00Z
baseline_established_033_plan_started,baseline_established_033,plan_started,2026-08-02T00:00:00Z,2026-08-02T00:01:00Z
baseline_emerging_041_plan_started,baseline_emerging_041,plan_started,2026-08-05T00:00:00Z,2026-08-05T00:01:00Z
current_growth_055_plan_completed,current_growth_055,plan_completed,2026-09-11T00:00:00Z,2026-09-11T00:01:00Z
baseline_emerging_004_campaign_launched,baseline_emerging_004,campaign_launched,2026-08-05T00:00:00Z,2026-08-05T00:01:00Z
baseline_growth_016_plan_started,baseline_growth_016,plan_started,2026-08-01T00:00:00Z,2026-08-01T00:01:00Z
current_growth_029_plan_completed,current_growth_029,plan_completed,2026-09-08T00:00:00Z,2026-09-08T00:01:00Z
current_established_069_plan_completed,current_established_069,plan_completed,2026-09-02T00:00:00Z,2026-09-02T00:01:00Z
baseline_growth_041_campaign_launched,baseline_growth_041,campaign_launched,2026-08-08T00:00:00Z,2026-08-08T00:01:00Z
baseline_growth_099_plan_started,baseline_growth_099,plan_started,2026-08-01T00:00:00Z,2026-08-01T00:01:00Z
current_growth_028_plan_completed,current_growth_028,plan_completed,2026-09-05T00:00:00Z,2026-09-05T00:01:00Z
current_growth_084_plan_started,current_growth_084,plan_started,2026-09-01T00:00:00Z,2026-09-01T00:01:00Z
baseline_established_001_plan_completed,baseline_established_001,plan_completed,2026-08-04T00:00:00Z,2026-08-04T00:01:00Z
current_established_004_plan_started,current_established_004,plan_started,2026-09-08T00:00:00Z,2026-09-08T00:01:00Z
baseline_established_079_plan_started,baseline_established_079,plan_started,2026-08-02T00:00:00Z,2026-08-02T00:01:00Z
current_established_017_campaign_launched,current_established_017,campaign_launched,2026-09-12T00:00:00Z,2026-09-12T00:01:00Z
current_growth_064_plan_completed,current_growth_064,plan_completed,2026-09-10T00:00:00Z,2026-09-10T00:01:00Z
current_growth_057_plan_started,current_growth_057,plan_started,2026-09-02T00:00:00Z,2026-09-02T00:01:00Z
current_established_045_plan_completed,current_established_045,plan_completed,2026-09-08T00:00:00Z,2026-09-08T00:01:00Z
baseline_established_042_campaign_launched,baseline_established_042,campaign_launched,2026-08-04T00:00:00Z,2026-08-04T00:01:00Z
baseline_growth_043_campaign_launched,baseline_growth_043,campaign_launched,2026-08-08T00:00:00Z,2026-08-08T00:01:00Z
baseline_growth_029_campaign_launched,baseline_growth_029,campaign_launched,2026-08-10T00:00:00Z,2026-08-10T00:01:00Z
baseline_emerging_029_campaign_launched,baseline_emerging_029,campaign_launched,2026-08-05T00:00:00Z,2026-08-05T00:01:00Z
current_emerging_005_plan_completed,current_emerging_005,plan_completed,2026-09-03T00:00:00Z,2026-09-03T00:01:00Z
current_established_057_plan_completed,current_established_057,plan_completed,2026-09-02T00:00:00Z,2026-09-02T00:01:00Z
current_emerging_079_plan_started,current_emerging_079,plan_started,2026-09-10T00:00:00Z,2026-09-10T00:01:00Z
current_established_086_plan_completed,current_established_086,plan_completed,2026-09-02T00:00:00Z,2026-09-02T00:01:00Z
current_growth_022_campaign_launched,current_growth_022,campaign_launched,2026-09-13T00:00:00Z,2026-09-13T00:01:00Z
baseline_emerging_028_plan_completed,baseline_emerging_028,plan_completed,2026-08-11T00:00:00Z,2026-08-11T00:01:00Z
baseline_growth_076_plan_started,baseline_growth_076,plan_started,2026-08-02T00:00:00Z,2026-08-02T00:01:00Z
baseline_emerging_026_campaign_launched,baseline_emerging_026,campaign_launched,2026-08-11T00:00:00Z,2026-08-11T00:01:00Z
baseline_growth_015_campaign_launched,baseline_growth_015,campaign_launched,2026-08-08T00:00:00Z,2026-08-08T00:01:00Z
baseline_established_044_plan_started,baseline_established_044,plan_started,2026-08-05T00:00:00Z,2026-08-05T00:01:00Z
current_established_045_campaign_launched,current_established_045,campaign_launched,2026-09-10T00:00:00Z,2026-09-10T00:01:00Z
current_established_062_campaign_launched,current_established_062,campaign_launched,2026-09-06T00:00:00Z,2026-09-06T00:01:00Z
baseline_established_058_plan_completed,baseline_established_058,plan_completed,2026-08-04T00:00:00Z,2026-08-04T00:01:00Z
current_emerging_027_campaign_launched,current_emerging_027,campaign_launched,2026-09-11T00:00:00Z,2026-09-11T00:01:00Z
current_established_095_plan_started,current_established_095,plan_started,2026-09-09T00:00:00Z,2026-09-09T00:01:00Z
current_emerging_014_campaign_launched,current_emerging_014,campaign_launched,2026-09-09T00:00:00Z,2026-09-09T00:01:00Z
baseline_established_007_plan_completed,baseline_established_007,plan_completed,2026-08-07T00:00:00Z,2026-08-07T00:01:00Z
current_emerging_039_plan_started,current_emerging_039,plan_started,2026-09-08T00:00:00Z,2026-09-08T00:01:00Z
baseline_established_050_campaign_launched,baseline_established_050,campaign_launched,2026-08-07T00:00:00Z,2026-08-07T00:01:00Z
baseline_emerging_020_campaign_launched,baseline_emerging_020,campaign_launched,2026-08-07T00:00:00Z,2026-08-07T00:01:00Z
current_growth_068_plan_started,current_growth_068,plan_started,2026-09-02T00:00:00Z,2026-09-02T00:01:00Z
baseline_established_063_plan_started,baseline_established_063,plan_started,2026-08-01T00:00:00Z,2026-08-01T00:01:00Z
current_growth_081_plan_started,current_growth_081,plan_started,2026-09-04T00:00:00Z,2026-09-04T00:01:00Z
baseline_emerging_043_plan_completed,baseline_emerging_043,plan_completed,2026-08-07T00:00:00Z,2026-08-07T00:01:00Z
current_emerging_088_plan_started,current_emerging_088,plan_started,2026-09-01T00:00:00Z,2026-09-01T00:01:00Z
baseline_established_007_plan_started,baseline_established_007,plan_started,2026-08-06T00:00:00Z,2026-08-06T00:01:00Z
baseline_growth_032_plan_completed,baseline_growth_032,plan_completed,2026-08-10T00:00:00Z,2026-08-10T00:01:00Z
current_emerging_064_plan_started,current_emerging_064,plan_started,2026-09-07T00:00:00Z,2026-09-07T00:01:00Z
baseline_growth_019_plan_completed,baseline_growth_019,plan_completed,2026-08-06T00:00:00Z,2026-08-06T00:01:00Z
current_emerging_017_plan_started,current_emerging_017,plan_started,2026-09-05T00:00:00Z,2026-09-05T00:01:00Z
baseline_established_058_plan_started,baseline_established_058,plan_started,2026-08-03T00:00:00Z,2026-08-03T00:01:00Z
current_growth_057_plan_completed,current_growth_057,plan_completed,2026-09-03T00:00:00Z,2026-09-03T00:01:00Z
baseline_established_035_plan_completed,baseline_established_035,plan_completed,2026-08-10T00:00:00Z,2026-08-10T00:01:00Z
current_emerging_016_plan_started,current_emerging_016,plan_started,2026-09-08T00:00:00Z,2026-09-08T00:01:00Z
current_established_019_plan_started,current_established_019,plan_started,2026-09-06T00:00:00Z,2026-09-06T00:01:00Z
current_growth_065_plan_started,current_growth_065,plan_started,2026-09-02T00:00:00Z,2026-09-02T00:01:00Z
current_growth_048_plan_completed,current_growth_048,plan_completed,2026-09-02T00:00:00Z,2026-09-02T00:01:00Z
current_established_041_plan_started,current_established_041,plan_started,2026-09-06T00:00:00Z,2026-09-06T00:01:00Z
baseline_established_008_plan_completed,baseline_established_008,plan_completed,2026-08-02T00:00:00Z,2026-08-02T00:01:00Z
baseline_growth_059_plan_started,baseline_growth_059,plan_started,2026-08-10T00:00:00Z,2026-08-10T00:01:00Z
current_emerging_029_plan_completed,current_emerging_029,plan_completed,2026-09-03T00:00:00Z,2026-09-03T00:01:00Z
baseline_emerging_027_plan_completed,baseline_emerging_027,plan_completed,2026-08-04T00:00:00Z,2026-08-04T00:01:00Z
current_growth_053_plan_completed,current_growth_053,plan_completed,2026-09-11T00:00:00Z,2026-09-11T00:01:00Z
current_growth_002_campaign_launched,current_growth_002,campaign_launched,2026-09-09T00:00:00Z,2026-09-09T00:01:00Z
current_established_059_campaign_launched,current_established_059,campaign_launched,2026-09-10T00:00:00Z,2026-09-10T00:01:00Z
current_growth_034_campaign_launched,current_growth_034,campaign_launched,2026-09-13T00:00:00Z,2026-09-13T00:01:00Z
baseline_growth_064_plan_started,baseline_growth_064,plan_started,2026-08-07T00:00:00Z,2026-08-07T00:01:00Z
current_growth_092_plan_started,current_growth_092,plan_started,2026-09-02T00:00:00Z,2026-09-02T00:01:00Z
current_growth_031_plan_started,current_growth_031,plan_started,2026-09-05T00:00:00Z,2026-09-05T00:01:00Z
current_established_065_plan_started,current_established_065,plan_started,2026-09-01T00:00:00Z,2026-09-01T00:01:00Z
baseline_growth_013_plan_started,baseline_growth_013,plan_started,2026-08-01T00:00:00Z,2026-08-01T00:01:00Z
baseline_growth_000_campaign_launched,baseline_growth_000,campaign_launched,2026-08-05T00:00:00Z,2026-08-05T00:01:00Z
baseline_established_012_plan_started,baseline_established_012,plan_started,2026-08-04T00:00:00Z,2026-08-04T00:01:00Z
current_growth_051_plan_started,current_growth_051,plan_started,2026-09-09T00:00:00Z,2026-09-09T00:01:00Z
current_growth_032_plan_started,current_growth_032,plan_started,2026-09-01T00:00:00Z,2026-09-01T00:01:00Z
current_established_021_plan_started,current_established_021,plan_started,2026-09-07T00:00:00Z,2026-09-07T00:01:00Z
current_growth_003_campaign_launched,current_growth_003,campaign_launched,2026-09-12T00:00:00Z,2026-09-12T00:01:00Z
baseline_growth_042_campaign_launched,baseline_growth_042,campaign_launched,2026-08-09T00:00:00Z,2026-08-09T00:01:00Z
baseline_established_052_plan_completed,baseline_established_052,plan_completed,2026-08-05T00:00:00Z,2026-08-05T00:01:00Z
current_growth_015_plan_completed,current_growth_015,plan_completed,2026-09-07T00:00:00Z,2026-09-07T00:01:00Z
current_emerging_085_plan_started,current_emerging_085,plan_started,2026-09-08T00:00:00Z,2026-09-08T00:01:00Z
baseline_growth_038_campaign_launched,baseline_growth_038,campaign_launched,2026-08-07T00:00:00Z,2026-08-07T00:01:00Z
current_emerging_012_plan_completed,current_emerging_012,plan_completed,2026-09-05T00:00:00Z,2026-09-05T00:01:00Z
current_growth_063_plan_completed,current_growth_063,plan_completed,2026-09-07T00:00:00Z,2026-09-07T00:01:00Z
baseline_growth_058_plan_started,baseline_growth_058,plan_started,2026-08-04T00:00:00Z,2026-08-04T00:01:00Z
baseline_emerging_043_plan_started,baseline_emerging_043,plan_started,2026-08-06T00:00:00Z,2026-08-06T00:01:00Z
current_emerging_050_plan_started,current_emerging_050,plan_started,2026-09-02T00:00:00Z,2026-09-02T00:01:00Z
baseline_growth_008_plan_started,baseline_growth_008,plan_started,2026-08-06T00:00:00Z,2026-08-06T00:01:00Z
current_established_054_plan_completed,current_established_054,plan_completed,2026-09-05T00:00:00Z,2026-09-05T00:01:00Z
baseline_growth_009_plan_completed,baseline_growth_009,plan_completed,2026-08-05T00:00:00Z,2026-08-05T00:01:00Z
current_growth_080_plan_started,current_growth_080,plan_started,2026-09-06T00:00:00Z,2026-09-06T00:01:00Z
baseline_established_021_plan_started,baseline_established_021,plan_started,2026-08-06T00:00:00Z,2026-08-06T00:01:00Z
current_emerging_053_plan_started,current_emerging_053,plan_started,2026-09-10T00:00:00Z,2026-09-10T00:01:00Z
current_established_029_plan_started,current_established_029,plan_started,2026-09-02T00:00:00Z,2026-09-02T00:01:00Z
current_established_038_campaign_launched,current_established_038,campaign_launched,2026-09-06T00:00:00Z,2026-09-06T00:01:00Z
baseline_emerging_065_plan_started,baseline_emerging_065,plan_started,2026-08-08T00:00:00Z,2026-08-08T00:01:00Z
baseline_emerging_018_plan_completed,baseline_emerging_018,plan_completed,2026-08-05T00:00:00Z,2026-08-05T00:01:00Z
current_growth_026_plan_completed,current_growth_026,plan_completed,2026-09-02T00:00:00Z,2026-09-02T00:01:00Z
current_established_012_campaign_launched,current_established_012,campaign_launched,2026-09-09T00:00:00Z,2026-09-09T00:01:00Z
current_growth_019_campaign_launched,current_growth_019,campaign_launched,2026-09-07T00:00:00Z,2026-09-07T00:01:00Z
current_established_007_plan_started,current_established_007,plan_started,2026-09-06T00:00:00Z,2026-09-06T00:01:00Z
current_established_067_campaign_launched,current_established_067,campaign_launched,2026-09-05T00:00:00Z,2026-09-05T00:01:00Z
baseline_growth_061_plan_completed,baseline_growth_061,plan_completed,2026-08-02T00:00:00Z,2026-08-02T00:01:00Z
current_established_059_plan_started,current_established_059,plan_started,2026-09-07T00:00:00Z,2026-09-07T00:01:00Z
current_growth_069_plan_started,current_growth_069,plan_started,2026-09-02T00:00:00Z,2026-09-02T00:01:00Z
baseline_established_085_plan_started,baseline_established_085,plan_started,2026-08-06T00:00:00Z,2026-08-06T00:01:00Z
baseline_established_001_plan_started,baseline_established_001,plan_started,2026-08-03T00:00:00Z,2026-08-03T00:01:00Z
baseline_established_067_plan_completed,baseline_established_067,plan_completed,2026-08-08T00:00:00Z,2026-08-08T00:01:00Z
current_growth_005_plan_completed,current_growth_005,plan_completed,2026-09-03T00:00:00Z,2026-09-03T00:01:00Z
baseline_emerging_013_plan_completed,baseline_emerging_013,plan_completed,2026-08-02T00:00:00Z,2026-08-02T00:01:00Z
current_emerging_008_campaign_launched,current_emerging_008,campaign_launched,2026-09-07T00:00:00Z,2026-09-07T00:01:00Z
current_emerging_038_plan_started,current_emerging_038,plan_started,2026-09-08T00:00:00Z,2026-09-08T00:01:00Z
baseline_established_076_plan_completed,baseline_established_076,plan_completed,2026-08-08T00:00:00Z,2026-08-08T00:01:00Z
current_established_055_plan_completed,current_established_055,plan_completed,2026-09-11T00:00:00Z,2026-09-11T00:01:00Z
current_established_043_campaign_launched,current_established_043,campaign_launched,2026-09-10T00:00:00Z,2026-09-10T00:01:00Z
current_established_053_plan_started,current_established_053,plan_started,2026-09-02T00:00:00Z,2026-09-02T00:01:00Z
baseline_emerging_098_plan_started,baseline_emerging_098,plan_started,2026-08-04T00:00:00Z,2026-08-04T00:01:00Z
baseline_emerging_039_plan_started,baseline_emerging_039,plan_started,2026-08-05T00:00:00Z,2026-08-05T00:01:00Z
current_emerging_059_plan_started,current_emerging_059,plan_started,2026-09-01T00:00:00Z,2026-09-01T00:01:00Z
baseline_established_018_plan_started,baseline_established_018,plan_started,2026-08-10T00:00:00Z,2026-08-10T00:01:00Z
baseline_emerging_041_plan_completed,baseline_emerging_041,plan_completed,2026-08-06T00:00:00Z,2026-08-06T00:01:00Z
baseline_emerging_023_plan_completed,baseline_emerging_023,plan_completed,2026-08-04T00:00:00Z,2026-08-04T00:01:00Z
baseline_emerging_030_plan_completed,baseline_emerging_030,plan_completed,2026-08-09T00:00:00Z,2026-08-09T00:01:00Z
baseline_emerging_075_plan_started,baseline_emerging_075,plan_started,2026-08-04T00:00:00Z,2026-08-04T00:01:00Z
baseline_emerging_034_plan_completed,baseline_emerging_034,plan_completed,2026-08-04T00:00:00Z,2026-08-04T00:01:00Z
current_growth_046_campaign_launched,current_growth_046,campaign_launched,2026-09-09T00:00:00Z,2026-09-09T00:01:00Z
baseline_emerging_011_plan_started,baseline_emerging_011,plan_started,2026-08-01T00:00:00Z,2026-08-01T00:01:00Z
current_growth_007_campaign_launched,current_growth_007,campaign_launched,2026-09-11T00:00:00Z,2026-09-11T00:01:00Z
baseline_established_072_plan_started,baseline_established_072,plan_started,2026-08-06T00:00:00Z,2026-08-06T00:01:00Z
baseline_growth_000_plan_started,baseline_growth_000,plan_started,2026-08-02T00:00:00Z,2026-08-02T00:01:00Z
baseline_emerging_002_campaign_launched,baseline_emerging_002,campaign_launched,2026-08-04T00:00:00Z,2026-08-04T00:01:00Z
current_emerging_011_campaign_launched,current_emerging_011,campaign_launched,2026-09-12T00:00:00Z,2026-09-12T00:01:00Z
current_established_024_campaign_launched,current_established_024,campaign_launched,2026-09-08T00:00:00Z,2026-09-08T00:01:00Z
baseline_established_049_plan_completed,baseline_established_049,plan_completed,2026-08-04T00:00:00Z,2026-08-04T00:01:00Z
baseline_emerging_081_plan_started,baseline_emerging_081,plan_started,2026-08-06T00:00:00Z,2026-08-06T00:01:00Z
current_established_046_campaign_launched,current_established_046,campaign_launched,2026-09-05T00:00:00Z,2026-09-05T00:01:00Z
baseline_established_093_plan_started,baseline_established_093,plan_started,2026-08-08T00:00:00Z,2026-08-08T00:01:00Z
baseline_established_068_campaign_launched,baseline_established_068,campaign_launched,2026-08-10T00:00:00Z,2026-08-10T00:01:00Z
baseline_emerging_036_plan_completed,baseline_emerging_036,plan_completed,2026-08-02T00:00:00Z,2026-08-02T00:01:00Z
current_emerging_016_plan_completed,current_emerging_016,plan_completed,2026-09-09T00:00:00Z,2026-09-09T00:01:00Z
current_emerging_009_campaign_launched,current_emerging_009,campaign_launched,2026-09-07T00:00:00Z,2026-09-07T00:01:00Z
baseline_established_032_plan_started,baseline_established_032,plan_started,2026-08-09T00:00:00Z,2026-08-09T00:01:00Z
current_established_016_plan_completed,current_established_016,plan_completed,2026-09-02T00:00:00Z,2026-09-02T00:01:00Z
current_growth_086_plan_started,current_growth_086,plan_started,2026-09-08T00:00:00Z,2026-09-08T00:01:00Z
current_emerging_001_plan_started,current_emerging_001,plan_started,2026-09-04T00:00:00Z,2026-09-04T00:01:00Z
baseline_emerging_046_plan_completed,baseline_emerging_046,plan_completed,2026-08-06T00:00:00Z,2026-08-06T00:01:00Z
baseline_established_053_campaign_launched,baseline_established_053,campaign_launched,2026-08-13T00:00:00Z,2026-08-13T00:01:00Z
baseline_growth_026_plan_completed,baseline_growth_026,plan_completed,2026-08-07T00:00:00Z,2026-08-07T00:01:00Z
baseline_established_030_plan_started,baseline_established_030,plan_started,2026-08-09T00:00:00Z,2026-08-09T00:01:00Z
baseline_established_069_campaign_launched,baseline_established_069,campaign_launched,2026-08-06T00:00:00Z,2026-08-06T00:01:00Z
baseline_established_004_campaign_launched,baseline_established_004,campaign_launched,2026-08-10T00:00:00Z,2026-08-10T00:01:00Z
current_emerging_090_plan_started,current_emerging_090,plan_started,2026-09-04T00:00:00Z,2026-09-04T00:01:00Z
baseline_established_015_plan_started,baseline_established_015,plan_started,2026-08-08T00:00:00Z,2026-08-08T00:01:00Z
baseline_established_045_plan_started,baseline_established_045,plan_started,2026-08-06T00:00:00Z,2026-08-06T00:01:00Z
current_established_047_plan_started,current_established_047,plan_started,2026-09-06T00:00:00Z,2026-09-06T00:01:00Z
baseline_emerging_025_plan_started,baseline_emerging_025,plan_started,2026-08-10T00:00:00Z,2026-08-10T00:01:00Z
baseline_established_015_plan_completed,baseline_established_015,plan_completed,2026-08-09T00:00:00Z,2026-08-09T00:01:00Z
baseline_growth_007_plan_completed,baseline_growth_007,plan_completed,2026-08-07T00:00:00Z,2026-08-07T00:01:00Z
current_established_060_plan_started,current_established_060,plan_started,2026-09-09T00:00:00Z,2026-09-09T00:01:00Z
current_growth_009_plan_started,current_growth_009,plan_started,2026-09-08T00:00:00Z,2026-09-08T00:01:00Z
current_emerging_097_plan_started,current_emerging_097,plan_started,2026-09-02T00:00:00Z,2026-09-02T00:01:00Z
current_growth_055_plan_started,current_growth_055,plan_started,2026-09-10T00:00:00Z,2026-09-10T00:01:00Z
current_established_066_plan_completed,current_established_066,plan_completed,2026-09-11T00:00:00Z,2026-09-11T00:01:00Z
baseline_established_035_plan_started,baseline_established_035,plan_started,2026-08-09T00:00:00Z,2026-08-09T00:01:00Z
baseline_growth_034_plan_started,baseline_growth_034,plan_started,2026-08-10T00:00:00Z,2026-08-10T00:01:00Z
current_established_062_plan_completed,current_established_062,plan_completed,2026-09-04T00:00:00Z,2026-09-04T00:01:00Z
current_established_056_plan_started,current_established_056,plan_started,2026-09-01T00:00:00Z,2026-09-01T00:01:00Z
baseline_established_063_plan_completed,baseline_established_063,plan_completed,2026-08-02T00:00:00Z,2026-08-02T00:01:00Z
baseline_established_002_plan_started,baseline_established_002,plan_started,2026-08-01T00:00:00Z,2026-08-01T00:01:00Z
baseline_established_045_campaign_launched,baseline_established_045,campaign_launched,2026-08-09T00:00:00Z,2026-08-09T00:01:00Z
baseline_growth_006_campaign_launched,baseline_growth_006,campaign_launched,2026-08-07T00:00:00Z,2026-08-07T00:01:00Z
current_established_015_plan_started,current_established_015,plan_started,2026-09-10T00:00:00Z,2026-09-10T00:01:00Z
current_growth_010_plan_completed,current_growth_010,plan_completed,2026-09-05T00:00:00Z,2026-09-05T00:01:00Z
current_established_088_plan_started,current_established_088,plan_started,2026-09-03T00:00:00Z,2026-09-03T00:01:00Z
baseline_growth_093_plan_started,baseline_growth_093,plan_started,2026-08-10T00:00:00Z,2026-08-10T00:01:00Z
baseline_established_069_plan_started,baseline_established_069,plan_started,2026-08-03T00:00:00Z,2026-08-03T00:01:00Z
baseline_established_029_plan_completed,baseline_established_029,plan_completed,2026-08-08T00:00:00Z,2026-08-08T00:01:00Z
current_emerging_027_plan_completed,current_emerging_027,plan_completed,2026-09-09T00:00:00Z,2026-09-09T00:01:00Z
current_established_028_campaign_launched,current_established_028,campaign_launched,2026-09-07T00:00:00Z,2026-09-07T00:01:00Z
current_emerging_071_plan_started,current_emerging_071,plan_started,2026-09-01T00:00:00Z,2026-09-01T00:01:00Z
baseline_established_073_plan_started,baseline_established_073,plan_started,2026-08-10T00:00:00Z,2026-08-10T00:01:00Z
current_growth_013_plan_completed,current_growth_013,plan_completed,2026-09-10T00:00:00Z,2026-09-10T00:01:00Z
current_established_050_campaign_launched,current_established_050,campaign_launched,2026-09-12T00:00:00Z,2026-09-12T00:01:00Z
baseline_established_002_plan_completed,baseline_established_002,plan_completed,2026-08-02T00:00:00Z,2026-08-02T00:01:00Z
baseline_growth_027_plan_started,baseline_growth_027,plan_started,2026-08-10T00:00:00Z,2026-08-10T00:01:00Z
current_emerging_004_plan_started,current_emerging_004,plan_started,2026-09-02T00:00:00Z,2026-09-02T00:01:00Z
baseline_emerging_048_plan_started,baseline_emerging_048,plan_started,2026-08-03T00:00:00Z,2026-08-03T00:01:00Z
current_established_004_plan_completed,current_established_004,plan_completed,2026-09-09T00:00:00Z,2026-09-09T00:01:00Z
baseline_growth_014_campaign_launched,baseline_growth_014,campaign_launched,2026-08-08T00:00:00Z,2026-08-08T00:01:00Z
current_growth_048_campaign_launched,current_growth_048,campaign_launched,2026-09-04T00:00:00Z,2026-09-04T00:01:00Z
baseline_established_037_plan_completed,baseline_established_037,plan_completed,2026-08-07T00:00:00Z,2026-08-07T00:01:00Z
baseline_emerging_040_plan_completed,baseline_emerging_040,plan_completed,2026-08-06T00:00:00Z,2026-08-06T00:01:00Z
current_emerging_011_plan_started,current_emerging_011,plan_started,2026-09-09T00:00:00Z,2026-09-09T00:01:00Z
current_emerging_022_plan_started,current_emerging_022,plan_started,2026-09-02T00:00:00Z,2026-09-02T00:01:00Z
baseline_emerging_097_plan_started,baseline_emerging_097,plan_started,2026-08-01T00:00:00Z,2026-08-01T00:01:00Z
baseline_emerging_033_plan_started,baseline_emerging_033,plan_started,2026-08-05T00:00:00Z,2026-08-05T00:01:00Z
current_growth_004_plan_started,current_growth_004,plan_started,2026-09-01T00:00:00Z,2026-09-01T00:01:00Z
current_established_003_campaign_launched,current_established_003,campaign_launched,2026-09-12T00:00:00Z,2026-09-12T00:01:00Z
baseline_established_000_plan_started,baseline_established_000,plan_started,2026-08-10T00:00:00Z,2026-08-10T00:01:00Z
baseline_established_033_campaign_launched,baseline_established_033,campaign_launched,2026-08-05T00:00:00Z,2026-08-05T00:01:00Z
baseline_growth_061_plan_started,baseline_growth_061,plan_started,2026-08-01T00:00:00Z,2026-08-01T00:01:00Z
current_growth_044_campaign_launched,current_growth_044,campaign_launched,2026-09-07T00:00:00Z,2026-09-07T00:01:00Z
baseline_established_043_campaign_launched,baseline_established_043,campaign_launched,2026-08-09T00:00:00Z,2026-08-09T00:01:00Z
current_growth_067_plan_completed,current_growth_067,plan_completed,2026-09-10T00:00:00Z,2026-09-10T00:01:00Z
baseline_established_071_plan_completed,baseline_established_071,plan_completed,2026-08-03T00:00:00Z,2026-08-03T00:01:00Z
baseline_established_071_plan_started,baseline_established_071,plan_started,2026-08-02T00:00:00Z,2026-08-02T00:01:00Z
current_established_057_plan_started,current_established_057,plan_started,2026-09-01T00:00:00Z,2026-09-01T00:01:00Z
baseline_growth_022_plan_started,baseline_growth_022,plan_started,2026-08-06T00:00:00Z,2026-08-06T00:01:00Z
baseline_established_055_campaign_launched,baseline_established_055,campaign_launched,2026-08-05T00:00:00Z,2026-08-05T00:01:00Z
current_emerging_004_plan_completed,current_emerging_004,plan_completed,2026-09-03T00:00:00Z,2026-09-03T00:01:00Z
baseline_emerging_061_plan_started,baseline_emerging_061,plan_started,2026-08-06T00:00:00Z,2026-08-06T00:01:00Z
current_established_025_plan_started,current_established_025,plan_started,2026-09-05T00:00:00Z,2026-09-05T00:01:00Z
baseline_emerging_015_campaign_launched,baseline_emerging_015,campaign_launched,2026-08-07T00:00:00Z,2026-08-07T00:01:00Z
current_emerging_036_plan_started,current_emerging_036,plan_started,2026-09-08T00:00:00Z,2026-09-08T00:01:00Z
baseline_growth_030_plan_started,baseline_growth_030,plan_started,2026-08-04T00:00:00Z,2026-08-04T00:01:00Z
baseline_emerging_064_plan_started,baseline_emerging_064,plan_started,2026-08-10T00:00:00Z,2026-08-10T00:01:00Z
baseline_emerging_054_plan_started,baseline_emerging_054,plan_started,2026-08-05T00:00:00Z,2026-08-05T00:01:00Z
current_emerging_020_plan_started,current_emerging_020,plan_started,2026-09-09T00:00:00Z,2026-09-09T00:01:00Z
current_established_060_plan_completed,current_established_060,plan_completed,2026-09-10T00:00:00Z,2026-09-10T00:01:00Z
baseline_growth_029_plan_started,baseline_growth_029,plan_started,2026-08-07T00:00:00Z,2026-08-07T00:01:00Z
baseline_established_016_plan_completed,baseline_established_016,plan_completed,2026-08-07T00:00:00Z,2026-08-07T00:01:00Z
baseline_established_026_plan_completed,baseline_established_026,plan_completed,2026-08-04T00:00:00Z,2026-08-04T00:01:00Z
current_emerging_024_plan_completed,current_emerging_024,plan_completed,2026-09-03T00:00:00Z,2026-09-03T00:01:00Z
current_established_006_plan_started,current_established_006,plan_started,2026-09-07T00:00:00Z,2026-09-07T00:01:00Z
baseline_growth_021_plan_completed,baseline_growth_021,plan_completed,2026-08-02T00:00:00Z,2026-08-02T00:01:00Z
baseline_established_046_campaign_launched,baseline_established_046,campaign_launched,2026-08-13T00:00:00Z,2026-08-13T00:01:00Z
current_established_057_campaign_launched,current_established_057,campaign_launched,2026-09-04T00:00:00Z,2026-09-04T00:01:00Z
current_emerging_043_plan_started,current_emerging_043,plan_started,2026-09-08T00:00:00Z,2026-09-08T00:01:00Z
baseline_emerging_035_plan_completed,baseline_emerging_035,plan_completed,2026-08-03T00:00:00Z,2026-08-03T00:01:00Z
current_growth_042_plan_started,current_growth_042,plan_started,2026-09-01T00:00:00Z,2026-09-01T00:01:00Z
current_established_032_plan_completed,current_established_032,plan_completed,2026-09-03T00:00:00Z,2026-09-03T00:01:00Z
baseline_established_032_campaign_launched,baseline_established_032,campaign_launched,2026-08-12T00:00:00Z,2026-08-12T00:01:00Z
baseline_growth_020_campaign_launched,baseline_growth_020,campaign_launched,2026-08-04T00:00:00Z,2026-08-04T00:01:00Z
current_established_000_campaign_launched,current_established_000,campaign_launched,2026-09-12T00:00:00Z,2026-09-12T00:01:00Z
current_growth_087_plan_started,current_growth_087,plan_started,2026-09-10T00:00:00Z,2026-09-10T00:01:00Z
current_growth_012_campaign_launched,current_growth_012,campaign_launched,2026-09-05T00:00:00Z,2026-09-05T00:01:00Z
current_established_021_campaign_launched,current_established_021,campaign_launched,2026-09-10T00:00:00Z,2026-09-10T00:01:00Z
baseline_established_081_plan_completed,baseline_established_081,plan_completed,2026-08-09T00:00:00Z,2026-08-09T00:01:00Z
baseline_growth_000_plan_completed,baseline_growth_000,plan_completed,2026-08-03T00:00:00Z,2026-08-03T00:01:00Z
baseline_growth_074_plan_started,baseline_growth_074,plan_started,2026-08-09T00:00:00Z,2026-08-09T00:01:00Z
current_emerging_043_plan_completed,current_emerging_043,plan_completed,2026-09-09T00:00:00Z,2026-09-09T00:01:00Z
current_growth_066_plan_started,current_growth_066,plan_started,2026-09-09T00:00:00Z,2026-09-09T00:01:00Z
current_emerging_009_plan_started,current_emerging_009,plan_started,2026-09-04T00:00:00Z,2026-09-04T00:01:00Z
current_emerging_068_plan_started,current_emerging_068,plan_started,2026-09-07T00:00:00Z,2026-09-07T00:01:00Z
baseline_emerging_092_plan_started,baseline_emerging_092,plan_started,2026-08-08T00:00:00Z,2026-08-08T00:01:00Z
current_growth_018_plan_started,current_growth_018,plan_started,2026-09-10T00:00:00Z,2026-09-10T00:01:00Z
current_emerging_028_campaign_launched,current_emerging_028,campaign_launched,2026-09-10T00:00:00Z,2026-09-10T00:01:00Z
current_established_079_plan_started,current_established_079,plan_started,2026-09-10T00:00:00Z,2026-09-10T00:01:00Z
baseline_growth_006_plan_completed,baseline_growth_006,plan_completed,2026-08-05T00:00:00Z,2026-08-05T00:01:00Z
baseline_established_064_campaign_launched,baseline_established_064,campaign_launched,2026-08-10T00:00:00Z,2026-08-10T00:01:00Z
baseline_growth_047_plan_started,baseline_growth_047,plan_started,2026-08-06T00:00:00Z,2026-08-06T00:01:00Z
current_established_040_plan_completed,current_established_040,plan_completed,2026-09-08T00:00:00Z,2026-09-08T00:01:00Z
baseline_established_046_plan_completed,baseline_established_046,plan_completed,2026-08-11T00:00:00Z,2026-08-11T00:01:00Z
baseline_emerging_010_campaign_launched,baseline_emerging_010,campaign_launched,2026-08-13T00:00:00Z,2026-08-13T00:01:00Z
baseline_emerging_000_campaign_launched,baseline_emerging_000,campaign_launched,2026-08-04T00:00:00Z,2026-08-04T00:01:00Z
baseline_emerging_076_plan_started,baseline_emerging_076,plan_started,2026-08-03T00:00:00Z,2026-08-03T00:01:00Z
current_emerging_008_plan_started,current_emerging_008,plan_started,2026-09-04T00:00:00Z,2026-09-04T00:01:00Z
current_growth_025_campaign_launched,current_growth_025,campaign_launched,2026-09-07T00:00:00Z,2026-09-07T00:01:00Z
baseline_growth_007_campaign_launched,baseline_growth_007,campaign_launched,2026-08-09T00:00:00Z,2026-08-09T00:01:00Z
baseline_established_075_plan_started,baseline_established_075,plan_started,2026-08-03T00:00:00Z,2026-08-03T00:01:00Z
baseline_growth_011_plan_started,baseline_growth_011,plan_started,2026-08-05T00:00:00Z,2026-08-05T00:01:00Z
baseline_emerging_083_plan_started,baseline_emerging_083,plan_started,2026-08-01T00:00:00Z,2026-08-01T00:01:00Z
current_emerging_017_plan_completed,current_emerging_017,plan_completed,2026-09-06T00:00:00Z,2026-09-06T00:01:00Z
baseline_growth_015_plan_started,baseline_growth_015,plan_started,2026-08-05T00:00:00Z,2026-08-05T00:01:00Z
baseline_established_050_plan_started,baseline_established_050,plan_started,2026-08-04T00:00:00Z,2026-08-04T00:01:00Z
baseline_established_032_plan_completed,baseline_established_032,plan_completed,2026-08-10T00:00:00Z,2026-08-10T00:01:00Z
baseline_established_080_plan_started,baseline_established_080,plan_started,2026-08-02T00:00:00Z,2026-08-02T00:01:00Z
baseline_established_056_plan_completed,baseline_established_056,plan_completed,2026-08-09T00:00:00Z,2026-08-09T00:01:00Z
current_emerging_010_plan_started,current_emerging_010,plan_started,2026-09-02T00:00:00Z,2026-09-02T00:01:00Z
baseline_emerging_028_plan_started,baseline_emerging_028,plan_started,2026-08-10T00:00:00Z,2026-08-10T00:01:00Z
current_growth_049_campaign_launched,current_growth_049,campaign_launched,2026-09-08T00:00:00Z,2026-09-08T00:01:00Z
baseline_growth_001_plan_started,baseline_growth_001,plan_started,2026-08-08T00:00:00Z,2026-08-08T00:01:00Z
baseline_established_068_plan_completed,baseline_established_068,plan_completed,2026-08-08T00:00:00Z,2026-08-08T00:01:00Z
baseline_emerging_090_plan_started,baseline_emerging_090,plan_started,2026-08-01T00:00:00Z,2026-08-01T00:01:00Z
current_established_075_plan_completed,current_established_075,plan_completed,2026-09-11T00:00:00Z,2026-09-11T00:01:00Z
current_established_003_plan_started,current_established_003,plan_started,2026-09-09T00:00:00Z,2026-09-09T00:01:00Z
current_established_041_campaign_launched,current_established_041,campaign_launched,2026-09-09T00:00:00Z,2026-09-09T00:01:00Z
baseline_growth_014_plan_started,baseline_growth_014,plan_started,2026-08-05T00:00:00Z,2026-08-05T00:01:00Z
current_emerging_096_plan_started,current_emerging_096,plan_started,2026-09-08T00:00:00Z,2026-09-08T00:01:00Z
baseline_established_050_plan_completed,baseline_established_050,plan_completed,2026-08-05T00:00:00Z,2026-08-05T00:01:00Z
current_growth_027_campaign_launched,current_growth_027,campaign_launched,2026-09-09T00:00:00Z,2026-09-09T00:01:00Z
baseline_established_065_plan_started,baseline_established_065,plan_started,2026-08-07T00:00:00Z,2026-08-07T00:01:00Z
current_established_068_plan_started,current_established_068,plan_started,2026-09-03T00:00:00Z,2026-09-03T00:01:00Z
current_established_094_plan_started,current_established_094,plan_started,2026-09-04T00:00:00Z,2026-09-04T00:01:00Z
baseline_emerging_005_plan_started,baseline_emerging_005,plan_started,2026-08-10T00:00:00Z,2026-08-10T00:01:00Z
current_emerging_000_plan_started,current_emerging_000,plan_started,2026-09-02T00:00:00Z,2026-09-02T00:01:00Z
current_established_067_plan_completed,current_established_067,plan_completed,2026-09-03T00:00:00Z,2026-09-03T00:01:00Z
baseline_growth_045_plan_started,baseline_growth_045,plan_started,2026-08-02T00:00:00Z,2026-08-02T00:01:00Z
baseline_growth_026_plan_started,baseline_growth_026,plan_started,2026-08-06T00:00:00Z,2026-08-06T00:01:00Z
current_emerging_024_plan_started,current_emerging_024,plan_started,2026-09-02T00:00:00Z,2026-09-02T00:01:00Z
current_established_093_plan_started,current_established_093,plan_started,2026-09-08T00:00:00Z,2026-09-08T00:01:00Z
current_established_058_plan_started,current_established_058,plan_started,2026-09-01T00:00:00Z,2026-09-01T00:01:00Z
current_growth_089_plan_started,current_growth_089,plan_started,2026-09-04T00:00:00Z,2026-09-04T00:01:00Z
current_growth_047_campaign_launched,current_growth_047,campaign_launched,2026-09-10T00:00:00Z,2026-09-10T00:01:00Z
current_growth_045_campaign_launched,current_growth_045,campaign_launched,2026-09-13T00:00:00Z,2026-09-13T00:01:00Z
current_growth_001_plan_started,current_growth_001,plan_started,2026-09-03T00:00:00Z,2026-09-03T00:01:00Z
baseline_growth_007_plan_started,baseline_growth_007,plan_started,2026-08-06T00:00:00Z,2026-08-06T00:01:00Z
baseline_emerging_079_plan_started,baseline_emerging_079,plan_started,2026-08-04T00:00:00Z,2026-08-04T00:01:00Z
baseline_growth_081_plan_started,baseline_growth_081,plan_started,2026-08-10T00:00:00Z,2026-08-10T00:01:00Z
current_growth_038_plan_completed,current_growth_038,plan_completed,2026-09-10T00:00:00Z,2026-09-10T00:01:00Z
baseline_emerging_058_plan_started,baseline_emerging_058,plan_started,2026-08-09T00:00:00Z,2026-08-09T00:01:00Z
current_emerging_047_plan_started,current_emerging_047,plan_started,2026-09-04T00:00:00Z,2026-09-04T00:01:00Z
baseline_established_013_plan_completed,baseline_established_013,plan_completed,2026-08-03T00:00:00Z,2026-08-03T00:01:00Z
baseline_established_065_campaign_launched,baseline_established_065,campaign_launched,2026-08-10T00:00:00Z,2026-08-10T00:01:00Z
baseline_established_040_campaign_launched,baseline_established_040,campaign_launched,2026-08-04T00:00:00Z,2026-08-04T00:01:00Z
baseline_growth_010_plan_started,baseline_growth_010,plan_started,2026-08-02T00:00:00Z,2026-08-02T00:01:00Z
baseline_emerging_035_plan_started,baseline_emerging_035,plan_started,2026-08-02T00:00:00Z,2026-08-02T00:01:00Z
baseline_growth_094_plan_started,baseline_growth_094,plan_started,2026-08-07T00:00:00Z,2026-08-07T00:01:00Z
baseline_emerging_017_plan_completed,baseline_emerging_017,plan_completed,2026-08-09T00:00:00Z,2026-08-09T00:01:00Z
baseline_emerging_078_plan_started,baseline_emerging_078,plan_started,2026-08-07T00:00:00Z,2026-08-07T00:01:00Z
baseline_established_019_plan_started,baseline_established_019,plan_started,2026-08-02T00:00:00Z,2026-08-02T00:01:00Z
current_growth_063_plan_started,current_growth_063,plan_started,2026-09-06T00:00:00Z,2026-09-06T00:01:00Z
current_growth_050_plan_completed,current_growth_050,plan_completed,2026-09-05T00:00:00Z,2026-09-05T00:01:00Z
baseline_established_020_plan_completed,baseline_established_020,plan_completed,2026-08-02T00:00:00Z,2026-08-02T00:01:00Z
current_established_064_plan_started,current_established_064,plan_started,2026-09-03T00:00:00Z,2026-09-03T00:01:00Z
baseline_established_060_campaign_launched,baseline_established_060,campaign_launched,2026-08-10T00:00:00Z,2026-08-10T00:01:00Z
baseline_growth_073_plan_started,baseline_growth_073,plan_started,2026-08-08T00:00:00Z,2026-08-08T00:01:00Z
current_established_051_plan_started,current_established_051,plan_started,2026-09-09T00:00:00Z,2026-09-09T00:01:00Z
current_growth_012_plan_started,current_growth_012,plan_started,2026-09-02T00:00:00Z,2026-09-02T00:01:00Z
current_established_008_campaign_launched,current_established_008,campaign_launched,2026-09-12T00:00:00Z,2026-09-12T00:01:00Z
baseline_emerging_014_campaign_launched,baseline_emerging_014,campaign_launched,2026-08-09T00:00:00Z,2026-08-09T00:01:00Z
current_emerging_005_plan_started,current_emerging_005,plan_started,2026-09-02T00:00:00Z,2026-09-02T00:01:00Z
current_growth_037_plan_started,current_growth_037,plan_started,2026-09-09T00:00:00Z,2026-09-09T00:01:00Z
current_growth_047_plan_started,current_growth_047,plan_started,2026-09-07T00:00:00Z,2026-09-07T00:01:00Z
current_growth_078_plan_started,current_growth_078,plan_started,2026-09-08T00:00:00Z,2026-09-08T00:01:00Z
current_growth_059_plan_started,current_growth_059,plan_started,2026-09-08T00:00:00Z,2026-09-08T00:01:00Z
baseline_established_086_plan_completed,baseline_established_086,plan_completed,2026-08-10T00:00:00Z,2026-08-10T00:01:00Z
baseline_emerging_003_plan_started,baseline_emerging_003,plan_started,2026-08-04T00:00:00Z,2026-08-04T00:01:00Z
baseline_emerging_047_plan_completed,baseline_emerging_047,plan_completed,2026-08-05T00:00:00Z,2026-08-05T00:01:00Z
baseline_established_062_plan_started,baseline_established_062,plan_started,2026-08-02T00:00:00Z,2026-08-02T00:01:00Z
baseline_emerging_010_plan_completed,baseline_emerging_010,plan_completed,2026-08-11T00:00:00Z,2026-08-11T00:01:00Z
baseline_established_023_campaign_launched,baseline_established_023,campaign_launched,2026-08-05T00:00:00Z,2026-08-05T00:01:00Z
baseline_growth_043_plan_started,baseline_growth_043,plan_started,2026-08-05T00:00:00Z,2026-08-05T00:01:00Z
baseline_established_082_plan_started,baseline_established_082,plan_started,2026-08-07T00:00:00Z,2026-08-07T00:01:00Z
baseline_growth_035_campaign_launched,baseline_growth_035,campaign_launched,2026-08-04T00:00:00Z,2026-08-04T00:01:00Z
current_growth_096_plan_started,current_growth_096,plan_started,2026-09-05T00:00:00Z,2026-09-05T00:01:00Z
baseline_established_024_plan_completed,baseline_established_024,plan_completed,2026-08-09T00:00:00Z,2026-08-09T00:01:00Z
baseline_growth_018_plan_completed,baseline_growth_018,plan_completed,2026-08-03T00:00:00Z,2026-08-03T00:01:00Z
current_established_071_plan_completed,current_established_071,plan_completed,2026-09-06T00:00:00Z,2026-09-06T00:01:00Z
baseline_established_067_campaign_launched,baseline_established_067,campaign_launched,2026-08-10T00:00:00Z,2026-08-10T00:01:00Z
baseline_established_029_plan_started,baseline_established_029,plan_started,2026-08-07T00:00:00Z,2026-08-07T00:01:00Z
baseline_growth_004_campaign_launched,baseline_growth_004,campaign_launched,2026-08-09T00:00:00Z,2026-08-09T00:01:00Z
current_growth_026_campaign_launched,current_growth_026,campaign_launched,2026-09-04T00:00:00Z,2026-09-04T00:01:00Z
baseline_established_065_plan_completed,baseline_established_065,plan_completed,2026-08-08T00:00:00Z,2026-08-08T00:01:00Z
current_emerging_001_plan_completed,current_emerging_001,plan_completed,2026-09-05T00:00:00Z,2026-09-05T00:01:00Z
baseline_emerging_096_plan_started,baseline_emerging_096,plan_started,2026-08-09T00:00:00Z,2026-08-09T00:01:00Z
baseline_growth_020_plan_completed,baseline_growth_020,plan_completed,2026-08-02T00:00:00Z,2026-08-02T00:01:00Z
baseline_growth_019_campaign_launched,baseline_growth_019,campaign_launched,2026-08-08T00:00:00Z,2026-08-08T00:01:00Z
baseline_emerging_019_campaign_launched,baseline_emerging_019,campaign_launched,2026-08-09T00:00:00Z,2026-08-09T00:01:00Z
current_established_047_campaign_launched,current_established_047,campaign_launched,2026-09-09T00:00:00Z,2026-09-09T00:01:00Z
current_established_086_plan_started,current_established_086,plan_started,2026-09-01T00:00:00Z,2026-09-01T00:01:00Z
baseline_established_061_plan_started,baseline_established_061,plan_started,2026-08-07T00:00:00Z,2026-08-07T00:01:00Z
baseline_established_036_campaign_launched,baseline_established_036,campaign_launched,2026-08-06T00:00:00Z,2026-08-06T00:01:00Z
current_established_006_campaign_launched,current_established_006,campaign_launched,2026-09-10T00:00:00Z,2026-09-10T00:01:00Z
current_established_013_plan_started,current_established_013,plan_started,2026-09-01T00:00:00Z,2026-09-01T00:01:00Z
baseline_established_038_plan_started,baseline_established_038,plan_started,2026-08-08T00:00:00Z,2026-08-08T00:01:00Z
current_emerging_003_plan_started,current_emerging_003,plan_started,2026-09-04T00:00:00Z,2026-09-04T00:01:00Z
baseline_established_011_plan_started,baseline_established_011,plan_started,2026-08-05T00:00:00Z,2026-08-05T00:01:00Z
current_growth_006_plan_completed,current_growth_006,plan_completed,2026-09-02T00:00:00Z,2026-09-02T00:01:00Z
baseline_established_030_plan_completed,baseline_established_030,plan_completed,2026-08-10T00:00:00Z,2026-08-10T00:01:00Z
baseline_emerging_038_plan_started,baseline_emerging_038,plan_started,2026-08-08T00:00:00Z,2026-08-08T00:01:00Z
baseline_growth_097_plan_started,baseline_growth_097,plan_started,2026-08-06T00:00:00Z,2026-08-06T00:01:00Z
current_established_003_plan_completed,current_established_003,plan_completed,2026-09-10T00:00:00Z,2026-09-10T00:01:00Z
baseline_growth_067_plan_started,baseline_growth_067,plan_started,2026-08-06T00:00:00Z,2026-08-06T00:01:00Z
baseline_growth_086_plan_started,baseline_growth_086,plan_started,2026-08-10T00:00:00Z,2026-08-10T00:01:00Z
baseline_emerging_036_plan_started,baseline_emerging_036,plan_started,2026-08-01T00:00:00Z,2026-08-01T00:01:00Z
baseline_emerging_001_campaign_launched,baseline_emerging_001,campaign_launched,2026-08-10T00:00:00Z,2026-08-10T00:01:00Z
baseline_emerging_050_plan_started,baseline_emerging_050,plan_started,2026-08-04T00:00:00Z,2026-08-04T00:01:00Z
current_emerging_091_plan_started,current_emerging_091,plan_started,2026-09-01T00:00:00Z,2026-09-01T00:01:00Z
baseline_established_099_plan_started,baseline_established_099,plan_started,2026-08-10T00:00:00Z,2026-08-10T00:01:00Z
current_established_039_plan_started,current_established_039,plan_started,2026-09-09T00:00:00Z,2026-09-09T00:01:00Z
baseline_established_056_plan_started,baseline_established_056,plan_started,2026-08-08T00:00:00Z,2026-08-08T00:01:00Z
current_emerging_034_plan_completed,current_emerging_034,plan_completed,2026-09-05T00:00:00Z,2026-09-05T00:01:00Z
baseline_established_028_plan_completed,baseline_established_028,plan_completed,2026-08-03T00:00:00Z,2026-08-03T00:01:00Z
baseline_established_079_plan_completed,baseline_established_079,plan_completed,2026-08-03T00:00:00Z,2026-08-03T00:01:00Z
baseline_established_022_campaign_launched,baseline_established_022,campaign_launched,2026-08-11T00:00:00Z,2026-08-11T00:01:00Z
current_emerging_052_plan_started,current_emerging_052,plan_started,2026-09-02T00:00:00Z,2026-09-02T00:01:00Z
current_established_031_campaign_launched,current_established_031,campaign_launched,2026-09-08T00:00:00Z,2026-09-08T00:01:00Z
baseline_established_040_plan_started,baseline_established_040,plan_started,2026-08-01T00:00:00Z,2026-08-01T00:01:00Z
baseline_growth_037_campaign_launched,baseline_growth_037,campaign_launched,2026-08-12T00:00:00Z,2026-08-12T00:01:00Z
current_growth_005_plan_started,current_growth_005,plan_started,2026-09-02T00:00:00Z,2026-09-02T00:01:00Z
current_emerging_083_plan_started,current_emerging_083,plan_started,2026-09-06T00:00:00Z,2026-09-06T00:01:00Z
baseline_established_047_campaign_launched,baseline_established_047,campaign_launched,2026-08-09T00:00:00Z,2026-08-09T00:01:00Z
baseline_established_028_plan_started,baseline_established_028,plan_started,2026-08-02T00:00:00Z,2026-08-02T00:01:00Z
baseline_established_055_plan_started,baseline_established_055,plan_started,2026-08-02T00:00:00Z,2026-08-02T00:01:00Z
baseline_established_012_campaign_launched,baseline_established_012,campaign_launched,2026-08-07T00:00:00Z,2026-08-07T00:01:00Z
current_established_082_plan_started,current_established_082,plan_started,2026-09-07T00:00:00Z,2026-09-07T00:01:00Z
current_growth_035_campaign_launched,current_growth_035,campaign_launched,2026-09-06T00:00:00Z,2026-09-06T00:01:00Z
baseline_established_036_plan_started,baseline_established_036,plan_started,2026-08-03T00:00:00Z,2026-08-03T00:01:00Z
baseline_established_057_plan_started,baseline_established_057,plan_started,2026-08-01T00:00:00Z,2026-08-01T00:01:00Z
baseline_growth_091_plan_started,baseline_growth_091,plan_started,2026-08-08T00:00:00Z,2026-08-08T00:01:00Z
baseline_growth_017_campaign_launched,baseline_growth_017,campaign_launched,2026-08-07T00:00:00Z,2026-08-07T00:01:00Z
current_growth_099_plan_started,current_growth_099,plan_started,2026-09-08T00:00:00Z,2026-09-08T00:01:00Z
baseline_emerging_024_plan_completed,baseline_emerging_024,plan_completed,2026-08-10T00:00:00Z,2026-08-10T00:01:00Z
current_established_074_plan_completed,current_established_074,plan_completed,2026-09-08T00:00:00Z,2026-09-08T00:01:00Z
current_established_049_plan_completed,current_established_049,plan_completed,2026-09-08T00:00:00Z,2026-09-08T00:01:00Z
baseline_growth_049_campaign_launched,baseline_growth_049,campaign_launched,2026-08-12T00:00:00Z,2026-08-12T00:01:00Z
current_growth_079_plan_started,current_growth_079,plan_started,2026-09-07T00:00:00Z,2026-09-07T00:01:00Z
baseline_emerging_027_plan_started,baseline_emerging_027,plan_started,2026-08-03T00:00:00Z,2026-08-03T00:01:00Z
baseline_growth_049_plan_started,baseline_growth_049,plan_started,2026-08-09T00:00:00Z,2026-08-09T00:01:00Z
baseline_growth_046_plan_completed,baseline_growth_046,plan_completed,2026-08-09T00:00:00Z,2026-08-09T00:01:00Z
current_emerging_063_plan_started,current_emerging_063,plan_started,2026-09-09T00:00:00Z,2026-09-09T00:01:00Z
current_growth_090_plan_started,current_growth_090,plan_started,2026-09-05T00:00:00Z,2026-09-05T00:01:00Z
current_emerging_020_plan_completed,current_emerging_020,plan_completed,2026-09-10T00:00:00Z,2026-09-10T00:01:00Z
current_emerging_045_plan_completed,current_emerging_045,plan_completed,2026-09-07T00:00:00Z,2026-09-07T00:01:00Z
current_established_054_campaign_launched,current_established_054,campaign_launched,2026-09-07T00:00:00Z,2026-09-07T00:01:00Z
current_growth_015_plan_started,current_growth_015,plan_started,2026-09-06T00:00:00Z,2026-09-06T00:01:00Z
baseline_growth_067_plan_completed,baseline_growth_067,plan_completed,2026-08-07T00:00:00Z,2026-08-07T00:01:00Z
baseline_established_047_plan_started,baseline_established_047,plan_started,2026-08-06T00:00:00Z,2026-08-06T00:01:00Z
current_established_001_campaign_launched,current_established_001,campaign_launched,2026-09-05T00:00:00Z,2026-09-05T00:01:00Z
baseline_growth_059_plan_completed,baseline_growth_059,plan_completed,2026-08-11T00:00:00Z,2026-08-11T00:01:00Z
current_established_051_plan_completed,current_established_051,plan_completed,2026-09-10T00:00:00Z,2026-09-10T00:01:00Z
baseline_established_085_plan_completed,baseline_established_085,plan_completed,2026-08-07T00:00:00Z,2026-08-07T00:01:00Z
current_growth_038_plan_started,current_growth_038,plan_started,2026-09-09T00:00:00Z,2026-09-09T00:01:00Z
baseline_emerging_016_plan_started,baseline_emerging_016,plan_started,2026-08-02T00:00:00Z,2026-08-02T00:01:00Z
current_growth_041_campaign_launched,current_growth_041,campaign_launched,2026-09-06T00:00:00Z,2026-09-06T00:01:00Z
current_emerging_023_plan_started,current_emerging_023,plan_started,2026-09-09T00:00:00Z,2026-09-09T00:01:00Z
current_established_019_campaign_launched,current_established_019,campaign_launched,2026-09-09T00:00:00Z,2026-09-09T00:01:00Z
current_growth_023_plan_completed,current_growth_023,plan_completed,2026-09-10T00:00:00Z,2026-09-10T00:01:00Z
current_established_020_plan_started,current_established_020,plan_started,2026-09-05T00:00:00Z,2026-09-05T00:01:00Z
current_growth_030_plan_completed,current_growth_030,plan_completed,2026-09-04T00:00:00Z,2026-09-04T00:01:00Z
current_established_027_plan_started,current_established_027,plan_started,2026-09-06T00:00:00Z,2026-09-06T00:01:00Z
current_established_064_plan_completed,current_established_064,plan_completed,2026-09-04T00:00:00Z,2026-09-04T00:01:00Z
current_established_037_plan_started,current_established_037,plan_started,2026-09-05T00:00:00Z,2026-09-05T00:01:00Z
current_growth_022_plan_completed,current_growth_022,plan_completed,2026-09-11T00:00:00Z,2026-09-11T00:01:00Z
baseline_emerging_051_plan_started,baseline_emerging_051,plan_started,2026-08-10T00:00:00Z,2026-08-10T00:01:00Z
baseline_growth_042_plan_started,baseline_growth_042,plan_started,2026-08-06T00:00:00Z,2026-08-06T00:01:00Z
current_emerging_074_plan_started,current_emerging_074,plan_started,2026-09-05T00:00:00Z,2026-09-05T00:01:00Z
baseline_established_094_plan_started,baseline_established_094,plan_started,2026-08-05T00:00:00Z,2026-08-05T00:01:00Z
baseline_established_031_campaign_launched,baseline_established_031,campaign_launched,2026-08-06T00:00:00Z,2026-08-06T00:01:00Z
current_emerging_019_plan_completed,current_emerging_019,plan_completed,2026-09-08T00:00:00Z,2026-09-08T00:01:00Z
current_growth_004_plan_completed,current_growth_004,plan_completed,2026-09-02T00:00:00Z,2026-09-02T00:01:00Z
current_established_081_plan_started,current_established_081,plan_started,2026-09-08T00:00:00Z,2026-09-08T00:01:00Z
baseline_growth_051_plan_started,baseline_growth_051,plan_started,2026-08-07T00:00:00Z,2026-08-07T00:01:00Z
current_growth_014_campaign_launched,current_growth_014,campaign_launched,2026-09-06T00:00:00Z,2026-09-06T00:01:00Z
current_growth_045_plan_completed,current_growth_045,plan_completed,2026-09-11T00:00:00Z,2026-09-11T00:01:00Z
current_established_005_plan_completed,current_established_005,plan_completed,2026-09-11T00:00:00Z,2026-09-11T00:01:00Z
current_established_056_campaign_launched,current_established_056,campaign_launched,2026-09-04T00:00:00Z,2026-09-04T00:01:00Z
baseline_established_010_campaign_launched,baseline_established_010,campaign_launched,2026-08-04T00:00:00Z,2026-08-04T00:01:00Z
baseline_growth_039_plan_started,baseline_growth_039,plan_started,2026-08-09T00:00:00Z,2026-08-09T00:01:00Z
current_established_013_plan_completed,current_established_013,plan_completed,2026-09-02T00:00:00Z,2026-09-02T00:01:00Z
current_established_082_plan_completed,current_established_082,plan_completed,2026-09-08T00:00:00Z,2026-09-08T00:01:00Z
current_growth_041_plan_started,current_growth_041,plan_started,2026-09-03T00:00:00Z,2026-09-03T00:01:00Z
current_growth_013_plan_started,current_growth_013,plan_started,2026-09-09T00:00:00Z,2026-09-09T00:01:00Z
current_emerging_040_plan_started,current_emerging_040,plan_started,2026-09-05T00:00:00Z,2026-09-05T00:01:00Z
current_established_052_plan_completed,current_established_052,plan_completed,2026-09-06T00:00:00Z,2026-09-06T00:01:00Z
current_emerging_016_campaign_launched,current_emerging_016,campaign_launched,2026-09-11T00:00:00Z,2026-09-11T00:01:00Z
baseline_growth_069_plan_started,baseline_growth_069,plan_started,2026-08-09T00:00:00Z,2026-08-09T00:01:00Z
current_growth_008_plan_started,current_growth_008,plan_started,2026-09-10T00:00:00Z,2026-09-10T00:01:00Z
baseline_growth_048_plan_started,baseline_growth_048,plan_started,2026-08-08T00:00:00Z,2026-08-08T00:01:00Z
current_emerging_045_plan_started,current_emerging_045,plan_started,2026-09-06T00:00:00Z,2026-09-06T00:01:00Z
current_emerging_042_plan_started,current_emerging_042,plan_started,2026-09-08T00:00:00Z,2026-09-08T00:01:00Z
baseline_growth_024_campaign_launched,baseline_growth_024,campaign_launched,2026-08-07T00:00:00Z,2026-08-07T00:01:00Z
current_established_021_plan_completed,current_established_021,plan_completed,2026-09-08T00:00:00Z,2026-09-08T00:01:00Z
current_established_083_plan_completed,current_established_083,plan_completed,2026-09-02T00:00:00Z,2026-09-02T00:01:00Z
current_emerging_024_campaign_launched,current_emerging_024,campaign_launched,2026-09-05T00:00:00Z,2026-09-05T00:01:00Z
baseline_established_063_campaign_launched,baseline_established_063,campaign_launched,2026-08-04T00:00:00Z,2026-08-04T00:01:00Z
baseline_growth_042_plan_completed,baseline_growth_042,plan_completed,2026-08-07T00:00:00Z,2026-08-07T00:01:00Z
baseline_growth_027_plan_completed,baseline_growth_027,plan_completed,2026-08-11T00:00:00Z,2026-08-11T00:01:00Z
baseline_established_053_plan_started,baseline_established_053,plan_started,2026-08-10T00:00:00Z,2026-08-10T00:01:00Z
baseline_emerging_028_campaign_launched,baseline_emerging_028,campaign_launched,2026-08-13T00:00:00Z,2026-08-13T00:01:00Z
current_growth_009_campaign_launched,current_growth_009,campaign_launched,2026-09-11T00:00:00Z,2026-09-11T00:01:00Z
baseline_emerging_045_plan_completed,baseline_emerging_045,plan_completed,2026-08-02T00:00:00Z,2026-08-02T00:01:00Z
baseline_established_009_plan_started,baseline_established_009,plan_started,2026-08-03T00:00:00Z,2026-08-03T00:01:00Z
current_growth_097_plan_started,current_growth_097,plan_started,2026-09-05T00:00:00Z,2026-09-05T00:01:00Z
baseline_growth_047_plan_completed,baseline_growth_047,plan_completed,2026-08-07T00:00:00Z,2026-08-07T00:01:00Z
current_established_026_plan_started,current_established_026,plan_started,2026-09-09T00:00:00Z,2026-09-09T00:01:00Z
baseline_growth_012_plan_started,baseline_growth_012,plan_started,2026-08-02T00:00:00Z,2026-08-02T00:01:00Z
baseline_established_053_plan_completed,baseline_established_053,plan_completed,2026-08-11T00:00:00Z,2026-08-11T00:01:00Z
current_emerging_023_campaign_launched,current_emerging_023,campaign_launched,2026-09-12T00:00:00Z,2026-09-12T00:01:00Z
baseline_growth_020_plan_started,baseline_growth_020,plan_started,2026-08-01T00:00:00Z,2026-08-01T00:01:00Z
baseline_growth_085_plan_started,baseline_growth_085,plan_started,2026-08-02T00:00:00Z,2026-08-02T00:01:00Z
current_established_036_plan_completed,current_established_036,plan_completed,2026-09-05T00:00:00Z,2026-09-05T00:01:00Z
baseline_growth_092_plan_started,baseline_growth_092,plan_started,2026-08-07T00:00:00Z,2026-08-07T00:01:00Z
current_established_091_plan_started,current_established_091,plan_started,2026-09-05T00:00:00Z,2026-09-05T00:01:00Z
current_emerging_048_plan_started,current_emerging_048,plan_started,2026-09-01T00:00:00Z,2026-09-01T00:01:00Z
baseline_emerging_071_plan_started,baseline_emerging_071,plan_started,2026-08-02T00:00:00Z,2026-08-02T00:01:00Z
current_growth_000_plan_started,current_growth_000,plan_started,2026-09-03T00:00:00Z,2026-09-03T00:01:00Z
current_established_005_plan_started,current_established_005,plan_started,2026-09-10T00:00:00Z,2026-09-10T00:01:00Z
baseline_growth_032_campaign_launched,baseline_growth_032,campaign_launched,2026-08-12T00:00:00Z,2026-08-12T00:01:00Z
baseline_established_017_plan_completed,baseline_established_017,plan_completed,2026-08-03T00:00:00Z,2026-08-03T00:01:00Z
current_established_052_campaign_launched,current_established_052,campaign_launched,2026-09-08T00:00:00Z,2026-09-08T00:01:00Z
baseline_established_059_campaign_launched,baseline_established_059,campaign_launched,2026-08-12T00:00:00Z,2026-08-12T00:01:00Z
baseline_growth_019_plan_started,baseline_growth_019,plan_started,2026-08-05T00:00:00Z,2026-08-05T00:01:00Z
current_emerging_078_plan_started,current_emerging_078,plan_started,2026-09-03T00:00:00Z,2026-09-03T00:01:00Z
current_emerging_073_plan_started,current_emerging_073,plan_started,2026-09-05T00:00:00Z,2026-09-05T00:01:00Z
baseline_established_023_plan_started,baseline_established_023,plan_started,2026-08-02T00:00:00Z,2026-08-02T00:01:00Z
baseline_emerging_085_plan_started,baseline_emerging_085,plan_started,2026-08-10T00:00:00Z,2026-08-10T00:01:00Z
baseline_established_018_campaign_launched,baseline_established_018,campaign_launched,2026-08-13T00:00:00Z,2026-08-13T00:01:00Z
baseline_established_097_plan_started,baseline_established_097,plan_started,2026-08-01T00:00:00Z,2026-08-01T00:01:00Z
current_established_018_plan_started,current_established_018,plan_started,2026-09-08T00:00:00Z,2026-09-08T00:01:00Z
baseline_growth_038_plan_started,baseline_growth_038,plan_started,2026-08-04T00:00:00Z,2026-08-04T00:01:00Z
current_emerging_018_plan_started,current_emerging_018,plan_started,2026-09-10T00:00:00Z,2026-09-10T00:01:00Z
current_established_097_plan_started,current_established_097,plan_started,2026-09-02T00:00:00Z,2026-09-02T00:01:00Z
baseline_established_020_campaign_launched,baseline_established_020,campaign_launched,2026-08-04T00:00:00Z,2026-08-04T00:01:00Z
current_growth_073_plan_started,current_growth_073,plan_started,2026-09-09T00:00:00Z,2026-09-09T00:01:00Z
current_emerging_033_plan_started,current_emerging_033,plan_started,2026-09-04T00:00:00Z,2026-09-04T00:01:00Z
baseline_established_019_plan_completed,baseline_established_019,plan_completed,2026-08-03T00:00:00Z,2026-08-03T00:01:00Z
current_established_038_plan_started,current_established_038,plan_started,2026-09-03T00:00:00Z,2026-09-03T00:01:00Z
baseline_established_088_plan_started,baseline_established_088,plan_started,2026-08-02T00:00:00Z,2026-08-02T00:01:00Z
current_emerging_002_campaign_launched,current_emerging_002,campaign_launched,2026-09-09T00:00:00Z,2026-09-09T00:01:00Z
current_growth_010_campaign_launched,current_growth_010,campaign_launched,2026-09-07T00:00:00Z,2026-09-07T00:01:00Z
baseline_established_040_plan_completed,baseline_established_040,plan_completed,2026-08-02T00:00:00Z,2026-08-02T00:01:00Z
current_growth_044_plan_started,current_growth_044,plan_started,2026-09-04T00:00:00Z,2026-09-04T00:01:00Z
current_established_035_campaign_launched,current_established_035,campaign_launched,2026-09-12T00:00:00Z,2026-09-12T00:01:00Z
baseline_growth_045_plan_completed,baseline_growth_045,plan_completed,2026-08-03T00:00:00Z,2026-08-03T00:01:00Z
current_established_042_plan_started,current_established_042,plan_started,2026-09-09T00:00:00Z,2026-09-09T00:01:00Z
current_growth_032_campaign_launched,current_growth_032,campaign_launched,2026-09-04T00:00:00Z,2026-09-04T00:01:00Z
baseline_growth_005_plan_completed,baseline_growth_005,plan_completed,2026-08-06T00:00:00Z,2026-08-06T00:01:00Z
current_established_056_plan_completed,current_established_056,plan_completed,2026-09-02T00:00:00Z,2026-09-02T00:01:00Z
baseline_established_014_plan_completed,baseline_established_014,plan_completed,2026-08-06T00:00:00Z,2026-08-06T00:01:00Z
baseline_emerging_068_plan_started,baseline_emerging_068,plan_started,2026-08-06T00:00:00Z,2026-08-06T00:01:00Z
current_established_008_plan_started,current_established_008,plan_started,2026-09-09T00:00:00Z,2026-09-09T00:01:00Z
baseline_established_000_campaign_launched,baseline_established_000,campaign_launched,2026-08-13T00:00:00Z,2026-08-13T00:01:00Z
baseline_established_037_campaign_launched,baseline_established_037,campaign_launched,2026-08-09T00:00:00Z,2026-08-09T00:01:00Z
current_established_059_plan_completed,current_established_059,plan_completed,2026-09-08T00:00:00Z,2026-09-08T00:01:00Z
current_growth_016_plan_started,current_growth_016,plan_started,2026-09-04T00:00:00Z,2026-09-04T00:01:00Z
current_growth_072_plan_started,current_growth_072,plan_started,2026-09-01T00:00:00Z,2026-09-01T00:01:00Z
baseline_established_076_plan_started,baseline_established_076,plan_started,2026-08-07T00:00:00Z,2026-08-07T00:01:00Z
current_growth_095_plan_started,current_growth_095,plan_started,2026-09-04T00:00:00Z,2026-09-04T00:01:00Z
baseline_established_029_campaign_launched,baseline_established_029,campaign_launched,2026-08-10T00:00:00Z,2026-08-10T00:01:00Z
baseline_growth_038_plan_completed,baseline_growth_038,plan_completed,2026-08-05T00:00:00Z,2026-08-05T00:01:00Z
current_emerging_015_plan_completed,current_emerging_015,plan_completed,2026-09-07T00:00:00Z,2026-09-07T00:01:00Z
current_established_031_plan_started,current_established_031,plan_started,2026-09-05T00:00:00Z,2026-09-05T00:01:00Z
baseline_emerging_029_plan_completed,baseline_emerging_029,plan_completed,2026-08-03T00:00:00Z,2026-08-03T00:01:00Z
current_growth_050_plan_started,current_growth_050,plan_started,2026-09-04T00:00:00Z,2026-09-04T00:01:00Z
current_emerging_086_plan_started,current_emerging_086,plan_started,2026-09-09T00:00:00Z,2026-09-09T00:01:00Z
current_established_016_campaign_launched,current_established_016,campaign_launched,2026-09-04T00:00:00Z,2026-09-04T00:01:00Z
current_emerging_035_plan_completed,current_emerging_035,plan_completed,2026-09-03T00:00:00Z,2026-09-03T00:01:00Z
current_emerging_021_plan_completed,current_emerging_021,plan_completed,2026-09-03T00:00:00Z,2026-09-03T00:01:00Z
baseline_established_031_plan_started,baseline_established_031,plan_started,2026-08-03T00:00:00Z,2026-08-03T00:01:00Z
current_established_025_campaign_launched,current_established_025,campaign_launched,2026-09-08T00:00:00Z,2026-09-08T00:01:00Z
baseline_established_090_plan_started,baseline_established_090,plan_started,2026-08-05T00:00:00Z,2026-08-05T00:01:00Z
baseline_established_089_plan_started,baseline_established_089,plan_started,2026-08-10T00:00:00Z,2026-08-10T00:01:00Z
current_growth_006_plan_started,current_growth_006,plan_started,2026-09-01T00:00:00Z,2026-09-01T00:01:00Z
current_emerging_065_plan_started,current_emerging_065,plan_started,2026-09-01T00:00:00Z,2026-09-01T00:01:00Z
current_growth_098_plan_started,current_growth_098,plan_started,2026-09-10T00:00:00Z,2026-09-10T00:01:00Z
current_growth_024_plan_completed,current_growth_024,plan_completed,2026-09-04T00:00:00Z,2026-09-04T00:01:00Z
current_established_045_plan_started,current_established_045,plan_started,2026-09-07T00:00:00Z,2026-09-07T00:01:00Z
baseline_established_052_campaign_launched,baseline_established_052,campaign_launched,2026-08-07T00:00:00Z,2026-08-07T00:01:00Z
current_growth_054_plan_completed,current_growth_054,plan_completed,2026-09-06T00:00:00Z,2026-09-06T00:01:00Z
baseline_emerging_017_campaign_launched,baseline_emerging_017,campaign_launched,2026-08-11T00:00:00Z,2026-08-11T00:01:00Z
current_established_074_plan_started,current_established_074,plan_started,2026-09-07T00:00:00Z,2026-09-07T00:01:00Z
baseline_established_074_plan_started,baseline_established_074,plan_started,2026-08-10T00:00:00Z,2026-08-10T00:01:00Z
current_growth_049_plan_started,current_growth_049,plan_started,2026-09-05T00:00:00Z,2026-09-05T00:01:00Z
baseline_emerging_024_campaign_launched,baseline_emerging_024,campaign_launched,2026-08-12T00:00:00Z,2026-08-12T00:01:00Z
current_emerging_027_plan_started,current_emerging_027,plan_started,2026-09-08T00:00:00Z,2026-09-08T00:01:00Z
baseline_growth_071_plan_started,baseline_growth_071,plan_started,2026-08-08T00:00:00Z,2026-08-08T00:01:00Z
current_growth_048_plan_started,current_growth_048,plan_started,2026-09-01T00:00:00Z,2026-09-01T00:01:00Z
baseline_emerging_067_plan_started,baseline_emerging_067,plan_started,2026-08-10T00:00:00Z,2026-08-10T00:01:00Z
baseline_established_091_plan_started,baseline_established_091,plan_started,2026-08-06T00:00:00Z,2026-08-06T00:01:00Z
baseline_established_078_plan_started,baseline_established_078,plan_started,2026-08-01T00:00:00Z,2026-08-01T00:01:00Z
current_established_015_campaign_launched,current_established_015,campaign_launched,2026-09-13T00:00:00Z,2026-09-13T00:01:00Z
baseline_growth_089_plan_started,baseline_growth_089,plan_started,2026-08-08T00:00:00Z,2026-08-08T00:01:00Z
baseline_emerging_012_campaign_launched,baseline_emerging_012,campaign_launched,2026-08-12T00:00:00Z,2026-08-12T00:01:00Z
baseline_established_054_plan_started,baseline_established_054,plan_started,2026-08-05T00:00:00Z,2026-08-05T00:01:00Z
current_established_007_plan_completed,current_established_007,plan_completed,2026-09-07T00:00:00Z,2026-09-07T00:01:00Z
current_established_036_plan_started,current_established_036,plan_started,2026-09-04T00:00:00Z,2026-09-04T00:01:00Z
baseline_growth_013_plan_completed,baseline_growth_013,plan_completed,2026-08-02T00:00:00Z,2026-08-02T00:01:00Z
baseline_emerging_021_campaign_launched,baseline_emerging_021,campaign_launched,2026-08-07T00:00:00Z,2026-08-07T00:01:00Z
baseline_growth_028_plan_started,baseline_growth_028,plan_started,2026-08-02T00:00:00Z,2026-08-02T00:01:00Z
current_emerging_002_plan_started,current_emerging_002,plan_started,2026-09-06T00:00:00Z,2026-09-06T00:01:00Z
current_established_039_plan_completed,current_established_039,plan_completed,2026-09-10T00:00:00Z,2026-09-10T00:01:00Z
baseline_growth_075_plan_started,baseline_growth_075,plan_started,2026-08-07T00:00:00Z,2026-08-07T00:01:00Z
baseline_growth_084_plan_started,baseline_growth_084,plan_started,2026-08-08T00:00:00Z,2026-08-08T00:01:00Z
current_growth_070_plan_started,current_growth_070,plan_started,2026-09-04T00:00:00Z,2026-09-04T00:01:00Z
current_established_022_plan_started,current_established_022,plan_started,2026-09-07T00:00:00Z,2026-09-07T00:01:00Z
current_growth_039_campaign_launched,current_growth_039,campaign_launched,2026-09-07T00:00:00Z,2026-09-07T00:01:00Z
current_established_020_campaign_launched,current_established_020,campaign_launched,2026-09-08T00:00:00Z,2026-09-08T00:01:00Z
current_growth_021_plan_started,current_growth_021,plan_started,2026-09-10T00:00:00Z,2026-09-10T00:01:00Z
current_established_051_campaign_launched,current_established_051,campaign_launched,2026-09-12T00:00:00Z,2026-09-12T00:01:00Z
current_emerging_094_plan_started,current_emerging_094,plan_started,2026-09-10T00:00:00Z,2026-09-10T00:01:00Z
current_growth_025_plan_started,current_growth_025,plan_started,2026-09-04T00:00:00Z,2026-09-04T00:01:00Z
baseline_emerging_070_plan_started,baseline_emerging_070,plan_started,2026-08-07T00:00:00Z,2026-08-07T00:01:00Z
current_established_046_plan_completed,current_established_046,plan_completed,2026-09-03T00:00:00Z,2026-09-03T00:01:00Z
current_established_067_plan_started,current_established_067,plan_started,2026-09-02T00:00:00Z,2026-09-02T00:01:00Z
baseline_established_066_campaign_launched,baseline_established_066,campaign_launched,2026-08-12T00:00:00Z,2026-08-12T00:01:00Z
baseline_emerging_056_plan_started,baseline_emerging_056,plan_started,2026-08-02T00:00:00Z,2026-08-02T00:01:00Z
baseline_established_022_plan_started,baseline_established_022,plan_started,2026-08-08T00:00:00Z,2026-08-08T00:01:00Z
current_established_042_plan_completed,current_established_042,plan_completed,2026-09-10T00:00:00Z,2026-09-10T00:01:00Z
baseline_growth_079_plan_started,baseline_growth_079,plan_started,2026-08-06T00:00:00Z,2026-08-06T00:01:00Z
baseline_growth_055_plan_completed,baseline_growth_055,plan_completed,2026-08-06T00:00:00Z,2026-08-06T00:01:00Z
current_established_019_plan_completed,current_established_019,plan_completed,2026-09-07T00:00:00Z,2026-09-07T00:01:00Z
baseline_emerging_013_campaign_launched,baseline_emerging_013,campaign_launched,2026-08-04T00:00:00Z,2026-08-04T00:01:00Z
baseline_emerging_059_plan_started,baseline_emerging_059,plan_started,2026-08-06T00:00:00Z,2026-08-06T00:01:00Z
current_emerging_098_plan_started,current_emerging_098,plan_started,2026-09-10T00:00:00Z,2026-09-10T00:01:00Z
baseline_established_012_plan_completed,baseline_established_012,plan_completed,2026-08-05T00:00:00Z,2026-08-05T00:01:00Z
baseline_emerging_025_campaign_launched,baseline_emerging_025,campaign_launched,2026-08-13T00:00:00Z,2026-08-13T00:01:00Z
baseline_established_064_plan_started,baseline_established_064,plan_started,2026-08-07T00:00:00Z,2026-08-07T00:01:00Z
baseline_emerging_093_plan_started,baseline_emerging_093,plan_started,2026-08-06T00:00:00Z,2026-08-06T00:01:00Z
current_growth_077_plan_started,current_growth_077,plan_started,2026-09-05T00:00:00Z,2026-09-05T00:01:00Z
baseline_growth_055_plan_started,baseline_growth_055,plan_started,2026-08-05T00:00:00Z,2026-08-05T00:01:00Z
current_growth_007_plan_completed,current_growth_007,plan_completed,2026-09-09T00:00:00Z,2026-09-09T00:01:00Z
baseline_growth_095_plan_started,baseline_growth_095,plan_started,2026-08-05T00:00:00Z,2026-08-05T00:01:00Z
current_established_047_plan_completed,current_established_047,plan_completed,2026-09-07T00:00:00Z,2026-09-07T00:01:00Z
current_emerging_008_plan_completed,current_emerging_008,plan_completed,2026-09-05T00:00:00Z,2026-09-05T00:01:00Z
current_established_013_campaign_launched,current_established_013,campaign_launched,2026-09-04T00:00:00Z,2026-09-04T00:01:00Z
baseline_emerging_006_plan_started,baseline_emerging_006,plan_started,2026-08-04T00:00:00Z,2026-08-04T00:01:00Z
baseline_emerging_030_plan_started,baseline_emerging_030,plan_started,2026-08-08T00:00:00Z,2026-08-08T00:01:00Z
baseline_established_044_campaign_launched,baseline_established_044,campaign_launched,2026-08-08T00:00:00Z,2026-08-08T00:01:00Z
current_growth_018_plan_completed,current_growth_018,plan_completed,2026-09-11T00:00:00Z,2026-09-11T00:01:00Z
current_established_026_campaign_launched,current_established_026,campaign_launched,2026-09-12T00:00:00Z,2026-09-12T00:01:00Z
current_growth_035_plan_started,current_growth_035,plan_started,2026-09-03T00:00:00Z,2026-09-03T00:01:00Z
current_emerging_025_campaign_launched,current_emerging_025,campaign_launched,2026-09-07T00:00:00Z,2026-09-07T00:01:00Z
current_growth_042_campaign_launched,current_growth_042,campaign_launched,2026-09-04T00:00:00Z,2026-09-04T00:01:00Z
current_growth_066_plan_completed,current_growth_066,plan_completed,2026-09-10T00:00:00Z,2026-09-10T00:01:00Z
baseline_established_017_campaign_launched,baseline_established_017,campaign_launched,2026-08-05T00:00:00Z,2026-08-05T00:01:00Z
baseline_growth_024_plan_completed,baseline_growth_024,plan_completed,2026-08-05T00:00:00Z,2026-08-05T00:01:00Z
current_established_073_plan_completed,current_established_073,plan_completed,2026-09-09T00:00:00Z,2026-09-09T00:01:00Z
baseline_emerging_087_plan_started,baseline_emerging_087,plan_started,2026-08-04T00:00:00Z,2026-08-04T00:01:00Z
baseline_established_084_plan_completed,baseline_established_084,plan_completed,2026-08-09T00:00:00Z,2026-08-09T00:01:00Z
baseline_emerging_018_plan_started,baseline_emerging_018,plan_started,2026-08-04T00:00:00Z,2026-08-04T00:01:00Z
baseline_emerging_069_plan_started,baseline_emerging_069,plan_started,2026-08-06T00:00:00Z,2026-08-06T00:01:00Z
baseline_established_055_plan_completed,baseline_established_055,plan_completed,2026-08-03T00:00:00Z,2026-08-03T00:01:00Z
current_growth_037_plan_completed,current_growth_037,plan_completed,2026-09-10T00:00:00Z,2026-09-10T00:01:00Z
current_growth_028_campaign_launched,current_growth_028,campaign_launched,2026-09-07T00:00:00Z,2026-09-07T00:01:00Z
baseline_established_006_plan_completed,baseline_established_006,plan_completed,2026-08-04T00:00:00Z,2026-08-04T00:01:00Z
baseline_growth_013_campaign_launched,baseline_growth_013,campaign_launched,2026-08-04T00:00:00Z,2026-08-04T00:01:00Z
current_growth_009_plan_completed,current_growth_009,plan_completed,2026-09-09T00:00:00Z,2026-09-09T00:01:00Z
baseline_emerging_007_campaign_launched,baseline_emerging_007,campaign_launched,2026-08-04T00:00:00Z,2026-08-04T00:01:00Z
current_emerging_000_plan_completed,current_emerging_000,plan_completed,2026-09-03T00:00:00Z,2026-09-03T00:01:00Z
current_established_090_plan_started,current_established_090,plan_started,2026-09-09T00:00:00Z,2026-09-09T00:01:00Z
baseline_established_035_campaign_launched,baseline_established_035,campaign_launched,2026-08-12T00:00:00Z,2026-08-12T00:01:00Z
baseline_growth_005_campaign_launched,baseline_growth_005,campaign_launched,2026-08-08T00:00:00Z,2026-08-08T00:01:00Z
current_established_028_plan_started,current_established_028,plan_started,2026-09-04T00:00:00Z,2026-09-04T00:01:00Z
baseline_established_005_plan_completed,baseline_established_005,plan_completed,2026-08-08T00:00:00Z,2026-08-08T00:01:00Z
baseline_emerging_053_plan_started,baseline_emerging_053,plan_started,2026-08-03T00:00:00Z,2026-08-03T00:01:00Z
current_emerging_028_plan_started,current_emerging_028,plan_started,2026-09-07T00:00:00Z,2026-09-07T00:01:00Z
baseline_emerging_005_plan_completed,baseline_emerging_005,plan_completed,2026-08-11T00:00:00Z,2026-08-11T00:01:00Z
current_established_043_plan_completed,current_established_043,plan_completed,2026-09-08T00:00:00Z,2026-09-08T00:01:00Z
current_established_004_campaign_launched,current_established_004,campaign_launched,2026-09-11T00:00:00Z,2026-09-11T00:01:00Z
current_growth_064_plan_started,current_growth_064,plan_started,2026-09-09T00:00:00Z,2026-09-09T00:01:00Z
baseline_growth_022_plan_completed,baseline_growth_022,plan_completed,2026-08-07T00:00:00Z,2026-08-07T00:01:00Z
current_established_084_plan_started,current_established_084,plan_started,2026-09-06T00:00:00Z,2026-09-06T00:01:00Z
baseline_growth_034_campaign_launched,baseline_growth_034,campaign_launched,2026-08-13T00:00:00Z,2026-08-13T00:01:00Z
current_growth_021_plan_completed,current_growth_021,plan_completed,2026-09-11T00:00:00Z,2026-09-11T00:01:00Z
baseline_emerging_034_plan_started,baseline_emerging_034,plan_started,2026-08-03T00:00:00Z,2026-08-03T00:01:00Z
baseline_established_027_campaign_launched,baseline_established_027,campaign_launched,2026-08-11T00:00:00Z,2026-08-11T00:01:00Z
baseline_established_005_campaign_launched,baseline_established_005,campaign_launched,2026-08-10T00:00:00Z,2026-08-10T00:01:00Z
baseline_emerging_014_plan_completed,baseline_emerging_014,plan_completed,2026-08-07T00:00:00Z,2026-08-07T00:01:00Z
baseline_emerging_025_plan_completed,baseline_emerging_025,plan_completed,2026-08-11T00:00:00Z,2026-08-11T00:01:00Z
current_emerging_087_plan_started,current_emerging_087,plan_started,2026-09-01T00:00:00Z,2026-09-01T00:01:00Z
current_established_048_plan_started,current_established_048,plan_started,2026-09-02T00:00:00Z,2026-09-02T00:01:00Z
current_established_027_plan_completed,current_established_027,plan_completed,2026-09-07T00:00:00Z,2026-09-07T00:01:00Z
baseline_growth_012_plan_completed,baseline_growth_012,plan_completed,2026-08-03T00:00:00Z,2026-08-03T00:01:00Z
baseline_growth_031_campaign_launched,baseline_growth_031,campaign_launched,2026-08-04T00:00:00Z,2026-08-04T00:01:00Z
baseline_established_034_campaign_launched,baseline_established_034,campaign_launched,2026-08-06T00:00:00Z,2026-08-06T00:01:00Z
baseline_growth_034_plan_completed,baseline_growth_034,plan_completed,2026-08-11T00:00:00Z,2026-08-11T00:01:00Z
current_emerging_093_plan_started,current_emerging_093,plan_started,2026-09-03T00:00:00Z,2026-09-03T00:01:00Z
current_growth_021_campaign_launched,current_growth_021,campaign_launched,2026-09-13T00:00:00Z,2026-09-13T00:01:00Z
baseline_established_038_plan_completed,baseline_established_038,plan_completed,2026-08-09T00:00:00Z,2026-08-09T00:01:00Z
current_emerging_007_plan_started,current_emerging_007,plan_started,2026-09-09T00:00:00Z,2026-09-09T00:01:00Z
current_growth_007_plan_started,current_growth_007,plan_started,2026-09-08T00:00:00Z,2026-09-08T00:01:00Z
current_established_034_campaign_launched,current_established_034,campaign_launched,2026-09-07T00:00:00Z,2026-09-07T00:01:00Z
baseline_growth_033_plan_started,baseline_growth_033,plan_started,2026-08-10T00:00:00Z,2026-08-10T00:01:00Z
current_emerging_036_plan_completed,current_emerging_036,plan_completed,2026-09-09T00:00:00Z,2026-09-09T00:01:00Z
baseline_emerging_049_plan_completed,baseline_emerging_049,plan_completed,2026-08-03T00:00:00Z,2026-08-03T00:01:00Z
current_established_080_plan_completed,current_established_080,plan_completed,2026-09-08T00:00:00Z,2026-09-08T00:01:00Z
baseline_growth_045_campaign_launched,baseline_growth_045,campaign_launched,2026-08-05T00:00:00Z,2026-08-05T00:01:00Z
baseline_established_031_plan_completed,baseline_established_031,plan_completed,2026-08-04T00:00:00Z,2026-08-04T00:01:00Z
baseline_growth_004_plan_completed,baseline_growth_004,plan_completed,2026-08-07T00:00:00Z,2026-08-07T00:01:00Z
current_emerging_021_plan_started,current_emerging_021,plan_started,2026-09-02T00:00:00Z,2026-09-02T00:01:00Z
current_established_080_plan_started,current_established_080,plan_started,2026-09-07T00:00:00Z,2026-09-07T00:01:00Z
current_emerging_025_plan_completed,current_emerging_025,plan_completed,2026-09-05T00:00:00Z,2026-09-05T00:01:00Z
baseline_growth_028_plan_completed,baseline_growth_028,plan_completed,2026-08-03T00:00:00Z,2026-08-03T00:01:00Z
baseline_growth_035_plan_started,baseline_growth_035,plan_started,2026-08-01T00:00:00Z,2026-08-01T00:01:00Z
baseline_emerging_095_plan_started,baseline_emerging_095,plan_started,2026-08-05T00:00:00Z,2026-08-05T00:01:00Z
baseline_established_086_plan_started,baseline_established_086,plan_started,2026-08-09T00:00:00Z,2026-08-09T00:01:00Z
current_established_058_plan_completed,current_established_058,plan_completed,2026-09-02T00:00:00Z,2026-09-02T00:01:00Z
baseline_growth_036_campaign_launched,baseline_growth_036,campaign_launched,2026-08-05T00:00:00Z,2026-08-05T00:01:00Z
baseline_established_048_plan_started,baseline_established_048,plan_started,2026-08-08T00:00:00Z,2026-08-08T00:01:00Z
current_emerging_026_plan_started,current_emerging_026,plan_started,2026-09-02T00:00:00Z,2026-09-02T00:01:00Z
current_emerging_011_plan_completed,current_emerging_011,plan_completed,2026-09-10T00:00:00Z,2026-09-10T00:01:00Z
baseline_established_020_plan_started,baseline_established_020,plan_started,2026-08-01T00:00:00Z,2026-08-01T00:01:00Z
current_growth_040_campaign_launched,current_growth_040,campaign_launched,2026-09-11T00:00:00Z,2026-09-11T00:01:00Z
baseline_emerging_015_plan_completed,baseline_emerging_015,plan_completed,2026-08-05T00:00:00Z,2026-08-05T00:01:00Z
current_emerging_029_campaign_launched,current_emerging_029,campaign_launched,2026-09-05T00:00:00Z,2026-09-05T00:01:00Z
current_established_012_plan_completed,current_established_012,plan_completed,2026-09-07T00:00:00Z,2026-09-07T00:01:00Z
current_established_002_campaign_launched,current_established_002,campaign_launched,2026-09-13T00:00:00Z,2026-09-13T00:01:00Z
baseline_emerging_021_plan_started,baseline_emerging_021,plan_started,2026-08-04T00:00:00Z,2026-08-04T00:01:00Z
current_growth_000_plan_completed,current_growth_000,plan_completed,2026-09-04T00:00:00Z,2026-09-04T00:01:00Z
current_growth_074_plan_started,current_growth_074,plan_started,2026-09-05T00:00:00Z,2026-09-05T00:01:00Z
current_established_050_plan_completed,current_established_050,plan_completed,2026-09-10T00:00:00Z,2026-09-10T00:01:00Z
baseline_emerging_008_plan_started,baseline_emerging_008,plan_started,2026-08-01T00:00:00Z,2026-08-01T00:01:00Z
baseline_established_046_plan_started,baseline_established_046,plan_started,2026-08-10T00:00:00Z,2026-08-10T00:01:00Z
baseline_established_069_plan_completed,baseline_established_069,plan_completed,2026-08-04T00:00:00Z,2026-08-04T00:01:00Z
baseline_growth_044_campaign_launched,baseline_growth_044,campaign_launched,2026-08-09T00:00:00Z,2026-08-09T00:01:00Z
baseline_established_009_campaign_launched,baseline_established_009,campaign_launched,2026-08-06T00:00:00Z,2026-08-06T00:01:00Z
current_established_024_plan_started,current_established_024,plan_started,2026-09-05T00:00:00Z,2026-09-05T00:01:00Z
current_growth_094_plan_started,current_growth_094,plan_started,2026-09-08T00:00:00Z,2026-09-08T00:01:00Z
current_emerging_026_plan_completed,current_emerging_026,plan_completed,2026-09-03T00:00:00Z,2026-09-03T00:01:00Z
baseline_emerging_007_plan_completed,baseline_emerging_007,plan_completed,2026-08-02T00:00:00Z,2026-08-02T00:01:00Z
current_growth_052_plan_started,current_growth_052,plan_started,2026-09-08T00:00:00Z,2026-09-08T00:01:00Z
baseline_established_056_campaign_launched,baseline_established_056,campaign_launched,2026-08-11T00:00:00Z,2026-08-11T00:01:00Z
baseline_established_008_plan_started,baseline_established_008,plan_started,2026-08-01T00:00:00Z,2026-08-01T00:01:00Z
current_growth_056_plan_completed,current_growth_056,plan_completed,2026-09-02T00:00:00Z,2026-09-02T00:01:00Z
current_growth_030_plan_started,current_growth_030,plan_started,2026-09-03T00:00:00Z,2026-09-03T00:01:00Z
current_growth_058_plan_started,current_growth_058,plan_started,2026-09-05T00:00:00Z,2026-09-05T00:01:00Z
current_established_063_campaign_launched,current_established_063,campaign_launched,2026-09-09T00:00:00Z,2026-09-09T00:01:00Z
current_emerging_026_campaign_launched,current_emerging_026,campaign_launched,2026-09-05T00:00:00Z,2026-09-05T00:01:00Z
baseline_established_096_plan_started,baseline_established_096,plan_started,2026-08-10T00:00:00Z,2026-08-10T00:01:00Z
current_established_018_plan_completed,current_established_018,plan_completed,2026-09-09T00:00:00Z,2026-09-09T00:01:00Z
baseline_established_078_plan_completed,baseline_established_078,plan_completed,2026-08-02T00:00:00Z,2026-08-02T00:01:00Z
current_emerging_057_plan_started,current_emerging_057,plan_started,2026-09-10T00:00:00Z,2026-09-10T00:01:00Z
baseline_established_023_plan_completed,baseline_established_023,plan_completed,2026-08-03T00:00:00Z,2026-08-03T00:01:00Z
baseline_emerging_039_plan_completed,baseline_emerging_039,plan_completed,2026-08-06T00:00:00Z,2026-08-06T00:01:00Z
baseline_emerging_023_plan_started,baseline_emerging_023,plan_started,2026-08-03T00:00:00Z,2026-08-03T00:01:00Z
current_established_053_campaign_launched,current_established_053,campaign_launched,2026-09-05T00:00:00Z,2026-09-05T00:01:00Z
current_established_085_plan_started,current_established_085,plan_started,2026-09-10T00:00:00Z,2026-09-10T00:01:00Z
current_growth_005_campaign_launched,current_growth_005,campaign_launched,2026-09-05T00:00:00Z,2026-09-05T00:01:00Z
baseline_established_067_plan_started,baseline_established_067,plan_started,2026-08-07T00:00:00Z,2026-08-07T00:01:00Z
baseline_emerging_026_plan_completed,baseline_emerging_026,plan_completed,2026-08-09T00:00:00Z,2026-08-09T00:01:00Z
baseline_established_060_plan_completed,baseline_established_060,plan_completed,2026-08-08T00:00:00Z,2026-08-08T00:01:00Z
baseline_growth_049_plan_completed,baseline_growth_049,plan_completed,2026-08-10T00:00:00Z,2026-08-10T00:01:00Z
baseline_established_027_plan_completed,baseline_established_027,plan_completed,2026-08-09T00:00:00Z,2026-08-09T00:01:00Z
current_emerging_047_plan_completed,current_emerging_047,plan_completed,2026-09-05T00:00:00Z,2026-09-05T00:01:00Z
baseline_emerging_074_plan_started,baseline_emerging_074,plan_started,2026-08-01T00:00:00Z,2026-08-01T00:01:00Z
baseline_established_066_plan_completed,baseline_established_066,plan_completed,2026-08-10T00:00:00Z,2026-08-10T00:01:00Z
baseline_established_062_plan_completed,baseline_established_062,plan_completed,2026-08-03T00:00:00Z,2026-08-03T00:01:00Z
current_emerging_066_plan_started,current_emerging_066,plan_started,2026-09-10T00:00:00Z,2026-09-10T00:01:00Z
current_established_068_plan_completed,current_established_068,plan_completed,2026-09-04T00:00:00Z,2026-09-04T00:01:00Z
current_established_029_campaign_launched,current_established_029,campaign_launched,2026-09-05T00:00:00Z,2026-09-05T00:01:00Z
baseline_emerging_009_campaign_launched,baseline_emerging_009,campaign_launched,2026-08-06T00:00:00Z,2026-08-06T00:01:00Z
baseline_growth_022_campaign_launched,baseline_growth_022,campaign_launched,2026-08-09T00:00:00Z,2026-08-09T00:01:00Z
fixture_bad_clock,fixture_bad_clock,plan_started,missing,2026-08-01T00:01:00Z
baseline_growth_011_plan_completed,baseline_growth_011,plan_completed,2026-08-06T00:00:00Z,2026-08-06T00:01:00Z
current_emerging_032_plan_started,current_emerging_032,plan_started,2026-09-02T00:00:00Z,2026-09-02T00:01:00Z
current_established_018_campaign_launched,current_established_018,campaign_launched,2026-09-11T00:00:00Z,2026-09-11T00:01:00Z
baseline_growth_016_campaign_launched,baseline_growth_016,campaign_launched,2026-08-04T00:00:00Z,2026-08-04T00:01:00Z
baseline_growth_018_plan_started,baseline_growth_018,plan_started,2026-08-02T00:00:00Z,2026-08-02T00:01:00Z
baseline_growth_098_plan_started,baseline_growth_098,plan_started,2026-08-08T00:00:00Z,2026-08-08T00:01:00Z
current_growth_024_plan_started,current_growth_024,plan_started,2026-09-03T00:00:00Z,2026-09-03T00:01:00Z
current_growth_024_campaign_launched,current_growth_024,campaign_launched,2026-09-06T00:00:00Z,2026-09-06T00:01:00Z
baseline_established_075_plan_completed,baseline_established_075,plan_completed,2026-08-04T00:00:00Z,2026-08-04T00:01:00Z
current_growth_038_campaign_launched,current_growth_038,campaign_launched,2026-09-12T00:00:00Z,2026-09-12T00:01:00Z
baseline_emerging_057_plan_started,baseline_emerging_057,plan_started,2026-08-09T00:00:00Z,2026-08-09T00:01:00Z
baseline_growth_047_campaign_launched,baseline_growth_047,campaign_launched,2026-08-09T00:00:00Z,2026-08-09T00:01:00Z
current_emerging_070_plan_started,current_emerging_070,plan_started,2026-09-03T00:00:00Z,2026-09-03T00:01:00Z
baseline_established_041_plan_completed,baseline_established_041,plan_completed,2026-08-07T00:00:00Z,2026-08-07T00:01:00Z
current_established_001_plan_completed,current_established_001,plan_completed,2026-09-03T00:00:00Z,2026-09-03T00:01:00Z
current_growth_016_plan_completed,current_growth_016,plan_completed,2026-09-05T00:00:00Z,2026-09-05T00:01:00Z
current_emerging_030_plan_started,current_emerging_030,plan_started,2026-09-03T00:00:00Z,2026-09-03T00:01:00Z
baseline_emerging_032_plan_started,baseline_emerging_032,plan_started,2026-08-07T00:00:00Z,2026-08-07T00:01:00Z
baseline_growth_031_plan_completed,baseline_growth_031,plan_completed,2026-08-02T00:00:00Z,2026-08-02T00:01:00Z
baseline_emerging_010_plan_started,baseline_emerging_010,plan_started,2026-08-10T00:00:00Z,2026-08-10T00:01:00Z
baseline_growth_010_campaign_launched,baseline_growth_010,campaign_launched,2026-08-05T00:00:00Z,2026-08-05T00:01:00Z
current_growth_036_plan_completed,current_growth_036,plan_completed,2026-09-09T00:00:00Z,2026-09-09T00:01:00Z
baseline_growth_087_plan_started,baseline_growth_087,plan_started,2026-08-09T00:00:00Z,2026-08-09T00:01:00Z
baseline_established_033_plan_completed,baseline_established_033,plan_completed,2026-08-03T00:00:00Z,2026-08-03T00:01:00Z
current_growth_008_plan_completed,current_growth_008,plan_completed,2026-09-11T00:00:00Z,2026-09-11T00:01:00Z
current_established_014_plan_completed,current_established_014,plan_completed,2026-09-02T00:00:00Z,2026-09-02T00:01:00Z
current_growth_047_plan_completed,current_growth_047,plan_completed,2026-09-08T00:00:00Z,2026-09-08T00:01:00Z
current_emerging_055_plan_started,current_emerging_055,plan_started,2026-09-06T00:00:00Z,2026-09-06T00:01:00Z
baseline_established_010_plan_completed,baseline_established_010,plan_completed,2026-08-02T00:00:00Z,2026-08-02T00:01:00Z
current_established_014_campaign_launched,current_established_014,campaign_launched,2026-09-04T00:00:00Z,2026-09-04T00:01:00Z
current_growth_027_plan_completed,current_growth_027,plan_completed,2026-09-07T00:00:00Z,2026-09-07T00:01:00Z
baseline_established_059_plan_completed,baseline_established_059,plan_completed,2026-08-10T00:00:00Z,2026-08-10T00:01:00Z
current_growth_031_campaign_launched,current_growth_031,campaign_launched,2026-09-08T00:00:00Z,2026-09-08T00:01:00Z
baseline_growth_028_campaign_launched,baseline_growth_028,campaign_launched,2026-08-05T00:00:00Z,2026-08-05T00:01:00Z
baseline_emerging_052_plan_started,baseline_emerging_052,plan_started,2026-08-04T00:00:00Z,2026-08-04T00:01:00Z
current_established_009_campaign_launched,current_established_009,campaign_launched,2026-09-09T00:00:00Z,2026-09-09T00:01:00Z
current_growth_015_campaign_launched,current_growth_015,campaign_launched,2026-09-09T00:00:00Z,2026-09-09T00:01:00Z
current_emerging_072_plan_started,current_emerging_072,plan_started,2026-09-01T00:00:00Z,2026-09-01T00:01:00Z
current_established_023_plan_started,current_established_023,plan_started,2026-09-02T00:00:00Z,2026-09-02T00:01:00Z
current_growth_045_plan_started,current_growth_045,plan_started,2026-09-10T00:00:00Z,2026-09-10T00:01:00Z
baseline_growth_037_plan_completed,baseline_growth_037,plan_completed,2026-08-10T00:00:00Z,2026-08-10T00:01:00Z
current_growth_051_plan_completed,current_growth_051,plan_completed,2026-09-10T00:00:00Z,2026-09-10T00:01:00Z
baseline_emerging_031_plan_completed,baseline_emerging_031,plan_completed,2026-08-02T00:00:00Z,2026-08-02T00:01:00Z
current_emerging_067_plan_started,current_emerging_067,plan_started,2026-09-07T00:00:00Z,2026-09-07T00:01:00Z
current_emerging_084_plan_started,current_emerging_084,plan_started,2026-09-01T00:00:00Z,2026-09-01T00:01:00Z
current_established_061_plan_completed,current_established_061,plan_completed,2026-09-05T00:00:00Z,2026-09-05T00:01:00Z
current_established_005_campaign_launched,current_established_005,campaign_launched,2026-09-13T00:00:00Z,2026-09-13T00:01:00Z
current_established_029_plan_completed,current_established_029,plan_completed,2026-09-03T00:00:00Z,2026-09-03T00:01:00Z
baseline_emerging_066_plan_started,baseline_emerging_066,plan_started,2026-08-06T00:00:00Z,2026-08-06T00:01:00Z
current_emerging_002_plan_completed,current_emerging_002,plan_completed,2026-09-07T00:00:00Z,2026-09-07T00:01:00Z
current_established_066_campaign_launched,current_established_066,campaign_launched,2026-09-13T00:00:00Z,2026-09-13T00:01:00Z
baseline_growth_062_plan_started,baseline_growth_062,plan_started,2026-08-05T00:00:00Z,2026-08-05T00:01:00Z
baseline_emerging_018_campaign_launched,baseline_emerging_018,campaign_launched,2026-08-07T00:00:00Z,2026-08-07T00:01:00Z
baseline_established_052_plan_started,baseline_established_052,plan_started,2026-08-04T00:00:00Z,2026-08-04T00:01:00Z
current_emerging_049_plan_started,current_emerging_049,plan_started,2026-09-02T00:00:00Z,2026-09-02T00:01:00Z
current_growth_017_plan_completed,current_growth_017,plan_completed,2026-09-11T00:00:00Z,2026-09-11T00:01:00Z
baseline_growth_026_campaign_launched,baseline_growth_026,campaign_launched,2026-08-09T00:00:00Z,2026-08-09T00:01:00Z
baseline_established_049_plan_started,baseline_established_049,plan_started,2026-08-03T00:00:00Z,2026-08-03T00:01:00Z
current_established_023_plan_completed,current_established_023,plan_completed,2026-09-03T00:00:00Z,2026-09-03T00:01:00Z
baseline_established_092_plan_started,baseline_established_092,plan_started,2026-08-04T00:00:00Z,2026-08-04T00:01:00Z
current_growth_020_campaign_launched,current_growth_020,campaign_launched,2026-09-07T00:00:00Z,2026-09-07T00:01:00Z
baseline_emerging_089_plan_started,baseline_emerging_089,plan_started,2026-08-01T00:00:00Z,2026-08-01T00:01:00Z
baseline_growth_065_plan_completed,baseline_growth_065,plan_completed,2026-08-06T00:00:00Z,2026-08-06T00:01:00Z
baseline_established_021_plan_completed,baseline_established_021,plan_completed,2026-08-07T00:00:00Z,2026-08-07T00:01:00Z
current_emerging_005_campaign_launched,current_emerging_005,campaign_launched,2026-09-05T00:00:00Z,2026-09-05T00:01:00Z
current_established_083_plan_started,current_established_083,plan_started,2026-09-01T00:00:00Z,2026-09-01T00:01:00Z
baseline_established_042_plan_completed,baseline_established_042,plan_completed,2026-08-02T00:00:00Z,2026-08-02T00:01:00Z
baseline_growth_010_plan_completed,baseline_growth_010,plan_completed,2026-08-03T00:00:00Z,2026-08-03T00:01:00Z
baseline_established_048_plan_completed,baseline_established_048,plan_completed,2026-08-09T00:00:00Z,2026-08-09T00:01:00Z
baseline_established_021_campaign_launched,baseline_established_021,campaign_launched,2026-08-09T00:00:00Z,2026-08-09T00:01:00Z
current_established_046_plan_started,current_established_046,plan_started,2026-09-02T00:00:00Z,2026-09-02T00:01:00Z
current_emerging_062_plan_started,current_emerging_062,plan_started,2026-09-01T00:00:00Z,2026-09-01T00:01:00Z
baseline_growth_072_plan_started,baseline_growth_072,plan_started,2026-08-09T00:00:00Z,2026-08-09T00:01:00Z
baseline_established_039_campaign_launched,baseline_established_039,campaign_launched,2026-08-10T00:00:00Z,2026-08-10T00:01:00Z
baseline_growth_048_plan_completed,baseline_growth_048,plan_completed,2026-08-09T00:00:00Z,2026-08-09T00:01:00Z
baseline_emerging_012_plan_completed,baseline_emerging_012,plan_completed,2026-08-10T00:00:00Z,2026-08-10T00:01:00Z
baseline_established_068_plan_started,baseline_established_068,plan_started,2026-08-07T00:00:00Z,2026-08-07T00:01:00Z
current_established_030_campaign_launched,current_established_030,campaign_launched,2026-09-13T00:00:00Z,2026-09-13T00:01:00Z
current_growth_026_plan_started,current_growth_026,plan_started,2026-09-01T00:00:00Z,2026-09-01T00:01:00Z
current_emerging_012_campaign_launched,current_emerging_012,campaign_launched,2026-09-07T00:00:00Z,2026-09-07T00:01:00Z
baseline_established_087_plan_completed,baseline_established_087,plan_completed,2026-08-03T00:00:00Z,2026-08-03T00:01:00Z
baseline_established_058_campaign_launched,baseline_established_058,campaign_launched,2026-08-06T00:00:00Z,2026-08-06T00:01:00Z
baseline_established_066_plan_started,baseline_established_066,plan_started,2026-08-09T00:00:00Z,2026-08-09T00:01:00Z
current_growth_071_plan_started,current_growth_071,plan_started,2026-09-05T00:00:00Z,2026-09-05T00:01:00Z
baseline_emerging_007_plan_started,baseline_emerging_007,plan_started,2026-08-01T00:00:00Z,2026-08-01T00:01:00Z
current_growth_027_plan_started,current_growth_027,plan_started,2026-09-06T00:00:00Z,2026-09-06T00:01:00Z
current_growth_013_campaign_launched,current_growth_013,campaign_launched,2026-09-12T00:00:00Z,2026-09-12T00:01:00Z
current_growth_039_plan_started,current_growth_039,plan_started,2026-09-04T00:00:00Z,2026-09-04T00:01:00Z
baseline_growth_023_plan_completed,baseline_growth_023,plan_completed,2026-08-02T00:00:00Z,2026-08-02T00:01:00Z
baseline_growth_041_plan_completed,baseline_growth_041,plan_completed,2026-08-06T00:00:00Z,2026-08-06T00:01:00Z
current_emerging_044_plan_completed,current_emerging_044,plan_completed,2026-09-09T00:00:00Z,2026-09-09T00:01:00Z
baseline_emerging_021_plan_completed,baseline_emerging_021,plan_completed,2026-08-05T00:00:00Z,2026-08-05T00:01:00Z
baseline_established_041_plan_started,baseline_established_041,plan_started,2026-08-06T00:00:00Z,2026-08-06T00:01:00Z
current_established_064_campaign_launched,current_established_064,campaign_launched,2026-09-06T00:00:00Z,2026-09-06T00:01:00Z
baseline_growth_048_campaign_launched,baseline_growth_048,campaign_launched,2026-08-11T00:00:00Z,2026-08-11T00:01:00Z
baseline_established_062_campaign_launched,baseline_established_062,campaign_launched,2026-08-05T00:00:00Z,2026-08-05T00:01:00Z
baseline_emerging_008_plan_completed,baseline_emerging_008,plan_completed,2026-08-02T00:00:00Z,2026-08-02T00:01:00Z
baseline_growth_060_plan_started,baseline_growth_060,plan_started,2026-08-08T00:00:00Z,2026-08-08T00:01:00Z
baseline_growth_052_plan_completed,baseline_growth_052,plan_completed,2026-08-07T00:00:00Z,2026-08-07T00:01:00Z
current_established_022_plan_completed,current_established_022,plan_completed,2026-09-08T00:00:00Z,2026-09-08T00:01:00Z
current_emerging_003_campaign_launched,current_emerging_003,campaign_launched,2026-09-07T00:00:00Z,2026-09-07T00:01:00Z
baseline_emerging_049_plan_started,baseline_emerging_049,plan_started,2026-08-02T00:00:00Z,2026-08-02T00:01:00Z
current_growth_069_plan_completed,current_growth_069,plan_completed,2026-09-03T00:00:00Z,2026-09-03T00:01:00Z
current_emerging_056_plan_started,current_emerging_056,plan_started,2026-09-01T00:00:00Z,2026-09-01T00:01:00Z
current_established_033_plan_started,current_established_033,plan_started,2026-09-05T00:00:00Z,2026-09-05T00:01:00Z
fixture_conflict,fixture_conflict,campaign_launched,2026-08-01T00:00:00Z,2026-08-01T00:01:00Z
current_established_026_plan_completed,current_established_026,plan_completed,2026-09-10T00:00:00Z,2026-09-10T00:01:00Z
fixture_immature,fixture_immature,plan_started,2026-10-05T00:00:00Z,2026-10-05T00:01:00Z
current_emerging_041_plan_started,current_emerging_041,plan_started,2026-09-01T00:00:00Z,2026-09-01T00:01:00Z
baseline_established_000_plan_completed,baseline_established_000,plan_completed,2026-08-11T00:00:00Z,2026-08-11T00:01:00Z
baseline_growth_063_plan_started,baseline_growth_063,plan_started,2026-08-01T00:00:00Z,2026-08-01T00:01:00Z
current_growth_061_plan_completed,current_growth_061,plan_completed,2026-09-06T00:00:00Z,2026-09-06T00:01:00Z
current_growth_061_plan_started,current_growth_061,plan_started,2026-09-05T00:00:00Z,2026-09-05T00:01:00Z
baseline_growth_023_plan_started,baseline_growth_023,plan_started,2026-08-01T00:00:00Z,2026-08-01T00:01:00Z
current_emerging_046_plan_started,current_emerging_046,plan_started,2026-09-10T00:00:00Z,2026-09-10T00:01:00Z
baseline_emerging_044_plan_started,baseline_emerging_044,plan_started,2026-08-10T00:00:00Z,2026-08-10T00:01:00Z
current_established_034_plan_started,current_established_034,plan_started,2026-09-04T00:00:00Z,2026-09-04T00:01:00Z
current_growth_068_plan_completed,current_growth_068,plan_completed,2026-09-03T00:00:00Z,2026-09-03T00:01:00Z
current_growth_025_plan_completed,current_growth_025,plan_completed,2026-09-05T00:00:00Z,2026-09-05T00:01:00Z
baseline_emerging_019_plan_completed,baseline_emerging_019,plan_completed,2026-08-07T00:00:00Z,2026-08-07T00:01:00Z
current_growth_058_plan_completed,current_growth_058,plan_completed,2026-09-06T00:00:00Z,2026-09-06T00:01:00Z
current_growth_040_plan_completed,current_growth_040,plan_completed,2026-09-09T00:00:00Z,2026-09-09T00:01:00Z
baseline_growth_046_plan_started,baseline_growth_046,plan_started,2026-08-08T00:00:00Z,2026-08-08T00:01:00Z
baseline_emerging_055_plan_started,baseline_emerging_055,plan_started,2026-08-02T00:00:00Z,2026-08-02T00:01:00Z
current_emerging_035_plan_started,current_emerging_035,plan_started,2026-09-02T00:00:00Z,2026-09-02T00:01:00Z
baseline_established_057_campaign_launched,baseline_established_057,campaign_launched,2026-08-04T00:00:00Z,2026-08-04T00:01:00Z
baseline_growth_025_campaign_launched,baseline_growth_025,campaign_launched,2026-08-13T00:00:00Z,2026-08-13T00:01:00Z
baseline_established_030_campaign_launched,baseline_established_030,campaign_launched,2026-08-12T00:00:00Z,2026-08-12T00:01:00Z
current_growth_010_plan_started,current_growth_010,plan_started,2026-09-04T00:00:00Z,2026-09-04T00:01:00Z
baseline_growth_017_plan_completed,baseline_growth_017,plan_completed,2026-08-05T00:00:00Z,2026-08-05T00:01:00Z
baseline_growth_027_campaign_launched,baseline_growth_027,campaign_launched,2026-08-13T00:00:00Z,2026-08-13T00:01:00Z
baseline_established_047_plan_completed,baseline_established_047,plan_completed,2026-08-07T00:00:00Z,2026-08-07T00:01:00Z
baseline_established_061_plan_completed,baseline_established_061,plan_completed,2026-08-08T00:00:00Z,2026-08-08T00:01:00Z
baseline_established_051_plan_started,baseline_established_051,plan_started,2026-08-09T00:00:00Z,2026-08-09T00:01:00Z
current_established_052_plan_started,current_established_052,plan_started,2026-09-05T00:00:00Z,2026-09-05T00:01:00Z
current_growth_000_campaign_launched,current_growth_000,campaign_launched,2026-09-06T00:00:00Z,2026-09-06T00:01:00Z
current_established_027_campaign_launched,current_established_027,campaign_launched,2026-09-09T00:00:00Z,2026-09-09T00:01:00Z
current_emerging_048_plan_completed,current_emerging_048,plan_completed,2026-09-02T00:00:00Z,2026-09-02T00:01:00Z
current_established_044_campaign_launched,current_established_044,campaign_launched,2026-09-12T00:00:00Z,2026-09-12T00:01:00Z
baseline_established_048_campaign_launched,baseline_established_048,campaign_launched,2026-08-11T00:00:00Z,2026-08-11T00:01:00Z
current_growth_088_plan_started,current_growth_088,plan_started,2026-09-03T00:00:00Z,2026-09-03T00:01:00Z
current_growth_006_campaign_launched,current_growth_006,campaign_launched,2026-09-04T00:00:00Z,2026-09-04T00:01:00Z
current_emerging_051_plan_started,current_emerging_051,plan_started,2026-09-10T00:00:00Z,2026-09-10T00:01:00Z
baseline_established_070_plan_completed,baseline_established_070,plan_completed,2026-08-05T00:00:00Z,2026-08-05T00:01:00Z
baseline_growth_002_plan_started,baseline_growth_002,plan_started,2026-08-04T00:00:00Z,2026-08-04T00:01:00Z
baseline_emerging_086_plan_started,baseline_emerging_086,plan_started,2026-08-07T00:00:00Z,2026-08-07T00:01:00Z
current_growth_019_plan_completed,current_growth_019,plan_completed,2026-09-05T00:00:00Z,2026-09-05T00:01:00Z
current_growth_053_plan_started,current_growth_053,plan_started,2026-09-10T00:00:00Z,2026-09-10T00:01:00Z
baseline_established_015_campaign_launched,baseline_established_015,campaign_launched,2026-08-11T00:00:00Z,2026-08-11T00:01:00Z
current_emerging_020_campaign_launched,current_emerging_020,campaign_launched,2026-09-12T00:00:00Z,2026-09-12T00:01:00Z
baseline_established_019_campaign_launched,baseline_established_019,campaign_launched,2026-08-05T00:00:00Z,2026-08-05T00:01:00Z
current_growth_008_campaign_launched,current_growth_008,campaign_launched,2026-09-13T00:00:00Z,2026-09-13T00:01:00Z
baseline_emerging_020_plan_started,baseline_emerging_020,plan_started,2026-08-04T00:00:00Z,2026-08-04T00:01:00Z
baseline_growth_025_plan_started,baseline_growth_025,plan_started,2026-08-10T00:00:00Z,2026-08-10T00:01:00Z
current_emerging_010_campaign_launched,current_emerging_010,campaign_launched,2026-09-05T00:00:00Z,2026-09-05T00:01:00Z
baseline_emerging_017_plan_started,baseline_emerging_017,plan_started,2026-08-08T00:00:00Z,2026-08-08T00:01:00Z
baseline_established_005_plan_started,baseline_established_005,plan_started,2026-08-07T00:00:00Z,2026-08-07T00:01:00Z
baseline_emerging_006_campaign_launched,baseline_emerging_006,campaign_launched,2026-08-07T00:00:00Z,2026-08-07T00:01:00Z
current_established_011_campaign_launched,current_established_011,campaign_launched,2026-09-11T00:00:00Z,2026-09-11T00:01:00Z
current_growth_028_plan_started,current_growth_028,plan_started,2026-09-04T00:00:00Z,2026-09-04T00:01:00Z
current_established_077_plan_started,current_established_077,plan_started,2026-09-01T00:00:00Z,2026-09-01T00:01:00Z
current_established_098_plan_started,current_established_098,plan_started,2026-09-04T00:00:00Z,2026-09-04T00:01:00Z
current_emerging_022_campaign_launched,current_emerging_022,campaign_launched,2026-09-05T00:00:00Z,2026-09-05T00:01:00Z
baseline_growth_057_plan_completed,baseline_growth_057,plan_completed,2026-08-11T00:00:00Z,2026-08-11T00:01:00Z
current_emerging_000_campaign_launched,current_emerging_000,campaign_launched,2026-09-05T00:00:00Z,2026-09-05T00:01:00Z
current_emerging_092_plan_started,current_emerging_092,plan_started,2026-09-01T00:00:00Z,2026-09-01T00:01:00Z
current_established_037_plan_completed,current_established_037,plan_completed,2026-09-06T00:00:00Z,2026-09-06T00:01:00Z
baseline_growth_040_plan_started,baseline_growth_040,plan_started,2026-08-03T00:00:00Z,2026-08-03T00:01:00Z
baseline_growth_077_plan_started,baseline_growth_077,plan_started,2026-08-05T00:00:00Z,2026-08-05T00:01:00Z
current_established_062_plan_started,current_established_062,plan_started,2026-09-03T00:00:00Z,2026-09-03T00:01:00Z
baseline_emerging_009_plan_completed,baseline_emerging_009,plan_completed,2026-08-04T00:00:00Z,2026-08-04T00:01:00Z
baseline_growth_053_plan_completed,baseline_growth_053,plan_completed,2026-08-05T00:00:00Z,2026-08-05T00:01:00Z
current_growth_083_plan_started,current_growth_083,plan_started,2026-09-02T00:00:00Z,2026-09-02T00:01:00Z
baseline_emerging_077_plan_started,baseline_emerging_077,plan_started,2026-08-08T00:00:00Z,2026-08-08T00:01:00Z
current_established_022_campaign_launched,current_established_022,campaign_launched,2026-09-10T00:00:00Z,2026-09-10T00:01:00Z
current_growth_017_plan_started,current_growth_017,plan_started,2026-09-10T00:00:00Z,2026-09-10T00:01:00Z
baseline_established_082_plan_completed,baseline_established_082,plan_completed,2026-08-08T00:00:00Z,2026-08-08T00:01:00Z
current_emerging_021_campaign_launched,current_emerging_021,campaign_launched,2026-09-05T00:00:00Z,2026-09-05T00:01:00Z
baseline_established_022_plan_completed,baseline_established_022,plan_completed,2026-08-09T00:00:00Z,2026-08-09T00:01:00Z
current_emerging_028_plan_completed,current_emerging_028,plan_completed,2026-09-08T00:00:00Z,2026-09-08T00:01:00Z
current_emerging_046_plan_completed,current_emerging_046,plan_completed,2026-09-11T00:00:00Z,2026-09-11T00:01:00Z
current_emerging_003_plan_completed,current_emerging_003,plan_completed,2026-09-05T00:00:00Z,2026-09-05T00:01:00Z
current_established_010_plan_completed,current_established_010,plan_completed,2026-09-09T00:00:00Z,2026-09-09T00:01:00Z
current_growth_003_plan_completed,current_growth_003,plan_completed,2026-09-10T00:00:00Z,2026-09-10T00:01:00Z
baseline_established_009_plan_completed,baseline_established_009,plan_completed,2026-08-04T00:00:00Z,2026-08-04T00:01:00Z
baseline_growth_040_plan_completed,baseline_growth_040,plan_completed,2026-08-04T00:00:00Z,2026-08-04T00:01:00Z
baseline_growth_056_plan_completed,baseline_growth_056,plan_completed,2026-08-02T00:00:00Z,2026-08-02T00:01:00Z
baseline_growth_029_plan_completed,baseline_growth_029,plan_completed,2026-08-08T00:00:00Z,2026-08-08T00:01:00Z
baseline_established_051_plan_completed,baseline_established_051,plan_completed,2026-08-10T00:00:00Z,2026-08-10T00:01:00Z
current_emerging_049_plan_completed,current_emerging_049,plan_completed,2026-09-03T00:00:00Z,2026-09-03T00:01:00Z
current_growth_029_plan_started,current_growth_029,plan_started,2026-09-07T00:00:00Z,2026-09-07T00:01:00Z
baseline_emerging_003_plan_completed,baseline_emerging_003,plan_completed,2026-08-05T00:00:00Z,2026-08-05T00:01:00Z
current_emerging_075_plan_started,current_emerging_075,plan_started,2026-09-03T00:00:00Z,2026-09-03T00:01:00Z
baseline_growth_008_campaign_launched,baseline_growth_008,campaign_launched,2026-08-09T00:00:00Z,2026-08-09T00:01:00Z
baseline_growth_050_plan_completed,baseline_growth_050,plan_completed,2026-08-03T00:00:00Z,2026-08-03T00:01:00Z
current_growth_023_campaign_launched,current_growth_023,campaign_launched,2026-09-12T00:00:00Z,2026-09-12T00:01:00Z
current_emerging_060_plan_started,current_emerging_060,plan_started,2026-09-05T00:00:00Z,2026-09-05T00:01:00Z
baseline_emerging_001_plan_started,baseline_emerging_001,plan_started,2026-08-07T00:00:00Z,2026-08-07T00:01:00Z
current_established_081_plan_completed,current_established_081,plan_completed,2026-09-09T00:00:00Z,2026-09-09T00:01:00Z
baseline_growth_003_plan_started,baseline_growth_003,plan_started,2026-08-08T00:00:00Z,2026-08-08T00:01:00Z
baseline_established_060_plan_started,baseline_established_060,plan_started,2026-08-07T00:00:00Z,2026-08-07T00:01:00Z
current_established_055_plan_started,current_established_055,plan_started,2026-09-10T00:00:00Z,2026-09-10T00:01:00Z
current_established_089_plan_started,current_established_089,plan_started,2026-09-04T00:00:00Z,2026-09-04T00:01:00Z
current_established_085_plan_completed,current_established_085,plan_completed,2026-09-11T00:00:00Z,2026-09-11T00:01:00Z
current_growth_091_plan_started,current_growth_091,plan_started,2026-09-10T00:00:00Z,2026-09-10T00:01:00Z
current_established_037_campaign_launched,current_established_037,campaign_launched,2026-09-08T00:00:00Z,2026-09-08T00:01:00Z
current_established_070_plan_started,current_established_070,plan_started,2026-09-06T00:00:00Z,2026-09-06T00:01:00Z
current_growth_082_plan_started,current_growth_082,plan_started,2026-09-04T00:00:00Z,2026-09-04T00:01:00Z
current_established_002_plan_started,current_established_002,plan_started,2026-09-10T00:00:00Z,2026-09-10T00:01:00Z
baseline_growth_078_plan_started,baseline_growth_078,plan_started,2026-08-05T00:00:00Z,2026-08-05T00:01:00Z
baseline_established_013_campaign_launched,baseline_established_013,campaign_launched,2026-08-05T00:00:00Z,2026-08-05T00:01:00Z
baseline_established_074_plan_completed,baseline_established_074,plan_completed,2026-08-11T00:00:00Z,2026-08-11T00:01:00Z
current_established_024_plan_completed,current_established_024,plan_completed,2026-09-06T00:00:00Z,2026-09-06T00:01:00Z
baseline_established_045_plan_completed,baseline_established_045,plan_completed,2026-08-07T00:00:00Z,2026-08-07T00:01:00Z
baseline_growth_058_plan_completed,baseline_growth_058,plan_completed,2026-08-05T00:00:00Z,2026-08-05T00:01:00Z
baseline_growth_066_plan_started,baseline_growth_066,plan_started,2026-08-09T00:00:00Z,2026-08-09T00:01:00Z
current_emerging_006_plan_started,current_emerging_006,plan_started,2026-09-09T00:00:00Z,2026-09-09T00:01:00Z
baseline_emerging_047_plan_started,baseline_emerging_047,plan_started,2026-08-04T00:00:00Z,2026-08-04T00:01:00Z
current_established_077_plan_completed,current_established_077,plan_completed,2026-09-02T00:00:00Z,2026-09-02T00:01:00Z
current_established_063_plan_started,current_established_063,plan_started,2026-09-06T00:00:00Z,2026-09-06T00:01:00Z
current_established_017_plan_completed,current_established_017,plan_completed,2026-09-10T00:00:00Z,2026-09-10T00:01:00Z
current_growth_002_plan_completed,current_growth_002,plan_completed,2026-09-07T00:00:00Z,2026-09-07T00:01:00Z
baseline_emerging_080_plan_started,baseline_emerging_080,plan_started,2026-08-09T00:00:00Z,2026-08-09T00:01:00Z
baseline_growth_083_plan_started,baseline_growth_083,plan_started,2026-08-06T00:00:00Z,2026-08-06T00:01:00Z
baseline_emerging_002_plan_started,baseline_emerging_002,plan_started,2026-08-01T00:00:00Z,2026-08-01T00:01:00Z
baseline_growth_016_plan_completed,baseline_growth_016,plan_completed,2026-08-02T00:00:00Z,2026-08-02T00:01:00Z
baseline_emerging_038_plan_completed,baseline_emerging_038,plan_completed,2026-08-09T00:00:00Z,2026-08-09T00:01:00Z
baseline_emerging_040_plan_started,baseline_emerging_040,plan_started,2026-08-05T00:00:00Z,2026-08-05T00:01:00Z
baseline_established_089_plan_completed,baseline_established_089,plan_completed,2026-08-11T00:00:00Z,2026-08-11T00:01:00Z
baseline_emerging_004_plan_started,baseline_emerging_004,plan_started,2026-08-02T00:00:00Z,2026-08-02T00:01:00Z
baseline_emerging_016_plan_completed,baseline_emerging_016,plan_completed,2026-08-03T00:00:00Z,2026-08-03T00:01:00Z
baseline_growth_035_plan_completed,baseline_growth_035,plan_completed,2026-08-02T00:00:00Z,2026-08-02T00:01:00Z
current_emerging_038_plan_completed,current_emerging_038,plan_completed,2026-09-09T00:00:00Z,2026-09-09T00:01:00Z
baseline_emerging_094_plan_started,baseline_emerging_094,plan_started,2026-08-03T00:00:00Z,2026-08-03T00:01:00Z
baseline_growth_068_plan_completed,baseline_growth_068,plan_completed,2026-08-09T00:00:00Z,2026-08-09T00:01:00Z
baseline_growth_060_plan_completed,baseline_growth_060,plan_completed,2026-08-09T00:00:00Z,2026-08-09T00:01:00Z
current_growth_037_campaign_launched,current_growth_037,campaign_launched,2026-09-12T00:00:00Z,2026-09-12T00:01:00Z
current_growth_033_plan_started,current_growth_033,plan_started,2026-09-01T00:00:00Z,2026-09-01T00:01:00Z
current_growth_062_plan_completed,current_growth_062,plan_completed,2026-09-10T00:00:00Z,2026-09-10T00:01:00Z
current_growth_012_plan_completed,current_growth_012,plan_completed,2026-09-03T00:00:00Z,2026-09-03T00:01:00Z
current_growth_040_plan_started,current_growth_040,plan_started,2026-09-08T00:00:00Z,2026-09-08T00:01:00Z
current_established_044_plan_completed,current_established_044,plan_completed,2026-09-10T00:00:00Z,2026-09-10T00:01:00Z
baseline_established_014_campaign_launched,baseline_established_014,campaign_launched,2026-08-08T00:00:00Z,2026-08-08T00:01:00Z
baseline_established_039_plan_completed,baseline_established_039,plan_completed,2026-08-08T00:00:00Z,2026-08-08T00:01:00Z
current_established_099_plan_started,current_established_099,plan_started,2026-09-06T00:00:00Z,2026-09-06T00:01:00Z
baseline_established_042_plan_started,baseline_established_042,plan_started,2026-08-01T00:00:00Z,2026-08-01T00:01:00Z
baseline_established_028_campaign_launched,baseline_established_028,campaign_launched,2026-08-05T00:00:00Z,2026-08-05T00:01:00Z
baseline_established_025_plan_started,baseline_established_025,plan_started,2026-08-07T00:00:00Z,2026-08-07T00:01:00Z
current_established_031_plan_completed,current_established_031,plan_completed,2026-09-06T00:00:00Z,2026-09-06T00:01:00Z
current_growth_014_plan_started,current_growth_014,plan_started,2026-09-03T00:00:00Z,2026-09-03T00:01:00Z
current_established_044_plan_started,current_established_044,plan_started,2026-09-09T00:00:00Z,2026-09-09T00:01:00Z
current_growth_060_plan_started,current_growth_060,plan_started,2026-09-05T00:00:00Z,2026-09-05T00:01:00Z
baseline_emerging_005_campaign_launched,baseline_emerging_005,campaign_launched,2026-08-13T00:00:00Z,2026-08-13T00:01:00Z
current_emerging_039_plan_completed,current_emerging_039,plan_completed,2026-09-09T00:00:00Z,2026-09-09T00:01:00Z
current_established_058_campaign_launched,current_established_058,campaign_launched,2026-09-04T00:00:00Z,2026-09-04T00:01:00Z
current_emerging_014_plan_started,current_emerging_014,plan_started,2026-09-06T00:00:00Z,2026-09-06T00:01:00Z
baseline_emerging_022_plan_started,baseline_emerging_022,plan_started,2026-08-06T00:00:00Z,2026-08-06T00:01:00Z
baseline_established_013_plan_started,baseline_established_013,plan_started,2026-08-02T00:00:00Z,2026-08-02T00:01:00Z
baseline_established_024_campaign_launched,baseline_established_024,campaign_launched,2026-08-11T00:00:00Z,2026-08-11T00:01:00Z
baseline_growth_052_plan_started,baseline_growth_052,plan_started,2026-08-06T00:00:00Z,2026-08-06T00:01:00Z
current_growth_044_plan_completed,current_growth_044,plan_completed,2026-09-05T00:00:00Z,2026-09-05T00:01:00Z
baseline_growth_021_campaign_launched,baseline_growth_021,campaign_launched,2026-08-04T00:00:00Z,2026-08-04T00:01:00Z
current_growth_056_plan_started,current_growth_056,plan_started,2026-09-01T00:00:00Z,2026-09-01T00:01:00Z
current_established_032_campaign_launched,current_established_032,campaign_launched,2026-09-05T00:00:00Z,2026-09-05T00:01:00Z
baseline_growth_050_plan_started,baseline_growth_050,plan_started,2026-08-02T00:00:00Z,2026-08-02T00:01:00Z
baseline_growth_046_campaign_launched,baseline_growth_046,campaign_launched,2026-08-11T00:00:00Z,2026-08-11T00:01:00Z
current_established_025_plan_completed,current_established_025,plan_completed,2026-09-06T00:00:00Z,2026-09-06T00:01:00Z
baseline_established_037_plan_started,baseline_established_037,plan_started,2026-08-06T00:00:00Z,2026-08-06T00:01:00Z
current_established_035_plan_completed,current_established_035,plan_completed,2026-09-10T00:00:00Z,2026-09-10T00:01:00Z
current_growth_030_campaign_launched,current_growth_030,campaign_launched,2026-09-06T00:00:00Z,2026-09-06T00:01:00Z
current_established_069_plan_started,current_established_069,plan_started,2026-09-01T00:00:00Z,2026-09-01T00:01:00Z
baseline_established_044_plan_completed,baseline_established_044,plan_completed,2026-08-06T00:00:00Z,2026-08-06T00:01:00Z
current_growth_042_plan_completed,current_growth_042,plan_completed,2026-09-02T00:00:00Z,2026-09-02T00:01:00Z
baseline_growth_043_plan_completed,baseline_growth_043,plan_completed,2026-08-06T00:00:00Z,2026-08-06T00:01:00Z
current_established_072_plan_started,current_established_072,plan_started,2026-09-03T00:00:00Z,2026-09-03T00:01:00Z
current_established_068_campaign_launched,current_established_068,campaign_launched,2026-09-06T00:00:00Z,2026-09-06T00:01:00Z
baseline_established_041_campaign_launched,baseline_established_041,campaign_launched,2026-08-09T00:00:00Z,2026-08-09T00:01:00Z
baseline_emerging_033_plan_completed,baseline_emerging_033,plan_completed,2026-08-06T00:00:00Z,2026-08-06T00:01:00Z
baseline_growth_006_plan_started,baseline_growth_006,plan_started,2026-08-04T00:00:00Z,2026-08-04T00:01:00Z
baseline_growth_033_plan_completed,baseline_growth_033,plan_completed,2026-08-11T00:00:00Z,2026-08-11T00:01:00Z
current_established_069_campaign_launched,current_established_069,campaign_launched,2026-09-04T00:00:00Z,2026-09-04T00:01:00Z
current_established_036_campaign_launched,current_established_036,campaign_launched,2026-09-07T00:00:00Z,2026-09-07T00:01:00Z
current_growth_011_plan_completed,current_growth_011,plan_completed,2026-09-07T00:00:00Z,2026-09-07T00:01:00Z
baseline_growth_001_campaign_launched,baseline_growth_001,campaign_launched,2026-08-11T00:00:00Z,2026-08-11T00:01:00Z
baseline_emerging_063_plan_started,baseline_emerging_063,plan_started,2026-08-08T00:00:00Z,2026-08-08T00:01:00Z
current_emerging_042_plan_completed,current_emerging_042,plan_completed,2026-09-09T00:00:00Z,2026-09-09T00:01:00Z
baseline_established_010_plan_started,baseline_established_010,plan_started,2026-08-01T00:00:00Z,2026-08-01T00:01:00Z
current_growth_017_campaign_launched,current_growth_017,campaign_launched,2026-09-13T00:00:00Z,2026-09-13T00:01:00Z
current_established_078_plan_started,current_established_078,plan_started,2026-09-06T00:00:00Z,2026-09-06T00:01:00Z
current_established_038_plan_completed,current_established_038,plan_completed,2026-09-04T00:00:00Z,2026-09-04T00:01:00Z
baseline_emerging_004_plan_completed,baseline_emerging_004,plan_completed,2026-08-03T00:00:00Z,2026-08-03T00:01:00Z
current_established_070_plan_completed,current_established_070,plan_completed,2026-09-07T00:00:00Z,2026-09-07T00:01:00Z
baseline_growth_011_campaign_launched,baseline_growth_011,campaign_launched,2026-08-08T00:00:00Z,2026-08-08T00:01:00Z
baseline_growth_044_plan_completed,baseline_growth_044,plan_completed,2026-08-07T00:00:00Z,2026-08-07T00:01:00Z
baseline_growth_082_plan_started,baseline_growth_082,plan_started,2026-08-06T00:00:00Z,2026-08-06T00:01:00Z
baseline_growth_015_plan_completed,baseline_growth_015,plan_completed,2026-08-06T00:00:00Z,2026-08-06T00:01:00Z
current_growth_034_plan_started,current_growth_034,plan_started,2026-09-10T00:00:00Z,2026-09-10T00:01:00Z
current_emerging_034_plan_started,current_emerging_034,plan_started,2026-09-04T00:00:00Z,2026-09-04T00:01:00Z
current_growth_019_plan_started,current_growth_019,plan_started,2026-09-04T00:00:00Z,2026-09-04T00:01:00Z
baseline_established_014_plan_started,baseline_established_014,plan_started,2026-08-05T00:00:00Z,2026-08-05T00:01:00Z
current_established_016_plan_started,current_established_016,plan_started,2026-09-01T00:00:00Z,2026-09-01T00:01:00Z
baseline_growth_066_plan_completed,baseline_growth_066,plan_completed,2026-08-10T00:00:00Z,2026-08-10T00:01:00Z
current_emerging_058_plan_started,current_emerging_058,plan_started,2026-09-02T00:00:00Z,2026-09-02T00:01:00Z
current_established_043_plan_started,current_established_043,plan_started,2026-09-07T00:00:00Z,2026-09-07T00:01:00Z
baseline_emerging_013_plan_started,baseline_emerging_013,plan_started,2026-08-01T00:00:00Z,2026-08-01T00:01:00Z
baseline_emerging_000_plan_started,baseline_emerging_000,plan_started,2026-08-01T00:00:00Z,2026-08-01T00:01:00Z
current_emerging_040_plan_completed,current_emerging_040,plan_completed,2026-09-06T00:00:00Z,2026-09-06T00:01:00Z
baseline_emerging_027_campaign_launched,baseline_emerging_027,campaign_launched,2026-08-06T00:00:00Z,2026-08-06T00:01:00Z
baseline_established_051_campaign_launched,baseline_established_051,campaign_launched,2026-08-12T00:00:00Z,2026-08-12T00:01:00Z
baseline_emerging_029_plan_started,baseline_emerging_029,plan_started,2026-08-02T00:00:00Z,2026-08-02T00:01:00Z
current_established_015_plan_completed,current_established_015,plan_completed,2026-09-11T00:00:00Z,2026-09-11T00:01:00Z
baseline_growth_030_plan_completed,baseline_growth_030,plan_completed,2026-08-05T00:00:00Z,2026-08-05T00:01:00Z
baseline_emerging_091_plan_started,baseline_emerging_091,plan_started,2026-08-03T00:00:00Z,2026-08-03T00:01:00Z
current_established_053_plan_completed,current_established_053,plan_completed,2026-09-03T00:00:00Z,2026-09-03T00:01:00Z
baseline_established_083_plan_completed,baseline_established_083,plan_completed,2026-08-09T00:00:00Z,2026-08-09T00:01:00Z
baseline_emerging_031_plan_started,baseline_emerging_031,plan_started,2026-08-01T00:00:00Z,2026-08-01T00:01:00Z
baseline_emerging_016_campaign_launched,baseline_emerging_016,campaign_launched,2026-08-05T00:00:00Z,2026-08-05T00:01:00Z
baseline_emerging_026_plan_started,baseline_emerging_026,plan_started,2026-08-08T00:00:00Z,2026-08-08T00:01:00Z
current_growth_034_plan_completed,current_growth_034,plan_completed,2026-09-11T00:00:00Z,2026-09-11T00:01:00Z
current_growth_039_plan_completed,current_growth_039,plan_completed,2026-09-05T00:00:00Z,2026-09-05T00:01:00Z
current_growth_018_campaign_launched,current_growth_018,campaign_launched,2026-09-13T00:00:00Z,2026-09-13T00:01:00Z
current_growth_020_plan_completed,current_growth_020,plan_completed,2026-09-05T00:00:00Z,2026-09-05T00:01:00Z
current_established_042_campaign_launched,current_established_042,campaign_launched,2026-09-12T00:00:00Z,2026-09-12T00:01:00Z
baseline_growth_021_plan_started,baseline_growth_021,plan_started,2026-08-01T00:00:00Z,2026-08-01T00:01:00Z
current_emerging_009_plan_completed,current_emerging_009,plan_completed,2026-09-05T00:00:00Z,2026-09-05T00:01:00Z
current_emerging_069_plan_started,current_emerging_069,plan_started,2026-09-04T00:00:00Z,2026-09-04T00:01:00Z
current_emerging_012_plan_started,current_emerging_012,plan_started,2026-09-04T00:00:00Z,2026-09-04T00:01:00Z
current_emerging_014_plan_completed,current_emerging_014,plan_completed,2026-09-07T00:00:00Z,2026-09-07T00:01:00Z
baseline_growth_063_plan_completed,baseline_growth_063,plan_completed,2026-08-02T00:00:00Z,2026-08-02T00:01:00Z
current_emerging_077_plan_started,current_emerging_077,plan_started,2026-09-03T00:00:00Z,2026-09-03T00:01:00Z
current_established_048_plan_completed,current_established_048,plan_completed,2026-09-03T00:00:00Z,2026-09-03T00:01:00Z
baseline_emerging_099_plan_started,baseline_emerging_099,plan_started,2026-08-10T00:00:00Z,2026-08-10T00:01:00Z
current_established_034_plan_completed,current_established_034,plan_completed,2026-09-05T00:00:00Z,2026-09-05T00:01:00Z
current_growth_093_plan_started,current_growth_093,plan_started,2026-09-04T00:00:00Z,2026-09-04T00:01:00Z
current_emerging_022_plan_completed,current_emerging_022,plan_completed,2026-09-03T00:00:00Z,2026-09-03T00:01:00Z
baseline_emerging_062_plan_started,baseline_emerging_062,plan_started,2026-08-06T00:00:00Z,2026-08-06T00:01:00Z
current_established_009_plan_completed,current_established_009,plan_completed,2026-09-07T00:00:00Z,2026-09-07T00:01:00Z
baseline_emerging_003_campaign_launched,baseline_emerging_003,campaign_launched,2026-08-07T00:00:00Z,2026-08-07T00:01:00Z
baseline_established_054_plan_completed,baseline_established_054,plan_completed,2026-08-06T00:00:00Z,2026-08-06T00:01:00Z
baseline_emerging_011_campaign_launched,baseline_emerging_011,campaign_launched,2026-08-04T00:00:00Z,2026-08-04T00:01:00Z
current_established_011_plan_completed,current_established_011,plan_completed,2026-09-09T00:00:00Z,2026-09-09T00:01:00Z
baseline_established_073_plan_completed,baseline_established_073,plan_completed,2026-08-11T00:00:00Z,2026-08-11T00:01:00Z
baseline_emerging_000_plan_completed,baseline_emerging_000,campaign_launched,2026-08-02T00:00:00Z,2026-10-09T00:00:00Z
baseline_growth_018_campaign_launched,baseline_growth_018,campaign_launched,2026-08-05T00:00:00Z,2026-08-05T00:01:00Z
current_growth_076_plan_started,current_growth_076,plan_started,2026-09-02T00:00:00Z,2026-09-02T00:01:00Z
baseline_emerging_082_plan_started,baseline_emerging_082,plan_started,2026-08-07T00:00:00Z,2026-08-07T00:01:00Z
baseline_growth_041_plan_started,baseline_growth_041,plan_started,2026-08-05T00:00:00Z,2026-08-05T00:01:00Z
current_established_030_plan_completed,current_established_030,plan_completed,2026-09-11T00:00:00Z,2026-09-11T00:01:00Z
baseline_established_017_plan_started,baseline_established_017,plan_started,2026-08-02T00:00:00Z,2026-08-02T00:01:00Z
current_growth_020_plan_started,current_growth_020,plan_started,2026-09-04T00:00:00Z,2026-09-04T00:01:00Z
current_growth_023_plan_started,current_growth_023,plan_started,2026-09-09T00:00:00Z,2026-09-09T00:01:00Z
current_established_017_plan_started,current_established_017,plan_started,2026-09-09T00:00:00Z,2026-09-09T00:01:00Z
current_growth_016_campaign_launched,current_growth_016,campaign_launched,2026-09-07T00:00:00Z,2026-09-07T00:01:00Z
current_established_009_plan_started,current_established_009,plan_started,2026-09-06T00:00:00Z,2026-09-06T00:01:00Z
baseline_emerging_060_plan_started,baseline_emerging_060,plan_started,2026-08-06T00:00:00Z,2026-08-06T00:01:00Z
current_established_041_plan_completed,current_established_041,plan_completed,2026-09-07T00:00:00Z,2026-09-07T00:01:00Z
baseline_established_008_campaign_launched,baseline_established_008,campaign_launched,2026-08-04T00:00:00Z,2026-08-04T00:01:00Z
baseline_emerging_020_plan_completed,baseline_emerging_020,plan_completed,2026-08-05T00:00:00Z,2026-08-05T00:01:00Z
baseline_growth_017_plan_started,baseline_growth_017,plan_started,2026-08-04T00:00:00Z,2026-08-04T00:01:00Z
current_established_054_plan_started,current_established_054,plan_started,2026-09-04T00:00:00Z,2026-09-04T00:01:00Z
current_established_076_plan_started,current_established_076,plan_started,2026-09-09T00:00:00Z,2026-09-09T00:01:00Z
baseline_emerging_024_plan_started,baseline_emerging_024,plan_started,2026-08-09T00:00:00Z,2026-08-09T00:01:00Z
baseline_growth_064_plan_completed,baseline_growth_064,plan_completed,2026-08-08T00:00:00Z,2026-08-08T00:01:00Z
baseline_established_043_plan_completed,baseline_established_043,plan_completed,2026-08-07T00:00:00Z,2026-08-07T00:01:00Z
baseline_emerging_073_plan_started,baseline_emerging_073,plan_started,2026-08-01T00:00:00Z,2026-08-01T00:01:00Z
baseline_established_016_plan_started,baseline_established_016,plan_started,2026-08-06T00:00:00Z,2026-08-06T00:01:00Z
current_established_071_plan_started,current_established_071,plan_started,2026-09-05T00:00:00Z,2026-09-05T00:01:00Z
baseline_emerging_002_plan_completed,baseline_emerging_002,plan_completed,2026-08-02T00:00:00Z,2026-08-02T00:01:00Z
baseline_established_004_plan_started,baseline_established_004,plan_started,2026-08-07T00:00:00Z,2026-08-07T00:01:00Z
current_established_000_plan_completed,current_established_000,plan_completed,2026-09-10T00:00:00Z,2026-09-10T00:01:00Z
baseline_emerging_008_campaign_launched,baseline_emerging_008,campaign_launched,2026-08-04T00:00:00Z,2026-08-04T00:01:00Z
current_growth_031_plan_completed,current_growth_031,plan_completed,2026-09-06T00:00:00Z,2026-09-06T00:01:00Z
current_established_066_plan_started,current_established_066,plan_started,2026-09-10T00:00:00Z,2026-09-10T00:01:00Z
baseline_growth_023_campaign_launched,baseline_growth_023,campaign_launched,2026-08-04T00:00:00Z,2026-08-04T00:01:00Z
current_emerging_013_plan_completed,current_emerging_013,plan_completed,2026-09-10T00:00:00Z,2026-09-10T00:01:00Z
current_established_078_plan_completed,current_established_078,plan_completed,2026-09-07T00:00:00Z,2026-09-07T00:01:00Z
current_established_072_plan_completed,current_established_072,plan_completed,2026-09-04T00:00:00Z,2026-09-04T00:01:00Z
baseline_established_057_plan_completed,baseline_established_057,plan_completed,2026-08-02T00:00:00Z,2026-08-02T00:01:00Z
baseline_emerging_001_plan_completed,baseline_emerging_001,plan_completed,2026-08-08T00:00:00Z,2026-08-08T00:01:00Z
current_emerging_015_plan_started,current_emerging_015,plan_started,2026-09-06T00:00:00Z,2026-09-06T00:01:00Z
baseline_established_016_campaign_launched,baseline_established_016,campaign_launched,2026-08-09T00:00:00Z,2026-08-09T00:01:00Z
current_established_012_plan_started,current_established_012,plan_started,2026-09-06T00:00:00Z,2026-09-06T00:01:00Z
current_emerging_037_plan_started,current_emerging_037,plan_started,2026-09-09T00:00:00Z,2026-09-09T00:01:00Z
current_emerging_013_campaign_launched,current_emerging_013,campaign_launched,2026-09-12T00:00:00Z,2026-09-12T00:01:00Z
baseline_established_011_plan_completed,baseline_established_011,plan_completed,2026-08-06T00:00:00Z,2026-08-06T00:01:00Z
current_emerging_080_plan_started,current_emerging_080,plan_started,2026-09-03T00:00:00Z,2026-09-03T00:01:00Z
baseline_established_007_campaign_launched,baseline_established_007,campaign_launched,2026-08-09T00:00:00Z,2026-08-09T00:01:00Z
baseline_growth_056_plan_started,baseline_growth_056,plan_started,2026-08-01T00:00:00Z,2026-08-01T00:01:00Z
baseline_emerging_032_plan_completed,baseline_emerging_032,plan_completed,2026-08-08T00:00:00Z,2026-08-08T00:01:00Z
current_emerging_081_plan_started,current_emerging_081,plan_started,2026-09-08T00:00:00Z,2026-09-08T00:01:00Z
current_established_039_campaign_launched,current_established_039,campaign_launched,2026-09-12T00:00:00Z,2026-09-12T00:01:00Z
baseline_emerging_014_plan_started,baseline_emerging_014,plan_started,2026-08-06T00:00:00Z,2026-08-06T00:01:00Z
baseline_growth_053_plan_started,baseline_growth_053,plan_started,2026-08-04T00:00:00Z,2026-08-04T00:01:00Z
current_emerging_007_campaign_launched,current_emerging_007,campaign_launched,2026-09-12T00:00:00Z,2026-09-12T00:01:00Z
current_growth_054_plan_started,current_growth_054,plan_started,2026-09-05T00:00:00Z,2026-09-05T00:01:00Z
current_emerging_006_campaign_launched,current_emerging_006,campaign_launched,2026-09-12T00:00:00Z,2026-09-12T00:01:00Z
baseline_growth_096_plan_started,baseline_growth_096,plan_started,2026-08-10T00:00:00Z,2026-08-10T00:01:00Z
current_established_001_plan_started,current_established_001,plan_started,2026-09-02T00:00:00Z,2026-09-02T00:01:00Z
baseline_growth_070_plan_started,baseline_growth_070,plan_started,2026-08-10T00:00:00Z,2026-08-10T00:01:00Z
baseline_established_098_plan_started,baseline_established_098,plan_started,2026-08-01T00:00:00Z,2026-08-01T00:01:00Z
current_growth_043_plan_completed,current_growth_043,plan_completed,2026-09-11T00:00:00Z,2026-09-11T00:01:00Z
current_established_023_campaign_launched,current_established_023,campaign_launched,2026-09-05T00:00:00Z,2026-09-05T00:01:00Z
baseline_growth_005_plan_started,baseline_growth_005,plan_started,2026-08-05T00:00:00Z,2026-08-05T00:01:00Z
baseline_established_038_campaign_launched,baseline_established_038,campaign_launched,2026-08-11T00:00:00Z,2026-08-11T00:01:00Z
current_emerging_017_campaign_launched,current_emerging_017,campaign_launched,2026-09-08T00:00:00Z,2026-09-08T00:01:00Z
baseline_emerging_019_plan_started,baseline_emerging_019,plan_started,2026-08-06T00:00:00Z,2026-08-06T00:01:00Z
baseline_growth_032_plan_started,baseline_growth_032,plan_started,2026-08-09T00:00:00Z,2026-08-09T00:01:00Z
baseline_growth_062_plan_completed,baseline_growth_062,plan_completed,2026-08-06T00:00:00Z,2026-08-06T00:01:00Z
baseline_growth_036_plan_completed,baseline_growth_036,plan_completed,2026-08-03T00:00:00Z,2026-08-03T00:01:00Z
baseline_growth_024_plan_started,baseline_growth_024,plan_started,2026-08-04T00:00:00Z,2026-08-04T00:01:00Z
current_growth_043_plan_started,current_growth_043,plan_started,2026-09-10T00:00:00Z,2026-09-10T00:01:00Z
current_growth_062_plan_started,current_growth_062,plan_started,2026-09-09T00:00:00Z,2026-09-09T00:01:00Z
current_growth_052_plan_completed,current_growth_052,plan_completed,2026-09-09T00:00:00Z,2026-09-09T00:01:00Z
baseline_growth_003_campaign_launched,baseline_growth_003,campaign_launched,2026-08-11T00:00:00Z,2026-08-11T00:01:00Z
baseline_emerging_022_campaign_launched,baseline_emerging_022,campaign_launched,2026-08-09T00:00:00Z,2026-08-09T00:01:00Z
baseline_emerging_000_plan_completed,baseline_emerging_000,plan_completed,2026-08-02T00:00:00Z,2026-08-02T00:01:00Z
current_emerging_013_plan_started,current_emerging_013,plan_started,2026-09-09T00:00:00Z,2026-09-09T00:01:00Z
current_established_055_campaign_launched,current_established_055,campaign_launched,2026-09-13T00:00:00Z,2026-09-13T00:01:00Z
current_emerging_025_plan_started,current_emerging_025,plan_started,2026-09-04T00:00:00Z,2026-09-04T00:01:00Z
current_growth_004_campaign_launched,current_growth_004,campaign_launched,2026-09-04T00:00:00Z,2026-09-04T00:01:00Z
baseline_established_087_plan_started,baseline_established_087,plan_started,2026-08-02T00:00:00Z,2026-08-02T00:01:00Z
current_growth_046_plan_completed,current_growth_046,plan_completed,2026-09-07T00:00:00Z,2026-09-07T00:01:00Z
baseline_emerging_037_plan_completed,baseline_emerging_037,plan_completed,2026-08-11T00:00:00Z,2026-08-11T00:01:00Z
current_established_020_plan_completed,current_established_020,plan_completed,2026-09-06T00:00:00Z,2026-09-06T00:01:00Z
current_emerging_018_plan_completed,current_emerging_018,plan_completed,2026-09-11T00:00:00Z,2026-09-11T00:01:00Z
current_established_096_plan_started,current_established_096,plan_started,2026-09-06T00:00:00Z,2026-09-06T00:01:00Z
current_emerging_044_plan_started,current_emerging_044,plan_started,2026-09-08T00:00:00Z,2026-09-08T00:01:00Z
baseline_emerging_037_plan_started,baseline_emerging_037,plan_started,2026-08-10T00:00:00Z,2026-08-10T00:01:00Z
baseline_growth_002_plan_completed,baseline_growth_002,plan_completed,2026-08-05T00:00:00Z,2026-08-05T00:01:00Z
current_growth_001_plan_completed,current_growth_001,plan_completed,2026-09-04T00:00:00Z,2026-09-04T00:01:00Z
baseline_emerging_022_plan_completed,baseline_emerging_022,plan_completed,2026-08-07T00:00:00Z,2026-08-07T00:01:00Z
current_established_014_plan_started,current_established_014,plan_started,2026-09-01T00:00:00Z,2026-09-01T00:01:00Z
baseline_established_059_plan_started,baseline_established_059,plan_started,2026-08-09T00:00:00Z,2026-08-09T00:01:00Z
current_growth_036_plan_started,current_growth_036,plan_started,2026-09-08T00:00:00Z,2026-09-08T00:01:00Z
baseline_established_077_plan_started,baseline_established_077,plan_started,2026-08-02T00:00:00Z,2026-08-02T00:01:00Z
baseline_established_003_campaign_launched,baseline_established_003,campaign_launched,2026-08-05T00:00:00Z,2026-08-05T00:01:00Z
baseline_emerging_023_campaign_launched,baseline_emerging_023,campaign_launched,2026-08-06T00:00:00Z,2026-08-06T00:01:00Z
current_growth_043_campaign_launched,current_growth_043,campaign_launched,2026-09-13T00:00:00Z,2026-09-13T00:01:00Z
current_growth_046_plan_started,current_growth_046,plan_started,2026-09-06T00:00:00Z,2026-09-06T00:01:00Z
current_established_076_plan_completed,current_established_076,plan_completed,2026-09-10T00:00:00Z,2026-09-10T00:01:00Z
current_emerging_030_plan_completed,current_emerging_030,plan_completed,2026-09-04T00:00:00Z,2026-09-04T00:01:00Z
current_established_008_plan_completed,current_established_008,plan_completed,2026-09-10T00:00:00Z,2026-09-10T00:01:00Z
current_established_050_plan_started,current_established_050,plan_started,2026-09-09T00:00:00Z,2026-09-09T00:01:00Z
current_emerging_033_plan_completed,current_emerging_033,plan_completed,2026-09-05T00:00:00Z,2026-09-05T00:01:00Z
current_established_065_plan_completed,current_established_065,plan_completed,2026-09-02T00:00:00Z,2026-09-02T00:01:00Z
baseline_established_001_campaign_launched,baseline_established_001,campaign_launched,2026-08-06T00:00:00Z,2026-08-06T00:01:00Z
baseline_growth_025_plan_completed,baseline_growth_025,plan_completed,2026-08-11T00:00:00Z,2026-08-11T00:01:00Z
baseline_emerging_009_plan_started,baseline_emerging_009,plan_started,2026-08-03T00:00:00Z,2026-08-03T00:01:00Z
baseline_growth_004_plan_started,baseline_growth_004,plan_started,2026-08-06T00:00:00Z,2026-08-06T00:01:00Z
baseline_emerging_045_plan_started,baseline_emerging_045,plan_started,2026-08-01T00:00:00Z,2026-08-01T00:01:00Z
current_growth_011_campaign_launched,current_growth_011,campaign_launched,2026-09-09T00:00:00Z,2026-09-09T00:01:00Z
current_emerging_015_campaign_launched,current_emerging_015,campaign_launched,2026-09-09T00:00:00Z,2026-09-09T00:01:00Z
baseline_established_006_plan_started,baseline_established_006,plan_started,2026-08-03T00:00:00Z,2026-08-03T00:01:00Z
baseline_growth_040_campaign_launched,baseline_growth_040,campaign_launched,2026-08-06T00:00:00Z,2026-08-06T00:01:00Z
current_emerging_089_plan_started,current_emerging_089,plan_started,2026-09-02T00:00:00Z,2026-09-02T00:01:00Z
current_established_033_campaign_launched,current_established_033,campaign_launched,2026-09-08T00:00:00Z,2026-09-08T00:01:00Z
baseline_established_095_plan_started,baseline_established_095,plan_started,2026-08-10T00:00:00Z,2026-08-10T00:01:00Z
current_growth_049_plan_completed,current_growth_049,plan_completed,2026-09-06T00:00:00Z,2026-09-06T00:01:00Z
baseline_established_034_plan_started,baseline_established_034,plan_started,2026-08-03T00:00:00Z,2026-08-03T00:01:00Z
current_established_032_plan_started,current_established_032,plan_started,2026-09-02T00:00:00Z,2026-09-02T00:01:00Z
current_established_079_plan_completed,current_established_079,plan_completed,2026-09-11T00:00:00Z,2026-09-11T00:01:00Z
fixture_incomplete,fixture_incomplete,plan_started,2026-08-01T00:00:00Z,2026-08-01T00:01:00Z
current_established_092_plan_started,current_established_092,plan_started,2026-09-07T00:00:00Z,2026-09-07T00:01:00Z
current_growth_085_plan_started,current_growth_085,plan_started,2026-09-08T00:00:00Z,2026-09-08T00:01:00Z
baseline_growth_037_plan_started,baseline_growth_037,plan_started,2026-08-09T00:00:00Z,2026-08-09T00:01:00Z
current_established_011_plan_started,current_established_011,plan_started,2026-09-08T00:00:00Z,2026-09-08T00:01:00Z
baseline_established_025_plan_completed,baseline_established_025,plan_completed,2026-08-08T00:00:00Z,2026-08-08T00:01:00Z
