event_id,hour,scenario,service,requested_tasks,successful_tasks,failed_tasks,retry_attempts,cpu_allocated_millihours,cpu_busy_millihours,memory_gib_millihours,storage_gib_hours,interval_p95_ms,output_fingerprint,cpu_cost_micro,memory_cost_micro,storage_cost_micro,shared_cost_micro,idle_cpu_cost_micro,total_cost_micro
0:batch:baseline,2026-01-05T00:00:00+00:00,baseline,batch,800,792,8,56,50000,29000,400000,940,636,a03a9c6ed7878ccc19c2efef144f41d0be69046508611e29cc511fbc288c86d2,2500000,2000000,94000,20000,1050000,4614000
0:interactive:baseline,2026-01-05T00:00:00+00:00,baseline,interactive,3000,2970,30,210,28000,14560,160000,280,190,afb922b5df1406eb4831a2a3bd862621d9da5d811e1da317575413a6bc8a27e3,1400000,800000,28000,75000,672000,2303000
0:streaming:baseline,2026-01-05T00:00:00+00:00,baseline,streaming,8200,8118,82,574,18000,10260,120000,540,188,010384938ce87e6be36dedb1e1b92b675b9249b8970c3fae3f22a5f2dd209004,900000,600000,54000,205000,387000,1759000
0:batch:mix_only,2026-01-05T00:00:00+00:00,mix_only,batch,400,396,4,28,25000,14500,200000,470,636,1f06856b36831faca110e5a2e9aaae15ca9c99c1d2d5cc0b757e31db5e64189a,1250000,1000000,47000,10000,525000,2307000
0:interactive:mix_only,2026-01-05T00:00:00+00:00,mix_only,interactive,3000,2970,30,210,28000,14560,160000,280,190,a32e0d2834a50e84e77db33e79bcb6d104d7fde002702c6b92697a683b8e96e0,1400000,800000,28000,75000,672000,2303000
0:streaming:mix_only,2026-01-05T00:00:00+00:00,mix_only,streaming,8600,8514,86,602,18878,10760,125853,566,188,cf512e68d16ccb23f9d2016ed3679ac0cba947b7ea2b5cef57c525eb23bf7af8,943900,629265,56600,215000,405900,1844765
0:batch:optimized,2026-01-05T00:00:00+00:00,optimized,batch,800,792,8,28,37500,27550,340000,940,606,a03a9c6ed7878ccc19c2efef144f41d0be69046508611e29cc511fbc288c86d2,1875000,1700000,94000,20000,497500,3689000
0:interactive:optimized,2026-01-05T00:00:00+00:00,optimized,interactive,3000,2970,30,210,19600,13832,128000,280,285,afb922b5df1406eb4831a2a3bd862621d9da5d811e1da317575413a6bc8a27e3,980000,640000,28000,75000,288400,1723000
0:streaming:optimized,2026-01-05T00:00:00+00:00,optimized,streaming,8200,8118,82,574,17100,9747,120000,540,198,010384938ce87e6be36dedb1e1b92b675b9249b8970c3fae3f22a5f2dd209004,855000,600000,54000,205000,367650,1714000
1:batch:baseline,2026-01-05T01:00:00+00:00,baseline,batch,1200,1188,12,84,48000,24000,384000,920,633,4bab7e14347fdbdab6068cf56a30e500b5098f4fa220c5c7effe70023eb607eb,2400000,1920000,92000,26087,1200000,4438087
1:interactive:baseline,2026-01-05T01:00:00+00:00,baseline,interactive,3800,3762,38,190,24000,13920,160000,260,187,460b0d5113f5d0365369b381263e76ae166b2bc13d152582cc2f80a52ee4b1e2,1200000,800000,26000,82609,504000,2108609
1:streaming:baseline,2026-01-05T01:00:00+00:00,baseline,streaming,8800,8712,88,440,18000,9000,120000,500,181,752bd7463bd2feec7d5f0d68f61f7650c0002bbcc3a36574df7b8c4b7263ae17,900000,600000,50000,191304,450000,1741304
1:batch:mix_only,2026-01-05T01:00:00+00:00,mix_only,batch,600,594,6,42,24000,12000,192000,460,633,cde4e4bf1c1e0bee1faf4fea16c5e1c41f53499c8992a0cf3fa3dcc3a5f39523,1200000,960000,46000,13043,600000,2219043
1:interactive:mix_only,2026-01-05T01:00:00+00:00,mix_only,interactive,3800,3762,38,190,24000,13920,160000,260,187,66dfed6b72dec37090b8ef0aa11009c6406f9cad229415ea2f877e100592b102,1200000,800000,26000,82609,504000,2108609
1:streaming:mix_only,2026-01-05T01:00:00+00:00,mix_only,streaming,9400,9306,94,470,19227,9613,128181,534,181,58338d2b9296634e347175a87c95546c8e6559d65d9ccad3a770277490c02f13,961350,640905,53400,204348,480700,1860003
1:batch:optimized,2026-01-05T01:00:00+00:00,optimized,batch,1200,1188,12,42,36000,22800,326400,920,603,4bab7e14347fdbdab6068cf56a30e500b5098f4fa220c5c7effe70023eb607eb,1800000,1632000,92000,26087,660000,3550087
1:interactive:optimized,2026-01-05T01:00:00+00:00,optimized,interactive,3800,3762,38,190,16800,13224,128000,260,282,460b0d5113f5d0365369b381263e76ae166b2bc13d152582cc2f80a52ee4b1e2,840000,640000,26000,82609,178800,1588609
1:streaming:optimized,2026-01-05T01:00:00+00:00,optimized,streaming,8800,8712,88,440,17100,8550,120000,500,191,752bd7463bd2feec7d5f0d68f61f7650c0002bbcc3a36574df7b8c4b7263ae17,855000,600000,50000,191304,427500,1696304
3:batch:baseline,2026-01-05T03:00:00+00:00,baseline,batch,800,792,8,56,52000,26520,400000,920,640,a6d967d98f98a0385429ac0e4205b361c5ebf32d6eb42b809cdca82a7adddee8,2600000,2000000,92000,18750,1274000,4710750
3:interactive:baseline,2026-01-05T03:00:00+00:00,baseline,interactive,3200,3168,32,224,30000,14400,128000,220,199,4abb9cd38f2f936823daf3d90f0316dc3e1aba4a0b23926cdf86725200f5609b,1500000,640000,22000,75000,780000,2237000
3:streaming:baseline,2026-01-05T03:00:00+00:00,baseline,streaming,8800,8712,88,352,24000,12720,104000,520,174,c569c0882e4f2b44cfa7f3f39de1835d8046b03cf1e04e1c048f9c4e22c51315,1200000,520000,52000,206250,564000,1978250
3:batch:mix_only,2026-01-05T03:00:00+00:00,mix_only,batch,400,396,4,28,26000,13260,200000,460,640,ff0206b71014e402d614f5104a0b80f61768e5a9c68925af2a746ea83d900cf5,1300000,1000000,46000,9375,637000,2355375
3:interactive:mix_only,2026-01-05T03:00:00+00:00,mix_only,interactive,3200,3168,32,224,30000,14400,128000,220,199,0006170685f750da91761803cc47c261930b4cc92f0a5d9fe1824c92422d7d1e,1500000,640000,22000,75000,780000,2237000
3:streaming:mix_only,2026-01-05T03:00:00+00:00,mix_only,streaming,9200,9108,92,368,25090,13298,108727,543,174,1aba1bae847ce0fcd17430dd3fa1a5308042f2fae998d27674e12d5af14aa410,1254500,543635,54300,215625,589600,2068060
3:batch:optimized,2026-01-05T03:00:00+00:00,optimized,batch,800,792,8,28,39000,25194,340000,920,610,a6d967d98f98a0385429ac0e4205b361c5ebf32d6eb42b809cdca82a7adddee8,1950000,1700000,92000,18750,690300,3760750
3:interactive:optimized,2026-01-05T03:00:00+00:00,optimized,interactive,3200,3168,32,224,21000,13680,102400,220,294,4abb9cd38f2f936823daf3d90f0316dc3e1aba4a0b23926cdf86725200f5609b,1050000,512000,22000,75000,366000,1659000
3:streaming:optimized,2026-01-05T03:00:00+00:00,optimized,streaming,8800,8712,88,352,22800,12084,104000,520,184,c569c0882e4f2b44cfa7f3f39de1835d8046b03cf1e04e1c048f9c4e22c51315,1140000,520000,52000,206250,535800,1918250
4:batch:baseline,2026-01-05T04:00:00+00:00,baseline,batch,1200,1188,12,72,55000,28050,408000,960,620,e269356752afaabbc69382569e33a05fa5482013a494c589a075ac33d540d9fc,2750000,2040000,96000,28125,1347500,4914125
4:interactive:baseline,2026-01-05T04:00:00+00:00,baseline,interactive,3400,3366,34,204,32000,16640,152000,240,201,ed3303ea2440e09337e959ab2a939f7aff2465b61ca367058fb26180b9b57fee,1600000,760000,24000,79688,768000,2463688
4:streaming:baseline,2026-01-05T04:00:00+00:00,baseline,streaming,8200,8118,82,574,19000,10260,120000,580,190,cabde374d217c272574ffc709657d7906e3169a4a3e91c3afd1fe3fae7f219fb,950000,600000,58000,192187,437000,1800187
4:batch:mix_only,2026-01-05T04:00:00+00:00,mix_only,batch,600,594,6,36,27500,14025,204000,480,620,c99a023947500b76f4da3dd962e092d4cbd4a2d96c6770aa5242fc92d7987c1a,1375000,1020000,48000,14063,673750,2457063
4:interactive:mix_only,2026-01-05T04:00:00+00:00,mix_only,interactive,3400,3366,34,204,32000,16640,152000,240,201,34ab3c8ce4b0b813905f06edffabcc71119a3fdf8715291c68f6394a9d1ccc44,1600000,760000,24000,79687,768000,2463687
4:streaming:mix_only,2026-01-05T04:00:00+00:00,mix_only,streaming,8800,8712,88,616,20390,11010,128780,622,190,db43628b5737b23aca6e041dc43ab849ff06193f21e3913cbfbbbd3ef9d7c552,1019500,643900,62200,206250,469000,1931850
4:batch:optimized,2026-01-05T04:00:00+00:00,optimized,batch,1200,1188,12,36,41250,26647,346800,960,590,e269356752afaabbc69382569e33a05fa5482013a494c589a075ac33d540d9fc,2062500,1734000,96000,28125,730150,3920625
4:interactive:optimized,2026-01-05T04:00:00+00:00,optimized,interactive,3400,3366,34,204,22400,15808,121600,240,296,ed3303ea2440e09337e959ab2a939f7aff2465b61ca367058fb26180b9b57fee,1120000,608000,24000,79688,329600,1831688
4:streaming:optimized,2026-01-05T04:00:00+00:00,optimized,streaming,8200,8118,82,574,18050,9747,120000,580,200,cabde374d217c272574ffc709657d7906e3169a4a3e91c3afd1fe3fae7f219fb,902500,600000,58000,192187,415150,1752687
6:batch:baseline,2026-01-05T06:00:00+00:00,baseline,batch,1400,1386,14,70,54000,28080,408000,920,640,4800541f4d734ffd9099e4579c545b461046465dec8d618567f8ce31d820281b,2700000,2040000,92000,31343,1296000,4863343
6:interactive:baseline,2026-01-05T06:00:00+00:00,baseline,interactive,3800,3762,38,228,32000,16320,152000,280,204,f20ebdb202503482e4105f2762d0e159075030d0b0501ad98d1fc31772e87a3d,1600000,760000,28000,85075,784000,2473075
6:streaming:baseline,2026-01-05T06:00:00+00:00,baseline,streaming,8200,8118,82,574,21000,10710,120000,500,178,8bf41f51e7a2369d65f486b43cdb2764d39a572a439ef79520e0aae9f10857f8,1050000,600000,50000,183582,514500,1883582
6:batch:mix_only,2026-01-05T06:00:00+00:00,mix_only,batch,700,693,7,35,27000,14040,204000,460,640,ee84d9d4da0d423809fb90abafc42e33c7e3954ac06e1e5fe84d151699d3ed7a,1350000,1020000,46000,15672,648000,2431672
6:interactive:mix_only,2026-01-05T06:00:00+00:00,mix_only,interactive,3800,3762,38,228,32000,16320,152000,280,204,96ab20ab13bb05b54e834ca7f757a141ac5ae7f62d88f6e47f462f1d76f5d39d,1600000,760000,28000,85074,784000,2473074
6:streaming:mix_only,2026-01-05T06:00:00+00:00,mix_only,streaming,8900,8811,89,623,22792,11624,130243,542,178,737d81a2acfc6fc5c4bd0ab2f79f26f5bfe5f49dce19252b2ead7bbf935cf240,1139600,651215,54200,199254,558400,2044269
6:batch:optimized,2026-01-05T06:00:00+00:00,optimized,batch,1400,1386,14,35,40500,26676,346800,920,610,4800541f4d734ffd9099e4579c545b461046465dec8d618567f8ce31d820281b,2025000,1734000,92000,31343,691200,3882343
6:interactive:optimized,2026-01-05T06:00:00+00:00,optimized,interactive,3800,3762,38,228,22400,15504,121600,280,299,f20ebdb202503482e4105f2762d0e159075030d0b0501ad98d1fc31772e87a3d,1120000,608000,28000,85075,344800,1841075
6:streaming:optimized,2026-01-05T06:00:00+00:00,optimized,streaming,8200,8118,82,574,19950,10174,120000,500,188,8bf41f51e7a2369d65f486b43cdb2764d39a572a439ef79520e0aae9f10857f8,997500,600000,50000,183582,488800,1831082
7:batch:baseline,2026-01-05T07:00:00+00:00,baseline,batch,1000,990,10,70,54000,27540,400000,960,633,b5fd9041b05439fa9e0e1744445b3001f97deaa75f8674178f1ac38511680ea4,2700000,2000000,96000,23438,1323000,4819438
7:interactive:baseline,2026-01-05T07:00:00+00:00,baseline,interactive,3200,3168,32,160,28000,14560,128000,200,198,4da4108d7c0e1ceb08539726acdac985156e7b7086d4d0377d34ba587158dc9f,1400000,640000,20000,75000,672000,2135000
7:streaming:baseline,2026-01-05T07:00:00+00:00,baseline,streaming,8600,8514,86,430,16000,8000,128000,520,175,4aa65d4247a5006d390225c74fa0651e1f98102fa26019f95eba6dbf69a0575b,800000,640000,52000,201562,400000,1693562
7:batch:mix_only,2026-01-05T07:00:00+00:00,mix_only,batch,500,495,5,35,27000,13770,200000,480,633,0faa8de3f2a18480f29d6ec7e2740e782e4e4692666122a042a09009848374a0,1350000,1000000,48000,11719,661500,2409719
7:interactive:mix_only,2026-01-05T07:00:00+00:00,mix_only,interactive,3200,3168,32,160,28000,14560,128000,200,198,b3202d30ae208d8cde341b793ef1997571e16c4e3bc48fd0ca6a0f2449276a83,1400000,640000,20000,75000,672000,2135000
7:streaming:mix_only,2026-01-05T07:00:00+00:00,mix_only,streaming,9100,9009,91,455,16930,8465,135441,550,175,860dceb576d77442bad4c8daafb675d3235f0a44990b745750e599b7c883409e,846500,677205,55000,213281,423250,1791986
7:batch:optimized,2026-01-05T07:00:00+00:00,optimized,batch,1000,990,10,35,40500,26163,340000,960,603,b5fd9041b05439fa9e0e1744445b3001f97deaa75f8674178f1ac38511680ea4,2025000,1700000,96000,23438,716850,3844438
7:interactive:optimized,2026-01-05T07:00:00+00:00,optimized,interactive,3200,3168,32,160,19600,13832,102400,200,293,4da4108d7c0e1ceb08539726acdac985156e7b7086d4d0377d34ba587158dc9f,980000,512000,20000,75000,288400,1587000
7:streaming:optimized,2026-01-05T07:00:00+00:00,optimized,streaming,8600,8514,86,430,15200,7600,128000,520,185,4aa65d4247a5006d390225c74fa0651e1f98102fa26019f95eba6dbf69a0575b,760000,640000,52000,201562,380000,1653562
8:batch:baseline,2026-01-05T08:00:00+00:00,baseline,batch,1400,1386,14,98,48000,26880,392000,900,634,83525d24c50c8c27e9e0922b8159d132be985e5b6f6743c2c512167294573b43,2400000,1960000,90000,32813,1056000,4482813
8:interactive:baseline,2026-01-05T08:00:00+00:00,baseline,interactive,3400,3366,34,204,26000,14040,160000,200,196,ab2c933d0e7efe20d5aec5b4d39f7e5bae478966ae75dd2b1d84b678990e3450,1300000,800000,20000,79687,598000,2199687
8:streaming:baseline,2026-01-05T08:00:00+00:00,baseline,streaming,8000,7920,80,560,21000,11550,96000,540,178,204c5f9b903dcb0afcc95e3e6bdeba66eebecccef436ad117cfa2c1b91279327,1050000,480000,54000,187500,472500,1771500
8:batch:mix_only,2026-01-05T08:00:00+00:00,mix_only,batch,700,693,7,49,24000,13440,196000,450,634,f0e71eeacdf8cffbd292aa3cf39c79131ee9ae785dae06877503718f7a7c2736,1200000,980000,45000,16406,528000,2241406
8:interactive:mix_only,2026-01-05T08:00:00+00:00,mix_only,interactive,3400,3366,34,204,26000,14040,160000,200,196,6659d4c294a54d7b5b7534af48ba390741abe37a1311563fb4e0eff80617532e,1300000,800000,20000,79688,598000,2199688
8:streaming:mix_only,2026-01-05T08:00:00+00:00,mix_only,streaming,8700,8613,87,609,22837,12560,104400,587,178,a5c3732d47df947a756e503109ed9c38514495ad8ce97ff64a7b1c320c15f3b6,1141850,522000,58700,203906,513850,1926456
8:batch:optimized,2026-01-05T08:00:00+00:00,optimized,batch,1400,1386,14,49,36000,25536,333200,900,604,83525d24c50c8c27e9e0922b8159d132be985e5b6f6743c2c512167294573b43,1800000,1666000,90000,32813,523200,3588813
8:interactive:optimized,2026-01-05T08:00:00+00:00,optimized,interactive,3400,3366,34,204,18200,13338,128000,200,291,ab2c933d0e7efe20d5aec5b4d39f7e5bae478966ae75dd2b1d84b678990e3450,910000,640000,20000,79687,243100,1649687
8:streaming:optimized,2026-01-05T08:00:00+00:00,optimized,streaming,8000,7920,80,560,19950,10972,96000,540,188,204c5f9b903dcb0afcc95e3e6bdeba66eebecccef436ad117cfa2c1b91279327,997500,480000,54000,187500,448900,1719000
10:batch:baseline,2026-01-05T10:00:00+00:00,baseline,batch,1000,990,10,50,54000,26460,384000,960,635,e162d1a4185affe45dccc81ae3e38a7e636dc9773982e96129567b2d7db4805f,2700000,1920000,96000,23810,1377000,4739810
10:interactive:baseline,2026-01-05T10:00:00+00:00,baseline,interactive,3400,3366,34,204,30000,15900,128000,280,200,7ab32233fdae77ea894b3107bdeca89b55a614e5a0e6578eb42ea39607f35e01,1500000,640000,28000,80952,705000,2248952
10:streaming:baseline,2026-01-05T10:00:00+00:00,baseline,streaming,8200,8118,82,574,20000,11600,112000,520,175,cd4a39f27ebbcdc5110bf865047352cb12b05446842f0b1d8723b2a3cfdf7ebf,1000000,560000,52000,195238,420000,1807238
10:batch:mix_only,2026-01-05T10:00:00+00:00,mix_only,batch,500,495,5,25,27000,13230,192000,480,635,b61fdcf5afa7658ce3b3f6ea4f2c4e94967b15ca466905b5981a8ef04912107e,1350000,960000,48000,11905,688500,2369905
10:interactive:mix_only,2026-01-05T10:00:00+00:00,mix_only,interactive,3400,3366,34,204,30000,15900,128000,280,200,2733430c190010874e4568db71e77bfbeda992b805a526fc1750d8127c16a9ba,1500000,640000,28000,80952,705000,2248952
10:streaming:mix_only,2026-01-05T10:00:00+00:00,mix_only,streaming,8700,8613,87,609,21219,12307,118829,551,175,016c4b6f790e863dea4c8006cdf13b10ca990546b15496d8a3d3fbcdd645251e,1060950,594145,55100,207143,445600,1917338
10:batch:optimized,2026-01-05T10:00:00+00:00,optimized,batch,1000,990,10,25,40500,25137,326400,960,605,e162d1a4185affe45dccc81ae3e38a7e636dc9773982e96129567b2d7db4805f,2025000,1632000,96000,23810,768150,3776810
10:interactive:optimized,2026-01-05T10:00:00+00:00,optimized,interactive,3400,3366,34,204,21000,15105,102400,280,295,7ab32233fdae77ea894b3107bdeca89b55a614e5a0e6578eb42ea39607f35e01,1050000,512000,28000,80952,294750,1670952
10:streaming:optimized,2026-01-05T10:00:00+00:00,optimized,streaming,8200,8118,82,574,19000,11020,112000,520,185,cd4a39f27ebbcdc5110bf865047352cb12b05446842f0b1d8723b2a3cfdf7ebf,950000,560000,52000,195238,399000,1757238
11:batch:baseline,2026-01-05T11:00:00+00:00,baseline,batch,1400,1386,14,98,49000,28420,408000,960,638,d373d28ab8b95fbc11ba131d7bd3dde9e56859a1e20ea7a7041c6b1d448c035d,2450000,2040000,96000,29167,1029000,4615167
11:interactive:baseline,2026-01-05T11:00:00+00:00,baseline,interactive,4000,3960,40,200,29000,14790,136000,220,198,d98b733484c5b28a153f9a23ffbf547265e42015c4612055df448622eb022d05,1450000,680000,22000,83333,710500,2235333
11:streaming:baseline,2026-01-05T11:00:00+00:00,baseline,streaming,9000,8910,90,360,21000,11550,104000,540,185,680017032704e52d24165a3fa0e23f293e9de0d0a2c330c6a63c9a1232e4a1cf,1050000,520000,54000,187500,472500,1811500
11:batch:mix_only,2026-01-05T11:00:00+00:00,mix_only,batch,700,693,7,49,24500,14210,204000,480,638,fc598974ef4bd506b7f40bf4350dd10518c701132e34d4326de333adb3163f65,1225000,1020000,48000,14584,514500,2307584
11:interactive:mix_only,2026-01-05T11:00:00+00:00,mix_only,interactive,4000,3960,40,200,29000,14790,136000,220,198,3defca064f4c62156a0956d93acfad87d94664d66d406cf5b5659c30d3b54596,1450000,680000,22000,83333,710500,2235333
11:streaming:mix_only,2026-01-05T11:00:00+00:00,mix_only,streaming,9700,9603,97,388,22633,12448,112088,582,185,439ce3f589a969b1c769997629b4d91e4cf38c37bd9778a3187055c5e0767989,1131650,560440,58200,202083,509250,1952373
11:batch:optimized,2026-01-05T11:00:00+00:00,optimized,batch,1400,1386,14,49,36750,26999,346800,960,608,d373d28ab8b95fbc11ba131d7bd3dde9e56859a1e20ea7a7041c6b1d448c035d,1837500,1734000,96000,29167,487550,3696667
11:interactive:optimized,2026-01-05T11:00:00+00:00,optimized,interactive,4000,3960,40,200,20300,14050,108800,220,293,d98b733484c5b28a153f9a23ffbf547265e42015c4612055df448622eb022d05,1015000,544000,22000,83333,312500,1664333
11:streaming:optimized,2026-01-05T11:00:00+00:00,optimized,streaming,9000,8910,90,360,19950,10972,104000,540,195,680017032704e52d24165a3fa0e23f293e9de0d0a2c330c6a63c9a1232e4a1cf,997500,520000,54000,187500,448900,1759000
12:batch:baseline,2026-01-05T12:00:00+00:00,baseline,batch,800,792,8,56,51000,27030,400000,920,620,385e24df05424274e1790ec16b0e67a3c0921813543b8b66c9c1f7f4881e0d0a,2550000,2000000,92000,18182,1198500,4660182
12:interactive:baseline,2026-01-05T12:00:00+00:00,baseline,interactive,3800,3762,38,266,31000,17670,144000,220,202,aab3804ce233ffbc747ef8546663736ece4bb9abfe6d1654f81bf1d539bd662b,1550000,720000,22000,86364,666500,2378364
12:streaming:baseline,2026-01-05T12:00:00+00:00,baseline,streaming,8600,8514,86,344,23000,11040,104000,500,189,aab8dfbb4d89582650787d83046310aaff14941a60ab8ae4d00b260cd60cfd7f,1150000,520000,50000,195454,598000,1915454
12:batch:mix_only,2026-01-05T12:00:00+00:00,mix_only,batch,400,396,4,28,25500,13515,200000,460,620,075d40320754e11af0ceb4abb9142933d68c6678eb5019add3dec77a5c256624,1275000,1000000,46000,9091,599250,2330091
12:interactive:mix_only,2026-01-05T12:00:00+00:00,mix_only,interactive,3800,3762,38,266,31000,17670,144000,220,202,ad374eca3011cb6cb1d7050212aa7e6c5bcc8dc3fa91219bcddea3d14e528c31,1550000,720000,22000,86364,666500,2378364
12:streaming:mix_only,2026-01-05T12:00:00+00:00,mix_only,streaming,9000,8910,90,360,24069,11553,108837,523,189,517825aae3ea3321597a571145248982668c45e0973f710435a9f01ebda9aa4f,1203450,544185,52300,204545,625800,2004480
12:batch:optimized,2026-01-05T12:00:00+00:00,optimized,batch,800,792,8,28,38250,25678,340000,920,590,385e24df05424274e1790ec16b0e67a3c0921813543b8b66c9c1f7f4881e0d0a,1912500,1700000,92000,18182,628600,3722682
12:interactive:optimized,2026-01-05T12:00:00+00:00,optimized,interactive,3800,3762,38,266,21700,16786,115200,220,297,aab3804ce233ffbc747ef8546663736ece4bb9abfe6d1654f81bf1d539bd662b,1085000,576000,22000,86364,245700,1769364
12:streaming:optimized,2026-01-05T12:00:00+00:00,optimized,streaming,8600,8514,86,344,21850,10488,104000,500,199,aab8dfbb4d89582650787d83046310aaff14941a60ab8ae4d00b260cd60cfd7f,1092500,520000,50000,195454,568100,1857954
13:batch:baseline,2026-01-05T13:00:00+00:00,baseline,batch,1400,1386,14,56,54000,30780,408000,940,632,7bc4c5af27ccf148f63c46fe98487c390723be08380caa152a1df88f0f38e2c4,2700000,2040000,94000,31343,1161000,4865343
13:interactive:baseline,2026-01-05T13:00:00+00:00,baseline,interactive,3600,3564,36,180,24000,12240,144000,280,198,70478640e52733448570f636d48df94c323ebf5ac023c76350f478b0d145c3f9,1200000,720000,28000,80597,588000,2028597
13:streaming:baseline,2026-01-05T13:00:00+00:00,baseline,streaming,8400,8316,84,336,20000,10800,104000,580,175,c8d1ec7ff26b5385ac35d471764c914672d6268098d4795d807462e48085281a,1000000,520000,58000,188060,460000,1766060
13:batch:mix_only,2026-01-05T13:00:00+00:00,mix_only,batch,700,693,7,28,27000,15390,204000,470,632,3a0505ad008e5b43cd172d4dc8ba41d53e43ec8581e0c66a636b6c397266ce08,1350000,1020000,47000,15672,580500,2432672
13:interactive:mix_only,2026-01-05T13:00:00+00:00,mix_only,interactive,3600,3564,36,180,24000,12240,144000,280,198,375f1aa733045df7d244cc66a74a5ec3be9dcf1a13f3a98b987fcd6ce9a92923,1200000,720000,28000,80597,588000,2028597
13:streaming:mix_only,2026-01-05T13:00:00+00:00,mix_only,streaming,9100,9009,91,364,21666,11700,112666,628,175,3798cd8944071bbf55a658782ffe238f16ade7a3662de923b016dfec9febab33,1083300,563330,62800,203731,498300,1913161
13:batch:optimized,2026-01-05T13:00:00+00:00,optimized,batch,1400,1386,14,28,40500,29241,346800,940,602,7bc4c5af27ccf148f63c46fe98487c390723be08380caa152a1df88f0f38e2c4,2025000,1734000,94000,31343,562950,3884343
13:interactive:optimized,2026-01-05T13:00:00+00:00,optimized,interactive,3600,3564,36,180,16800,11628,115200,280,293,70478640e52733448570f636d48df94c323ebf5ac023c76350f478b0d145c3f9,840000,576000,28000,80597,258600,1524597
13:streaming:optimized,2026-01-05T13:00:00+00:00,optimized,streaming,8400,8316,84,336,19000,10260,104000,580,185,c8d1ec7ff26b5385ac35d471764c914672d6268098d4795d807462e48085281a,950000,520000,58000,188060,437000,1716060
14:batch:baseline,2026-01-05T14:00:00+00:00,baseline,batch,800,792,8,48,49000,24990,408000,940,637,e57308a2e31aa658ecded24323288b16a80804d0b64dd271b718e97a7db5bd42,2450000,2040000,94000,20000,1200500,4604000
14:interactive:baseline,2026-01-05T14:00:00+00:00,baseline,interactive,3000,2970,30,210,28000,13440,144000,220,194,e8a8500d33d97d827a1f0cdaffe60548fa6c1feb4b6701c03a983641954c0681,1400000,720000,22000,75000,728000,2217000
14:streaming:baseline,2026-01-05T14:00:00+00:00,baseline,streaming,8200,8118,82,410,19000,9880,128000,560,180,7c3edd0649773457756dc44008f0adb2e15dec432ec29ce2289b020e0c832a3e,950000,640000,56000,205000,456000,1851000
14:batch:mix_only,2026-01-05T14:00:00+00:00,mix_only,batch,400,396,4,24,24500,12495,204000,470,637,9924c33e71349df19e7d2bf217c2553d1d985d26fa5ac1035b83b934286d0b61,1225000,1020000,47000,10000,600250,2302000
14:interactive:mix_only,2026-01-05T14:00:00+00:00,mix_only,interactive,3000,2970,30,210,28000,13440,144000,220,194,8b175327624d2c5d718118cfed2a57d2a0f1874c589979638dd0c2a1642d7ec2,1400000,720000,22000,75000,728000,2217000
14:streaming:mix_only,2026-01-05T14:00:00+00:00,mix_only,streaming,8600,8514,86,430,19926,10361,134243,587,180,e0e0ee6589c3c4c92d6421364d99f419962c1d302b84250d83afc7d3422845d8,996300,671215,58700,215000,478250,1941215
14:batch:optimized,2026-01-05T14:00:00+00:00,optimized,batch,800,792,8,24,36750,23740,346800,940,607,e57308a2e31aa658ecded24323288b16a80804d0b64dd271b718e97a7db5bd42,1837500,1734000,94000,20000,650500,3685500
14:interactive:optimized,2026-01-05T14:00:00+00:00,optimized,interactive,3000,2970,30,210,19600,12768,115200,220,289,e8a8500d33d97d827a1f0cdaffe60548fa6c1feb4b6701c03a983641954c0681,980000,576000,22000,75000,341600,1653000
14:streaming:optimized,2026-01-05T14:00:00+00:00,optimized,streaming,8200,8118,82,410,18050,9386,128000,560,190,7c3edd0649773457756dc44008f0adb2e15dec432ec29ce2289b020e0c832a3e,902500,640000,56000,205000,433200,1803500
15:batch:baseline,2026-01-05T15:00:00+00:00,baseline,batch,1200,1188,12,84,50000,26500,408000,980,623,00b2910655d26fa67240119c1c85206b998355caf3dfd9226be1c5606f3d24b9,2500000,2040000,98000,25352,1175000,4663352
15:interactive:baseline,2026-01-05T15:00:00+00:00,baseline,interactive,4000,3960,40,160,31000,16120,152000,200,198,c8d8f718fe796c3cd813b3170e5b05fd582e6ae6de85b4098604d44ef4f8ce93,1550000,760000,20000,84507,744000,2414507
15:streaming:baseline,2026-01-05T15:00:00+00:00,baseline,streaming,9000,8910,90,630,17000,9350,128000,580,183,113d44a0643591a1c20037cd83c7a24d179955cb65be9217df7bff586726d63b,850000,640000,58000,190141,382500,1738141
15:batch:mix_only,2026-01-05T15:00:00+00:00,mix_only,batch,600,594,6,42,25000,13250,204000,490,623,3b8119ab4e1c53caf753c49c9f8ac5c51c57a794230090b87a43795023755482,1250000,1020000,49000,12676,587500,2331676
15:interactive:mix_only,2026-01-05T15:00:00+00:00,mix_only,interactive,4000,3960,40,160,31000,16120,152000,200,198,f520e0646e1baf430e07f5fc5f5d18337ff5bd99d6440953b2c3ef3e175ac405,1550000,760000,20000,84507,744000,2414507
15:streaming:mix_only,2026-01-05T15:00:00+00:00,mix_only,streaming,9600,9504,96,672,18133,9973,136533,618,183,be370f03834e789f1e9cb146429f5f0307e6584f4b4dffabe5d13b608599b5c5,906650,682665,61800,202817,408000,1853932
15:batch:optimized,2026-01-05T15:00:00+00:00,optimized,batch,1200,1188,12,42,37500,25175,346800,980,593,00b2910655d26fa67240119c1c85206b998355caf3dfd9226be1c5606f3d24b9,1875000,1734000,98000,25352,616250,3732352
15:interactive:optimized,2026-01-05T15:00:00+00:00,optimized,interactive,4000,3960,40,160,21700,15314,121600,200,293,c8d8f718fe796c3cd813b3170e5b05fd582e6ae6de85b4098604d44ef4f8ce93,1085000,608000,20000,84507,319300,1797507
15:streaming:optimized,2026-01-05T15:00:00+00:00,optimized,streaming,9000,8910,90,630,16150,8882,128000,580,193,113d44a0643591a1c20037cd83c7a24d179955cb65be9217df7bff586726d63b,807500,640000,58000,190141,363400,1695641
16:batch:baseline,2026-01-05T16:00:00+00:00,baseline,batch,1200,1188,12,72,49000,24990,392000,920,633,8eb27ec3ed4ab4f8fa5be5ce5111347435195f585ecbc7d685a1a45de461affc,2450000,1960000,92000,25714,1200500,4527714
16:interactive:baseline,2026-01-05T16:00:00+00:00,baseline,interactive,4000,3960,40,240,24000,12480,144000,260,205,a20546102aaf9fb8d8f29e8ba129dc955a610e1f3a59781c773fb579162c409c,1200000,720000,26000,85714,576000,2031714
16:streaming:baseline,2026-01-05T16:00:00+00:00,baseline,streaming,8800,8712,88,352,21000,11550,96000,560,180,ce39fd0756df3c3208a656173933afb25224ed3e1883a0332b265366d9590e28,1050000,480000,56000,188572,472500,1774572
16:batch:mix_only,2026-01-05T16:00:00+00:00,mix_only,batch,600,594,6,36,24500,12495,196000,460,633,74e1b877ce7904abb23e526761d0c291b1591a9f58bce18119568747822aef05,1225000,980000,46000,12857,600250,2263857
16:interactive:mix_only,2026-01-05T16:00:00+00:00,mix_only,interactive,4000,3960,40,240,24000,12480,144000,260,205,f3331d8ffcf4b42632ba6819a24c432c6ee279843f2e13591849bd4dceabbf0e,1200000,720000,26000,85714,576000,2031714
16:streaming:mix_only,2026-01-05T16:00:00+00:00,mix_only,streaming,9400,9306,94,376,22431,12337,102545,598,180,958b95b4743bd0573c2a114e7cf8fe933291f32dcedbd38aa8ba823132a50766,1121550,512725,59800,201429,504700,1895504
16:batch:optimized,2026-01-05T16:00:00+00:00,optimized,batch,1200,1188,12,36,36750,23740,333200,920,603,8eb27ec3ed4ab4f8fa5be5ce5111347435195f585ecbc7d685a1a45de461affc,1837500,1666000,92000,25714,650500,3621214
16:interactive:optimized,2026-01-05T16:00:00+00:00,optimized,interactive,4000,3960,40,240,16800,11856,115200,260,300,a20546102aaf9fb8d8f29e8ba129dc955a610e1f3a59781c773fb579162c409c,840000,576000,26000,85714,247200,1527714
16:streaming:optimized,2026-01-05T16:00:00+00:00,optimized,streaming,8800,8712,88,352,19950,10972,96000,560,190,ce39fd0756df3c3208a656173933afb25224ed3e1883a0332b265366d9590e28,997500,480000,56000,188572,448900,1722072
17:batch:baseline,2026-01-05T17:00:00+00:00,baseline,batch,800,792,8,40,54000,25920,392000,920,640,3724a6ac1fd8ed0af37b470da874ef6278c86ea87f8bbc8c8132c7050c65fe91,2700000,1960000,92000,17391,1404000,4769391
17:interactive:baseline,2026-01-05T17:00:00+00:00,baseline,interactive,4000,3960,40,240,27000,15660,136000,220,199,0e5fb5f6d8fe52d491c3809d28222ff12d199d6b9c2aa12cfba299ddbce3cd6c,1350000,680000,22000,86957,567000,2138957
17:streaming:baseline,2026-01-05T17:00:00+00:00,baseline,streaming,9000,8910,90,540,17000,8160,120000,560,182,e50a47d97a76827ca13d2753d909fba80e4e701ac11c6d6d05e3cdcb6c9b3890,850000,600000,56000,195652,442000,1701652
17:batch:mix_only,2026-01-05T17:00:00+00:00,mix_only,batch,400,396,4,20,27000,12960,196000,460,640,92d607b289cd940bc1a91c4f40afbbe9d1b4c713d817ffc0132b71ccda701b54,1350000,980000,46000,8696,702000,2384696
17:interactive:mix_only,2026-01-05T17:00:00+00:00,mix_only,interactive,4000,3960,40,240,27000,15660,136000,220,199,53f2897a825940e570d46743c7c8841a9b2f499ab2bfcf6bbee5087cc97942a7,1350000,680000,22000,86956,567000,2138956
17:streaming:mix_only,2026-01-05T17:00:00+00:00,mix_only,streaming,9400,9306,94,564,17755,8522,125333,584,182,055eaa973fb81f3e10a74e2bd1d6b978bc8a626479589ed9db478f8e6dc021ba,887750,626665,58400,204348,461650,1777163
17:batch:optimized,2026-01-05T17:00:00+00:00,optimized,batch,800,792,8,20,40500,24624,333200,920,610,3724a6ac1fd8ed0af37b470da874ef6278c86ea87f8bbc8c8132c7050c65fe91,2025000,1666000,92000,17391,793800,3800391
17:interactive:optimized,2026-01-05T17:00:00+00:00,optimized,interactive,4000,3960,40,240,18900,14877,108800,220,294,0e5fb5f6d8fe52d491c3809d28222ff12d199d6b9c2aa12cfba299ddbce3cd6c,945000,544000,22000,86957,201150,1597957
17:streaming:optimized,2026-01-05T17:00:00+00:00,optimized,streaming,9000,8910,90,540,16150,7752,120000,560,192,e50a47d97a76827ca13d2753d909fba80e4e701ac11c6d6d05e3cdcb6c9b3890,807500,600000,56000,195652,419900,1659152
18:batch:baseline,2026-01-05T18:00:00+00:00,baseline,batch,1200,1188,12,84,49000,28420,416000,920,635,fc789f5c19e9cc2d5feeaed244c946f328b87bb3918fdf6e93d7d5cb500c4545,2450000,2080000,92000,29508,1029000,4651508
18:interactive:baseline,2026-01-05T18:00:00+00:00,baseline,interactive,3000,2970,30,120,26000,14300,144000,260,196,8c6b8d2aaa5c036d33ad6bd1911d446654d62d049237bda714d74873a8f07573,1300000,720000,26000,73771,585000,2119771
18:streaming:baseline,2026-01-05T18:00:00+00:00,baseline,streaming,8000,7920,80,400,23000,11960,128000,540,170,b2ed7b060db1cf5364aad1ec5e9c91ae334fde32b88b9eedd601d85c188a3d69,1150000,640000,54000,196721,552000,2040721
18:batch:mix_only,2026-01-05T18:00:00+00:00,mix_only,batch,600,594,6,42,24500,14210,208000,460,635,e440721891b9521e9828e408ae8f9c7fa43b770a419952e69d8de017d8f99dc1,1225000,1040000,46000,14754,514500,2325754
18:interactive:mix_only,2026-01-05T18:00:00+00:00,mix_only,interactive,3000,2970,30,120,26000,14300,144000,260,196,db8510d3b6218ade817ee69c18fb4148e38ad39f8c51ea0f4a66514b8b3b05e8,1300000,720000,26000,73771,585000,2119771
18:streaming:mix_only,2026-01-05T18:00:00+00:00,mix_only,streaming,8600,8514,86,430,24725,12857,137600,580,170,c4511d615c97234cf4ed966838cebd014163e35225edc65d2c353a3f304eaa9f,1236250,688000,58000,211475,593400,2193725
18:batch:optimized,2026-01-05T18:00:00+00:00,optimized,batch,1200,1188,12,42,36750,26999,353600,920,605,fc789f5c19e9cc2d5feeaed244c946f328b87bb3918fdf6e93d7d5cb500c4545,1837500,1768000,92000,29508,487550,3727008
18:interactive:optimized,2026-01-05T18:00:00+00:00,optimized,interactive,3000,2970,30,120,18200,13585,115200,260,291,8c6b8d2aaa5c036d33ad6bd1911d446654d62d049237bda714d74873a8f07573,910000,576000,26000,73771,230750,1585771
18:streaming:optimized,2026-01-05T18:00:00+00:00,optimized,streaming,8000,7920,80,400,21850,11362,128000,540,180,b2ed7b060db1cf5364aad1ec5e9c91ae334fde32b88b9eedd601d85c188a3d69,1092500,640000,54000,196721,524400,1983221
19:batch:baseline,2026-01-05T19:00:00+00:00,baseline,batch,800,792,8,40,49000,27930,416000,940,625,f8edc0178ac85060be82e8ff4a08272f2d500ed9b3181a37f1e025aed66015e2,2450000,2080000,94000,17910,1053500,4641910
19:interactive:baseline,2026-01-05T19:00:00+00:00,baseline,interactive,3800,3762,38,228,28000,15960,152000,280,191,2c8c5f03223613c3b79404e3404161b7e1eaca92d879f9770b9c0c7574a3c293,1400000,760000,28000,85075,602000,2273075
19:streaming:baseline,2026-01-05T19:00:00+00:00,baseline,streaming,8800,8712,88,352,18000,10440,112000,560,184,1ba8810069a64a18d184429d9c4ef09ac3a9f6df973b390c42f01b9732a37d57,900000,560000,56000,197015,378000,1713015
19:batch:mix_only,2026-01-05T19:00:00+00:00,mix_only,batch,400,396,4,20,24500,13965,208000,470,625,aa407b494c49ac745dac80d3dd72a629342809a3afadada060c0b9ccfad23920,1225000,1040000,47000,8955,526750,2320955
19:interactive:mix_only,2026-01-05T19:00:00+00:00,mix_only,interactive,3800,3762,38,228,28000,15960,152000,280,191,238a02900b0e3bb48a64ae33e3b622dd59331561f32c1a4411ec5cfdbac1a791,1400000,760000,28000,85075,602000,2273075
19:streaming:mix_only,2026-01-05T19:00:00+00:00,mix_only,streaming,9200,9108,92,368,18818,10914,117090,585,184,3101501f1b389207da5066aabc9c86a198313e1b7f3c67f7047509774d91305b,940900,585450,58500,205970,395200,1790820
19:batch:optimized,2026-01-05T19:00:00+00:00,optimized,batch,800,792,8,20,36750,26533,353600,940,595,f8edc0178ac85060be82e8ff4a08272f2d500ed9b3181a37f1e025aed66015e2,1837500,1768000,94000,17910,510850,3717410
19:interactive:optimized,2026-01-05T19:00:00+00:00,optimized,interactive,3800,3762,38,228,19600,15162,121600,280,286,2c8c5f03223613c3b79404e3404161b7e1eaca92d879f9770b9c0c7574a3c293,980000,608000,28000,85075,221900,1701075
19:streaming:optimized,2026-01-05T19:00:00+00:00,optimized,streaming,8800,8712,88,352,17100,9918,112000,560,194,1ba8810069a64a18d184429d9c4ef09ac3a9f6df973b390c42f01b9732a37d57,855000,560000,56000,197015,359100,1668015
20:batch:baseline,2026-01-05T20:00:00+00:00,baseline,batch,1400,1386,14,84,48000,26880,408000,920,631,ecf5066bbbe0f2a493ce9d9c2ad0c6702c5737310301d0b7800a8acf0b58c117,2400000,2040000,92000,31343,1056000,4563343
20:interactive:baseline,2026-01-05T20:00:00+00:00,baseline,interactive,3000,2970,30,180,30000,15900,160000,260,194,570a9fca1a15a534a4175e2d1217aecf7afe3fd76e132f9f94c2596e07b3f08a,1500000,800000,26000,67164,705000,2393164
20:streaming:baseline,2026-01-05T20:00:00+00:00,baseline,streaming,9000,8910,90,540,16000,8320,112000,540,173,a3cf7ddfa1cd0a12be338d21179532279654eb30ac345206c2897d66b966f373,800000,560000,54000,201493,384000,1615493
20:batch:mix_only,2026-01-05T20:00:00+00:00,mix_only,batch,700,693,7,42,24000,13440,204000,460,631,3b7bba2961fc886cb9c74176e298bcb2956470924b4d0091167b04f17e7d419b,1200000,1020000,46000,15672,528000,2281672
20:interactive:mix_only,2026-01-05T20:00:00+00:00,mix_only,interactive,3000,2970,30,180,30000,15900,160000,260,194,6cc22af86230d6169e1ed6cc2a01102dab60334cb537cce246fa9faeb9521d39,1500000,800000,26000,67164,705000,2393164
20:streaming:mix_only,2026-01-05T20:00:00+00:00,mix_only,streaming,9700,9603,97,582,17244,8967,120711,582,173,d88877574536b491cb91fec220650f21362caae2ffe8855c168cc59f971d453c,862200,603555,58200,217164,413850,1741119
20:batch:optimized,2026-01-05T20:00:00+00:00,optimized,batch,1400,1386,14,42,36000,25536,346800,920,601,ecf5066bbbe0f2a493ce9d9c2ad0c6702c5737310301d0b7800a8acf0b58c117,1800000,1734000,92000,31343,523200,3657343
20:interactive:optimized,2026-01-05T20:00:00+00:00,optimized,interactive,3000,2970,30,180,21000,15105,128000,260,289,570a9fca1a15a534a4175e2d1217aecf7afe3fd76e132f9f94c2596e07b3f08a,1050000,640000,26000,67164,294750,1783164
20:streaming:optimized,2026-01-05T20:00:00+00:00,optimized,streaming,9000,8910,90,540,15200,7904,112000,540,183,a3cf7ddfa1cd0a12be338d21179532279654eb30ac345206c2897d66b966f373,760000,560000,54000,201493,364800,1575493
21:batch:baseline,2026-01-05T21:00:00+00:00,baseline,batch,1000,990,10,60,51000,29580,408000,920,638,9d9f7f3f6a2494e2ef0f3d98100ca6ebc78b9d118a362788c358204be7aad9f0,2550000,2040000,92000,23438,1071000,4705438
21:interactive:baseline,2026-01-05T21:00:00+00:00,baseline,interactive,3800,3762,38,190,26000,13520,144000,240,193,5c69ece7f8c9571f1a8b942e5e59a3f27adb864f11534ea57ee2754724c494f9,1300000,720000,24000,89062,624000,2133062
21:streaming:baseline,2026-01-05T21:00:00+00:00,baseline,streaming,8000,7920,80,560,21000,10500,112000,540,182,3ef4e3b15d508249fd840e2d6ce3def582cd3af1c107b71ffb54d3ce662f446e,1050000,560000,54000,187500,525000,1851500
21:batch:mix_only,2026-01-05T21:00:00+00:00,mix_only,batch,500,495,5,30,25500,14790,204000,460,638,55cc4feaae01cdbcbfc497914d49c2bdd880bf3ada2c181d9b743beee7e0874b,1275000,1020000,46000,11719,535500,2352719
21:interactive:mix_only,2026-01-05T21:00:00+00:00,mix_only,interactive,3800,3762,38,190,26000,13520,144000,240,193,38a685072bc2117296cc621d29663db41c403f75194f57f042bbec633c85c0fe,1300000,720000,24000,89062,624000,2133062
21:streaming:mix_only,2026-01-05T21:00:00+00:00,mix_only,streaming,8500,8415,85,595,22312,11156,119000,573,182,21f797439da352fcebf384d7e0fb2fe0de76e55b8d37f87b1b5b9200aef73482,1115600,595000,57300,199219,557800,1967119
21:batch:optimized,2026-01-05T21:00:00+00:00,optimized,batch,1000,990,10,30,38250,28101,346800,920,608,9d9f7f3f6a2494e2ef0f3d98100ca6ebc78b9d118a362788c358204be7aad9f0,1912500,1734000,92000,23438,507450,3761938
21:interactive:optimized,2026-01-05T21:00:00+00:00,optimized,interactive,3800,3762,38,190,18200,12844,115200,240,288,5c69ece7f8c9571f1a8b942e5e59a3f27adb864f11534ea57ee2754724c494f9,910000,576000,24000,89062,267800,1599062
21:streaming:optimized,2026-01-05T21:00:00+00:00,optimized,streaming,8000,7920,80,560,19950,9975,112000,540,192,3ef4e3b15d508249fd840e2d6ce3def582cd3af1c107b71ffb54d3ce662f446e,997500,560000,54000,187500,498750,1799000
22:batch:baseline,2026-01-05T22:00:00+00:00,baseline,batch,1400,1386,14,56,56000,27440,416000,920,629,c76e701efc308ece9f7ed73e04b481cf716b57ef699358d26975591a7fef8b22,2800000,2080000,92000,30435,1428000,5002435
22:interactive:baseline,2026-01-05T22:00:00+00:00,baseline,interactive,3400,3366,34,238,24000,13680,160000,260,191,0e8f2a7167978fa8f51b356769c58ce6e7a44d58af1eb1e7f6a4541f1696f40e,1200000,800000,26000,73913,516000,2099913
22:streaming:baseline,2026-01-05T22:00:00+00:00,baseline,streaming,9000,8910,90,630,19000,10070,128000,540,176,c845b85e4289f38ebe936ed2938cc01a6f99be7f0dc1e0095f071b4632501185,950000,640000,54000,195652,446500,1839652
22:batch:mix_only,2026-01-05T22:00:00+00:00,mix_only,batch,700,693,7,28,28000,13720,208000,460,629,93cd77355bf0c2af5937622bdab0e354573f0d4a1e8fc11e66f532c9413cdd78,1400000,1040000,46000,15217,714000,2501217
22:interactive:mix_only,2026-01-05T22:00:00+00:00,mix_only,interactive,3400,3366,34,238,24000,13680,160000,260,191,71ad0cdce91dced92e0395e55e3884ad0c31ab56d78613d4bdfe7fae8ffdb680,1200000,800000,26000,73913,516000,2099913
22:streaming:mix_only,2026-01-05T22:00:00+00:00,mix_only,streaming,9700,9603,97,679,20477,10853,137955,582,176,d526fe3312d58737d3d381a1570aa65a0e9c412fc31ae0f3815500d4154ef693,1023850,689775,58200,210870,481200,1982695
22:batch:optimized,2026-01-05T22:00:00+00:00,optimized,batch,1400,1386,14,28,42000,26068,353600,920,599,c76e701efc308ece9f7ed73e04b481cf716b57ef699358d26975591a7fef8b22,2100000,1768000,92000,30435,796600,3990435
22:interactive:optimized,2026-01-05T22:00:00+00:00,optimized,interactive,3400,3366,34,238,16800,12996,128000,260,286,0e8f2a7167978fa8f51b356769c58ce6e7a44d58af1eb1e7f6a4541f1696f40e,840000,640000,26000,73913,190200,1579913
22:streaming:optimized,2026-01-05T22:00:00+00:00,optimized,streaming,9000,8910,90,630,18050,9566,128000,540,186,c845b85e4289f38ebe936ed2938cc01a6f99be7f0dc1e0095f071b4632501185,902500,640000,54000,195652,424200,1792152
23:batch:baseline,2026-01-05T23:00:00+00:00,baseline,batch,800,792,8,32,54000,31320,416000,900,623,a7810541886360e72eb9ac137dd48f88fd1860e3f143d4428d1dabe9a6a539a5,2700000,2080000,90000,19048,1134000,4889048
23:interactive:baseline,2026-01-05T23:00:00+00:00,baseline,interactive,3000,2970,30,180,32000,16640,136000,200,191,b7f0847a9854dcf305bf802d6627a23e47b465c28deab09b8624ce167349f3e8,1600000,680000,20000,71428,768000,2371428
23:streaming:baseline,2026-01-05T23:00:00+00:00,baseline,streaming,8800,8712,88,616,16000,8800,96000,540,187,c406004e69a6319cafc3c8413212633bc8a5028c32e83f92b417d4cc389df4b6,800000,480000,54000,209524,360000,1543524
23:batch:mix_only,2026-01-05T23:00:00+00:00,mix_only,batch,400,396,4,16,27000,15660,208000,450,623,3198798098e659cc6eeef718b54b4b9ab43927ee62bad3b86166a09efac57fae,1350000,1040000,45000,9524,567000,2444524
23:interactive:mix_only,2026-01-05T23:00:00+00:00,mix_only,interactive,3000,2970,30,180,32000,16640,136000,200,191,e9ebb3e8678e1a2d08702cac777a098516d64b21d30241b0aa8a29103b26c460,1600000,680000,20000,71428,768000,2371428
23:streaming:mix_only,2026-01-05T23:00:00+00:00,mix_only,streaming,9200,9108,92,644,16727,9200,100363,564,187,706e14dca07d0afae797decf0b93427492b63d42c5a01f9bdb2228390c4b905c,836350,501815,56400,219048,376350,1613613
23:batch:optimized,2026-01-05T23:00:00+00:00,optimized,batch,800,792,8,16,40500,29754,353600,900,593,a7810541886360e72eb9ac137dd48f88fd1860e3f143d4428d1dabe9a6a539a5,2025000,1768000,90000,19048,537300,3902048
23:interactive:optimized,2026-01-05T23:00:00+00:00,optimized,interactive,3000,2970,30,180,22400,15808,108800,200,286,b7f0847a9854dcf305bf802d6627a23e47b465c28deab09b8624ce167349f3e8,1120000,544000,20000,71428,329600,1755428
23:streaming:optimized,2026-01-05T23:00:00+00:00,optimized,streaming,8800,8712,88,616,15200,8360,96000,540,197,c406004e69a6319cafc3c8413212633bc8a5028c32e83f92b417d4cc389df4b6,760000,480000,54000,209524,342000,1503524
24:batch:baseline,2026-01-06T00:00:00+00:00,baseline,batch,800,792,8,40,56000,30240,408000,960,621,adbc4947205c50dc4fa2e04604f10251a7c0111fbebffe170bd9dd5f69d705e4,2800000,2040000,96000,17911,1288000,4953911
24:interactive:baseline,2026-01-06T00:00:00+00:00,baseline,interactive,4000,3960,40,240,27000,15660,144000,200,189,d66aed50b7c3c4ea467e5c2f353e9cc237046540f865124f6da5f1354501a2c4,1350000,720000,20000,89552,567000,2179552
24:streaming:baseline,2026-01-06T00:00:00+00:00,baseline,streaming,8600,8514,86,344,19000,9120,112000,580,182,aacf107a261c507da7fca785a2b71123140602273a709050810e714a468115c4,950000,560000,58000,192537,494000,1760537
24:batch:mix_only,2026-01-06T00:00:00+00:00,mix_only,batch,400,396,4,20,28000,15120,204000,480,621,87da0cbd31f5a26582626a396c146ebbeb83a7bbc9e600912bdeb5eca1fbd620,1400000,1020000,48000,8955,644000,2476955
24:interactive:mix_only,2026-01-06T00:00:00+00:00,mix_only,interactive,4000,3960,40,240,27000,15660,144000,200,189,303c84b4a6caa04054e2444fc260cc7c7064d916c7db4ad2e72c556dcf51d440,1350000,720000,20000,89552,567000,2179552
24:streaming:mix_only,2026-01-06T00:00:00+00:00,mix_only,streaming,9000,8910,90,360,19883,9544,117209,606,182,d936d4b3e7a00e09a8fe31c54a3a1568e9d0f9807eaba9dbd6b9e030df83c387,994150,586045,60600,201493,516950,1842288
24:batch:optimized,2026-01-06T00:00:00+00:00,optimized,batch,800,792,8,20,42000,28728,346800,960,591,adbc4947205c50dc4fa2e04604f10251a7c0111fbebffe170bd9dd5f69d705e4,2100000,1734000,96000,17911,663600,3947911
24:interactive:optimized,2026-01-06T00:00:00+00:00,optimized,interactive,4000,3960,40,240,18900,14877,115200,200,284,d66aed50b7c3c4ea467e5c2f353e9cc237046540f865124f6da5f1354501a2c4,945000,576000,20000,89552,201150,1630552
24:streaming:optimized,2026-01-06T00:00:00+00:00,optimized,streaming,8600,8514,86,344,18050,8664,112000,580,192,aacf107a261c507da7fca785a2b71123140602273a709050810e714a468115c4,902500,560000,58000,192537,469300,1713037
25:batch:baseline,2026-01-06T01:00:00+00:00,baseline,batch,1400,1386,14,98,54000,30780,384000,980,621,bcff3add4263868d197d3c2198c399a4d68e9439344f507550dfdc8943fb4613,2700000,1920000,98000,32813,1161000,4750813
25:interactive:baseline,2026-01-06T01:00:00+00:00,baseline,interactive,3400,3366,34,238,30000,15000,144000,200,193,c5bc0b188c36ddc2e99636f7d9c358aae777dc8f8a5f86992aa3c391fe9f097d,1500000,720000,20000,79687,750000,2319687
25:streaming:baseline,2026-01-06T01:00:00+00:00,baseline,streaming,8000,7920,80,320,21000,10080,120000,520,190,95a6aab0cf702be6303eb79d97d054303c5aae682ba67b614fe5d4df53eb0f1d,1050000,600000,52000,187500,546000,1889500
25:batch:mix_only,2026-01-06T01:00:00+00:00,mix_only,batch,700,693,7,49,27000,15390,192000,490,621,6a9b441bfadca04e9d8f8dc973770685f9f222f4ebdf7f05118ae032293ea82c,1350000,960000,49000,16406,580500,2375406
25:interactive:mix_only,2026-01-06T01:00:00+00:00,mix_only,interactive,3400,3366,34,238,30000,15000,144000,200,193,0be9a6be8e8f682c03f0d95ffe42b270c650bb58b139376c82f805d9674b20eb,1500000,720000,20000,79688,750000,2319688
25:streaming:mix_only,2026-01-06T01:00:00+00:00,mix_only,streaming,8700,8613,87,348,22837,10962,130500,565,190,20f8bf7678c6ec1c24eb7ac6061a1671e745d35a460106b52aab11bb6a59d9f5,1141850,652500,56500,203906,593750,2054756
25:batch:optimized,2026-01-06T01:00:00+00:00,optimized,batch,1400,1386,14,49,40500,29241,326400,980,591,bcff3add4263868d197d3c2198c399a4d68e9439344f507550dfdc8943fb4613,2025000,1632000,98000,32813,562950,3787813
25:interactive:optimized,2026-01-06T01:00:00+00:00,optimized,interactive,3400,3366,34,238,21000,14250,115200,200,288,c5bc0b188c36ddc2e99636f7d9c358aae777dc8f8a5f86992aa3c391fe9f097d,1050000,576000,20000,79687,337500,1725687
25:streaming:optimized,2026-01-06T01:00:00+00:00,optimized,streaming,8000,7920,80,320,19950,9576,120000,520,200,95a6aab0cf702be6303eb79d97d054303c5aae682ba67b614fe5d4df53eb0f1d,997500,600000,52000,187500,518700,1837000
26:batch:baseline,2026-01-06T02:00:00+00:00,baseline,batch,1200,1188,12,72,49000,24010,416000,900,629,9b437c20e48dcd0228427d5ed0945485fc3ea0ba7447184c826551698c2ccba4,2450000,2080000,90000,29508,1249500,4649508
26:interactive:baseline,2026-01-06T02:00:00+00:00,baseline,interactive,3000,2970,30,210,32000,18240,136000,260,196,28003c551738b05b79fe2699d472122be305f022e996e5649ca540f9ea5f0852,1600000,680000,26000,73771,688000,2379771
26:streaming:baseline,2026-01-06T02:00:00+00:00,baseline,streaming,8000,7920,80,400,23000,11040,96000,580,179,bdb17651a6179af521a99076a1a1c99a1ff15dd9921a220da61a0cdabac29b5a,1150000,480000,58000,196721,598000,1884721
26:batch:mix_only,2026-01-06T02:00:00+00:00,mix_only,batch,600,594,6,36,24500,12005,208000,450,629,98ab9f16ce66ba5fcf936c62d3da5d5e9130e6bee5b0a5730a60f9acaab5ae5f,1225000,1040000,45000,14754,624750,2324754
26:interactive:mix_only,2026-01-06T02:00:00+00:00,mix_only,interactive,3000,2970,30,210,32000,18240,136000,260,196,a4feebf5fbb0dbf8d40cd81d191eb0690f14214a15d80ee8626d6646787523ad,1600000,680000,26000,73771,688000,2379771
26:streaming:mix_only,2026-01-06T02:00:00+00:00,mix_only,streaming,8600,8514,86,430,24725,11868,103200,623,179,585bd53e02993ecf3e2460a7b361fa055c25207c277026aa77b00f35290c8f31,1236250,516000,62300,211475,642850,2026025
26:batch:optimized,2026-01-06T02:00:00+00:00,optimized,batch,1200,1188,12,36,36750,22809,353600,900,599,9b437c20e48dcd0228427d5ed0945485fc3ea0ba7447184c826551698c2ccba4,1837500,1768000,90000,29508,697050,3725008
26:interactive:optimized,2026-01-06T02:00:00+00:00,optimized,interactive,3000,2970,30,210,22400,17328,108800,260,291,28003c551738b05b79fe2699d472122be305f022e996e5649ca540f9ea5f0852,1120000,544000,26000,73771,253600,1763771
26:streaming:optimized,2026-01-06T02:00:00+00:00,optimized,streaming,8000,7920,80,400,21850,10488,96000,580,189,bdb17651a6179af521a99076a1a1c99a1ff15dd9921a220da61a0cdabac29b5a,1092500,480000,58000,196721,568100,1827221
27:batch:baseline,2026-01-06T03:00:00+00:00,baseline,batch,1200,1188,12,84,53000,28090,392000,980,625,d5783c033d0b9c3bd06c7666cf40af2c1152b14cb39b0454618343d0093c3309,2650000,1960000,98000,29032,1245500,4737032
27:interactive:baseline,2026-01-06T03:00:00+00:00,baseline,interactive,3200,3168,32,224,24000,11520,128000,260,187,697689bb2417a6224ca4921df278db3c66eb05f6c55096036365ec72ed5c8ed8,1200000,640000,26000,77419,624000,1943419
27:streaming:baseline,2026-01-06T03:00:00+00:00,baseline,streaming,8000,7920,80,560,21000,11970,104000,560,184,55fd176e483bdf67ee4e91303235212b2648ce0ddf523f1bb1740b7f5092d072,1050000,520000,56000,193549,451500,1819549
27:batch:mix_only,2026-01-06T03:00:00+00:00,mix_only,batch,600,594,6,42,26500,14045,196000,490,625,d641499ce0b7ba022adeacc6159592d548ab77428b857e1a843d6acb0a02d0b0,1325000,980000,49000,14516,622750,2368516
27:interactive:mix_only,2026-01-06T03:00:00+00:00,mix_only,interactive,3200,3168,32,224,24000,11520,128000,260,187,a3863f0c8d2d2ff6da1917231a2289a0aba2ca36f5385290a41b94dc5fb99e9c,1200000,640000,26000,77419,624000,1943419
27:streaming:mix_only,2026-01-06T03:00:00+00:00,mix_only,streaming,8600,8514,86,602,22575,12867,111800,602,184,153dd2d1f47c8e10da39e1618b8f7e478ccffd7127767fa4d5a37adbcbb51c5a,1128750,559000,60200,208065,485400,1956015
27:batch:optimized,2026-01-06T03:00:00+00:00,optimized,batch,1200,1188,12,42,39750,26685,333200,980,595,d5783c033d0b9c3bd06c7666cf40af2c1152b14cb39b0454618343d0093c3309,1987500,1666000,98000,29032,653250,3780532
27:interactive:optimized,2026-01-06T03:00:00+00:00,optimized,interactive,3200,3168,32,224,16800,10944,102400,260,282,697689bb2417a6224ca4921df278db3c66eb05f6c55096036365ec72ed5c8ed8,840000,512000,26000,77419,292800,1455419
27:streaming:optimized,2026-01-06T03:00:00+00:00,optimized,streaming,8000,7920,80,560,19950,11371,104000,560,194,55fd176e483bdf67ee4e91303235212b2648ce0ddf523f1bb1740b7f5092d072,997500,520000,56000,193549,428950,1767049
28:batch:baseline,2026-01-06T04:00:00+00:00,baseline,batch,800,792,8,40,50000,25000,392000,920,622,9404bbb84847954bdf4f01d6440d356b740c30e013e956659ee0d0aa88a10cb9,2500000,1960000,92000,19672,1250000,4571672
28:interactive:baseline,2026-01-06T04:00:00+00:00,baseline,interactive,3200,3168,32,128,25000,13250,160000,220,190,e8a1d3e821cb83907c4454e1ed07b8a875890f12a2863afdfd4b5205a304bf97,1250000,800000,22000,78689,587500,2150689
28:streaming:baseline,2026-01-06T04:00:00+00:00,baseline,streaming,8200,8118,82,328,16000,9120,128000,560,175,813ffa1b0b842afde3c77b270d8cf7cf3373c6419746a8f186447ff01675690c,800000,640000,56000,201639,344000,1697639
28:batch:mix_only,2026-01-06T04:00:00+00:00,mix_only,batch,400,396,4,20,25000,12500,196000,460,622,a1fbeebb3d4f6947ae03e64ca35a0945f60b4d312adf0312e557aafa2a8bfd2b,1250000,980000,46000,9836,625000,2285836
28:interactive:mix_only,2026-01-06T04:00:00+00:00,mix_only,interactive,3200,3168,32,128,25000,13250,160000,220,190,6778077cf9a1ea7f3727c93db4966f405fc1c49a19e896ec8183f43be71f7009,1250000,800000,22000,78689,587500,2150689
28:streaming:mix_only,2026-01-06T04:00:00+00:00,mix_only,streaming,8600,8514,86,344,16780,9564,134243,587,175,4d852dadc871e1d7ed35a5290aaf4d01d16a5f456b10b255482354249746dc94,839000,671215,58700,211475,360800,1780390
28:batch:optimized,2026-01-06T04:00:00+00:00,optimized,batch,800,792,8,20,37500,23750,333200,920,592,9404bbb84847954bdf4f01d6440d356b740c30e013e956659ee0d0aa88a10cb9,1875000,1666000,92000,19672,687500,3652672
28:interactive:optimized,2026-01-06T04:00:00+00:00,optimized,interactive,3200,3168,32,128,17500,12587,128000,220,285,e8a1d3e821cb83907c4454e1ed07b8a875890f12a2863afdfd4b5205a304bf97,875000,640000,22000,78689,245650,1615689
28:streaming:optimized,2026-01-06T04:00:00+00:00,optimized,streaming,8200,8118,82,328,15200,8664,128000,560,185,813ffa1b0b842afde3c77b270d8cf7cf3373c6419746a8f186447ff01675690c,760000,640000,56000,201639,326800,1657639
29:batch:baseline,2026-01-06T05:00:00+00:00,baseline,batch,800,792,8,48,54000,28080,416000,960,635,0acb625eb73b235592ea97a766e43053cee4662295afd82b9e319ca8eb28da39,2700000,2080000,96000,19355,1296000,4895355
29:interactive:baseline,2026-01-06T05:00:00+00:00,baseline,interactive,3400,3366,34,136,29000,15080,128000,280,196,d6cc130c0d96036e1e5515da22ac085caa67e3cc0090284c0eb54a0544db3460,1450000,640000,28000,82258,696000,2200258
29:streaming:baseline,2026-01-06T05:00:00+00:00,baseline,streaming,8200,8118,82,410,16000,8960,128000,540,174,4f280dc411b27c99e99f40581cd2cb17f7cf88f506f252546a2c6475f0fb1571,800000,640000,54000,198387,352000,1692387
29:batch:mix_only,2026-01-06T05:00:00+00:00,mix_only,batch,400,396,4,24,27000,14040,208000,480,635,cd685efb8f0149adec382f3f35ebab2f19baf8b328c03ca0c70f9a0374e0a156,1350000,1040000,48000,9677,648000,2447677
29:interactive:mix_only,2026-01-06T05:00:00+00:00,mix_only,interactive,3400,3366,34,136,29000,15080,128000,280,196,837b595b9dc7135c8d30912102609bda6e36aacc603a4c8834ed55b9c1c52d60,1450000,640000,28000,82258,696000,2200258
29:streaming:mix_only,2026-01-06T05:00:00+00:00,mix_only,streaming,8600,8514,86,430,16780,9397,134243,566,174,088d7e7453b996d37851d772a2e7c201707a0cc2c2e2229de7a0d573e6b9fcc4,839000,671215,56600,208065,369150,1774880
29:batch:optimized,2026-01-06T05:00:00+00:00,optimized,batch,800,792,8,24,40500,26676,353600,960,605,0acb625eb73b235592ea97a766e43053cee4662295afd82b9e319ca8eb28da39,2025000,1768000,96000,19355,691200,3908355
29:interactive:optimized,2026-01-06T05:00:00+00:00,optimized,interactive,3400,3366,34,136,20300,14326,102400,280,291,d6cc130c0d96036e1e5515da22ac085caa67e3cc0090284c0eb54a0544db3460,1015000,512000,28000,82258,298700,1637258
29:streaming:optimized,2026-01-06T05:00:00+00:00,optimized,streaming,8200,8118,82,410,15200,8512,128000,540,184,4f280dc411b27c99e99f40581cd2cb17f7cf88f506f252546a2c6475f0fb1571,760000,640000,54000,198387,334400,1652387
30:batch:baseline,2026-01-06T06:00:00+00:00,baseline,batch,1000,990,10,40,50000,24500,416000,960,624,d984fe2a0c48774effb6fd0c0ee43ceb20937beac3ee744d47ec62bd0cf51dbf,2500000,2080000,96000,21429,1275000,4697429
30:interactive:baseline,2026-01-06T06:00:00+00:00,baseline,interactive,4000,3960,40,280,24000,13680,144000,200,204,fbd09322967af08581e4275e9535b731350de2a1b53ede1e4acd81e30377a246,1200000,720000,20000,85714,516000,2025714
30:streaming:baseline,2026-01-06T06:00:00+00:00,baseline,streaming,9000,8910,90,360,21000,11130,128000,540,172,9fc365677a3fb165b742c10dfea7120fa6ba10884457b2cefcae1c051c1148eb,1050000,640000,54000,192857,493500,1936857
30:batch:mix_only,2026-01-06T06:00:00+00:00,mix_only,batch,500,495,5,20,25000,12250,208000,480,624,9a264621252f61aa9763a0dad9ceb9c30696a7c85a7403fcb99cbbfe959e9cd9,1250000,1040000,48000,10714,637500,2348714
30:interactive:mix_only,2026-01-06T06:00:00+00:00,mix_only,interactive,4000,3960,40,280,24000,13680,144000,200,204,cf704362aaceaed5302577646aded94f996b4b85917f3bbc2c7f8468110cab17,1200000,720000,20000,85714,516000,2025714
30:streaming:mix_only,2026-01-06T06:00:00+00:00,mix_only,streaming,9500,9405,95,380,22166,11748,135111,570,172,ab7f9a471d618cfe640810eeb9c71d37f83b9ada0edafd5a2ac69aa37f029859,1108300,675555,57000,203572,520900,2044427
30:batch:optimized,2026-01-06T06:00:00+00:00,optimized,batch,1000,990,10,20,37500,23275,353600,960,594,d984fe2a0c48774effb6fd0c0ee43ceb20937beac3ee744d47ec62bd0cf51dbf,1875000,1768000,96000,21429,711250,3760429
30:interactive:optimized,2026-01-06T06:00:00+00:00,optimized,interactive,4000,3960,40,280,16800,12996,115200,200,299,fbd09322967af08581e4275e9535b731350de2a1b53ede1e4acd81e30377a246,840000,576000,20000,85714,190200,1521714
30:streaming:optimized,2026-01-06T06:00:00+00:00,optimized,streaming,9000,8910,90,360,19950,10573,128000,540,182,9fc365677a3fb165b742c10dfea7120fa6ba10884457b2cefcae1c051c1148eb,997500,640000,54000,192857,468850,1884357
31:batch:baseline,2026-01-06T07:00:00+00:00,baseline,batch,1000,990,10,60,48000,23520,416000,900,629,a7a692e1812833ac3147ae180182af5673f6ee1dbd5ab8ef40e75a740fe32278,2400000,2080000,90000,23438,1224000,4593438
31:interactive:baseline,2026-01-06T07:00:00+00:00,baseline,interactive,3600,3564,36,216,30000,14400,144000,260,199,e23ace14eb1400ae27b28b411a725f5e8cb8bcc37fc5f26e0060f664f8ae989c,1500000,720000,26000,84375,780000,2330375
31:streaming:baseline,2026-01-06T07:00:00+00:00,baseline,streaming,8200,8118,82,410,16000,7840,96000,520,173,ff668f542a03fc071b8a56626a8154af81171155b201ed6969dbdab34029917b,800000,480000,52000,192187,408000,1524187
31:batch:mix_only,2026-01-06T07:00:00+00:00,mix_only,batch,500,495,5,30,24000,11760,208000,450,629,be89e5c7833b81073307677d3300790616ba9666d96aaab205aa7d421e6fdf75,1200000,1040000,45000,11719,612000,2296719
31:interactive:mix_only,2026-01-06T07:00:00+00:00,mix_only,interactive,3600,3564,36,216,30000,14400,144000,260,199,2865b6d4cd4b2ae66596b229bb8a087fa43cf3753f3002a893bf2c85d74c4fea,1500000,720000,26000,84375,780000,2330375
31:streaming:mix_only,2026-01-06T07:00:00+00:00,mix_only,streaming,8700,8613,87,435,16975,8318,101853,551,173,88a36e0a04d20ae5d14a4899e9eb55dc8da3b99590ba3f260f3447f44a257bdd,848750,509265,55100,203906,432850,1617021
31:batch:optimized,2026-01-06T07:00:00+00:00,optimized,batch,1000,990,10,30,36000,22344,353600,900,599,a7a692e1812833ac3147ae180182af5673f6ee1dbd5ab8ef40e75a740fe32278,1800000,1768000,90000,23438,682800,3681438
31:interactive:optimized,2026-01-06T07:00:00+00:00,optimized,interactive,3600,3564,36,216,21000,13680,115200,260,294,e23ace14eb1400ae27b28b411a725f5e8cb8bcc37fc5f26e0060f664f8ae989c,1050000,576000,26000,84375,366000,1736375
31:streaming:optimized,2026-01-06T07:00:00+00:00,optimized,streaming,8200,8118,82,410,15200,7448,96000,520,183,ff668f542a03fc071b8a56626a8154af81171155b201ed6969dbdab34029917b,760000,480000,52000,192187,387600,1484187
32:batch:baseline,2026-01-06T08:00:00+00:00,baseline,batch,1200,1188,12,48,56000,31920,408000,980,635,952eb8b491e583546c7ce6f8b69fdb680a6e876f83a1ee1210b864f80754da75,2800000,2040000,98000,27273,1204000,4965273
32:interactive:baseline,2026-01-06T08:00:00+00:00,baseline,interactive,3000,2970,30,180,26000,13000,160000,200,200,acc706393d513c82064f59b461b0fdb1c2cd36176ae7c29d546f5b0afe421e78,1300000,800000,20000,68182,650000,2188182
32:streaming:baseline,2026-01-06T08:00:00+00:00,baseline,streaming,9000,8910,90,630,22000,12100,112000,540,180,abfac4fa89624ce5ad4cb64eab2321a45fed854cc93d8c18cd4a759624d80a1f,1100000,560000,54000,204545,495000,1918545
32:batch:mix_only,2026-01-06T08:00:00+00:00,mix_only,batch,600,594,6,24,28000,15960,204000,490,635,5ca9f0bf9a454f3eb4889b02616d11055a547c8a93b0f580f97d2c5a5cfab4e2,1400000,1020000,49000,13636,602000,2482636
32:interactive:mix_only,2026-01-06T08:00:00+00:00,mix_only,interactive,3000,2970,30,180,26000,13000,160000,200,200,0f2f36ba6937c141a62707e64ba2d41def922c58eb7574759b0eab40c8a06599,1300000,800000,20000,68182,650000,2188182
32:streaming:mix_only,2026-01-06T08:00:00+00:00,mix_only,streaming,9600,9504,96,672,23466,12906,119466,576,180,9c7b78857e459943dc1a2557bb404a08bc0a227c3a7f57b72f3210ac9703f2a1,1173300,597330,57600,218182,528000,2046412
32:batch:optimized,2026-01-06T08:00:00+00:00,optimized,batch,1200,1188,12,24,42000,30324,346800,980,605,952eb8b491e583546c7ce6f8b69fdb680a6e876f83a1ee1210b864f80754da75,2100000,1734000,98000,27273,583800,3959273
32:interactive:optimized,2026-01-06T08:00:00+00:00,optimized,interactive,3000,2970,30,180,18200,12350,128000,200,295,acc706393d513c82064f59b461b0fdb1c2cd36176ae7c29d546f5b0afe421e78,910000,640000,20000,68182,292500,1638182
32:streaming:optimized,2026-01-06T08:00:00+00:00,optimized,streaming,9000,8910,90,630,20900,11495,112000,540,190,abfac4fa89624ce5ad4cb64eab2321a45fed854cc93d8c18cd4a759624d80a1f,1045000,560000,54000,204545,470250,1863545
33:batch:baseline,2026-01-06T09:00:00+00:00,baseline,batch,800,792,8,48,48000,26400,392000,900,638,5aaf322cc59d5e3774a54b920cc88a6d2bd4a2d0a17fe2ee6248071e14b5f380,2400000,1960000,90000,19048,1080000,4469048
33:interactive:baseline,2026-01-06T09:00:00+00:00,baseline,interactive,3600,3564,36,144,27000,14850,144000,200,191,863564a5280518e1373ed2ed5577679dbee965656b9ea9b0c97e59140238d7f7,1350000,720000,20000,85714,607500,2175714
33:streaming:baseline,2026-01-06T09:00:00+00:00,baseline,streaming,8200,8118,82,410,18000,8820,128000,520,189,6dfaa3b1b15e6380f1be4a22c5cb0273aab3f3de95da86cf37df7f986cda6166,900000,640000,52000,195238,459000,1787238
33:batch:mix_only,2026-01-06T09:00:00+00:00,mix_only,batch,400,396,4,24,24000,13200,196000,450,638,e43a22b11620fd57f58ea6c794c5412f8aa6b9dc753256daad0da160bf91a5c6,1200000,980000,45000,9524,540000,2234524
33:interactive:mix_only,2026-01-06T09:00:00+00:00,mix_only,interactive,3600,3564,36,144,27000,14850,144000,200,191,6606aebfbb3b38267c0a867c7024919df222b81db0ce46ef6ca90c2397b2ede3,1350000,720000,20000,85714,607500,2175714
33:streaming:mix_only,2026-01-06T09:00:00+00:00,mix_only,streaming,8600,8514,86,430,18878,9250,134243,545,189,8f7a2e983ec782637fcf20e9b8187941c15ba869e51c9b28da396597bb8d608d,943900,671215,54500,204762,481400,1874377
33:batch:optimized,2026-01-06T09:00:00+00:00,optimized,batch,800,792,8,24,36000,25080,333200,900,608,5aaf322cc59d5e3774a54b920cc88a6d2bd4a2d0a17fe2ee6248071e14b5f380,1800000,1666000,90000,19048,546000,3575048
33:interactive:optimized,2026-01-06T09:00:00+00:00,optimized,interactive,3600,3564,36,144,18900,14107,115200,200,286,863564a5280518e1373ed2ed5577679dbee965656b9ea9b0c97e59140238d7f7,945000,576000,20000,85714,239650,1626714
33:streaming:optimized,2026-01-06T09:00:00+00:00,optimized,streaming,8200,8118,82,410,17100,8379,128000,520,199,6dfaa3b1b15e6380f1be4a22c5cb0273aab3f3de95da86cf37df7f986cda6166,855000,640000,52000,195238,436050,1742238
34:batch:baseline,2026-01-06T10:00:00+00:00,baseline,batch,800,792,8,56,54000,26460,392000,960,633,ffe0c79054459a32ac3433448ac9b50e913198891be3c5e8034d2d214ee414c9,2700000,1960000,96000,18750,1377000,4774750
34:interactive:baseline,2026-01-06T10:00:00+00:00,baseline,interactive,3400,3366,34,204,27000,14040,144000,220,192,532b390a3302a797d51cf5fe1bd7b59db6fc59efde1b655a12d764919a017a17,1350000,720000,22000,79688,648000,2171688
34:streaming:baseline,2026-01-06T10:00:00+00:00,baseline,streaming,8600,8514,86,516,20000,11400,120000,520,180,22f2626c7177ea7f5f1a2546de213c97a3b76201ae9b662a263c81ecdd7c57fb,1000000,600000,52000,201562,430000,1853562
34:batch:mix_only,2026-01-06T10:00:00+00:00,mix_only,batch,400,396,4,28,27000,13230,196000,480,633,6f180fa15e9806cc8e9d299eed31607b1c92438311d14239e815283b8beb6c55,1350000,980000,48000,9375,688500,2387375
34:interactive:mix_only,2026-01-06T10:00:00+00:00,mix_only,interactive,3400,3366,34,204,27000,14040,144000,220,192,e14e8b032f62e709b6b132964dd3ce7848e35d44a1889acc658209d215fc80ed,1350000,720000,22000,79688,648000,2171688
34:streaming:mix_only,2026-01-06T10:00:00+00:00,mix_only,streaming,9000,8910,90,540,20930,11930,125581,544,180,10554bd54f2994caa55563054d7924b132ff45370dee95354c0ab26d708041e2,1046500,627905,54400,210937,450000,1939742
34:batch:optimized,2026-01-06T10:00:00+00:00,optimized,batch,800,792,8,28,40500,25137,333200,960,603,ffe0c79054459a32ac3433448ac9b50e913198891be3c5e8034d2d214ee414c9,2025000,1666000,96000,18750,768150,3805750
34:interactive:optimized,2026-01-06T10:00:00+00:00,optimized,interactive,3400,3366,34,204,18900,13338,115200,220,287,532b390a3302a797d51cf5fe1bd7b59db6fc59efde1b655a12d764919a017a17,945000,576000,22000,79688,278100,1622688
34:streaming:optimized,2026-01-06T10:00:00+00:00,optimized,streaming,8600,8514,86,516,19000,10830,120000,520,190,22f2626c7177ea7f5f1a2546de213c97a3b76201ae9b662a263c81ecdd7c57fb,950000,600000,52000,201562,408500,1803562
35:batch:baseline,2026-01-06T11:00:00+00:00,baseline,batch,1400,1386,14,84,49000,24500,400000,980,640,761c5c3933b2ccc937453dfedfa9f01370f07f417bb2ac1e04a43353ec4798e7,2450000,2000000,98000,29577,1225000,4577577
35:interactive:baseline,2026-01-06T11:00:00+00:00,baseline,interactive,4000,3960,40,240,32000,16640,128000,280,186,274fb93d58122e0704c228c54dc54fbdc4a7653457dbb97505b80bc64d086f81,1600000,640000,28000,84507,768000,2352507
35:streaming:baseline,2026-01-06T11:00:00+00:00,baseline,streaming,8800,8712,88,440,17000,9860,120000,560,180,4f731e2b220d16c9aebd84c2498d3f4a0a8e709a86cca27d25e587fe08770b1a,850000,600000,56000,185916,357000,1691916
35:batch:mix_only,2026-01-06T11:00:00+00:00,mix_only,batch,700,693,7,42,24500,12250,200000,490,640,b479c987634b47380921013e9093083fc07ff5fba49241c898ddc0e30b6fc60f,1225000,1000000,49000,14789,612500,2288789
35:interactive:mix_only,2026-01-06T11:00:00+00:00,mix_only,interactive,4000,3960,40,240,32000,16640,128000,280,186,fa0376746f410a3d819a106b25ab67bf2809150035bc680cca0390477490d676,1600000,640000,28000,84507,768000,2352507
35:streaming:mix_only,2026-01-06T11:00:00+00:00,mix_only,streaming,9500,9405,95,475,18352,10644,129545,604,180,f38402f9ce06c24668fc2c1c1d80ff1d78efc9cea85f84fe71b2c02eed107baf,917600,647725,60400,200704,385400,1826429
35:batch:optimized,2026-01-06T11:00:00+00:00,optimized,batch,1400,1386,14,42,36750,23275,340000,980,610,761c5c3933b2ccc937453dfedfa9f01370f07f417bb2ac1e04a43353ec4798e7,1837500,1700000,98000,29577,673750,3665077
35:interactive:optimized,2026-01-06T11:00:00+00:00,optimized,interactive,4000,3960,40,240,22400,15808,102400,280,281,274fb93d58122e0704c228c54dc54fbdc4a7653457dbb97505b80bc64d086f81,1120000,512000,28000,84507,329600,1744507
35:streaming:optimized,2026-01-06T11:00:00+00:00,optimized,streaming,8800,8712,88,440,16150,9367,120000,560,190,4f731e2b220d16c9aebd84c2498d3f4a0a8e709a86cca27d25e587fe08770b1a,807500,600000,56000,185916,339150,1649416
36:batch:baseline,2026-01-06T12:00:00+00:00,baseline,batch,1400,1386,14,98,48000,25920,416000,980,636,618fc89ee33c3892f98fa92d0a955cef04c96937923ae3e7260c26e55675628f,2400000,2080000,98000,30882,1104000,4608882
36:interactive:baseline,2026-01-06T12:00:00+00:00,baseline,interactive,3200,3168,32,160,26000,14300,144000,220,202,2ca8bf0d845e78a1925f1b8ac358ff53023f532e51430872af3f8dd0775cc8a0,1300000,720000,22000,70588,585000,2112588
36:streaming:baseline,2026-01-06T12:00:00+00:00,baseline,streaming,9000,8910,90,450,23000,13340,104000,520,175,7174acdc73893a73682b7b72e05c5c34660d1d777f18d72629e9d2467852d16a,1150000,520000,52000,198530,483000,1920530
36:batch:mix_only,2026-01-06T12:00:00+00:00,mix_only,batch,700,693,7,49,24000,12960,208000,490,636,8a0efdeaa0ed628d081450df7d1253f66eaf1ba15d7cb8e914759da555768512,1200000,1040000,49000,15441,552000,2304441
36:interactive:mix_only,2026-01-06T12:00:00+00:00,mix_only,interactive,3200,3168,32,160,26000,14300,144000,220,202,ae165e90a7fc1dfaf684cd9a6c277fa4af622d5f35deb29a3427f1a013dcf935,1300000,720000,22000,70588,585000,2112588
36:streaming:mix_only,2026-01-06T12:00:00+00:00,mix_only,streaming,9700,9603,97,485,24788,14377,112088,560,175,2a23b03c1a7a75da5492e45de315b9f24230911dcfcf0f86dd562ba058ab29d2,1239400,560440,56000,213971,520550,2069811
36:batch:optimized,2026-01-06T12:00:00+00:00,optimized,batch,1400,1386,14,49,36000,24624,353600,980,606,618fc89ee33c3892f98fa92d0a955cef04c96937923ae3e7260c26e55675628f,1800000,1768000,98000,30882,568800,3696882
36:interactive:optimized,2026-01-06T12:00:00+00:00,optimized,interactive,3200,3168,32,160,18200,13585,115200,220,297,2ca8bf0d845e78a1925f1b8ac358ff53023f532e51430872af3f8dd0775cc8a0,910000,576000,22000,70588,230750,1578588
36:streaming:optimized,2026-01-06T12:00:00+00:00,optimized,streaming,9000,8910,90,450,21850,12673,104000,520,185,7174acdc73893a73682b7b72e05c5c34660d1d777f18d72629e9d2467852d16a,1092500,520000,52000,198530,458850,1863030
37:batch:baseline,2026-01-06T13:00:00+00:00,baseline,batch,800,792,8,40,52000,27040,416000,920,638,de71b0c885f09c5d8ae473161ad850e552a2a5899a8371c5d9174c5d0e22b2f8,2600000,2080000,92000,18462,1248000,4790462
37:interactive:baseline,2026-01-06T13:00:00+00:00,baseline,interactive,3200,3168,32,224,26000,15080,152000,220,195,2c2b6d4312dec6fabbb0653ff713359934cc1f0cfe7732b9bcf8bbded0aeac1a,1300000,760000,22000,73846,546000,2155846
37:streaming:baseline,2026-01-06T13:00:00+00:00,baseline,streaming,9000,8910,90,360,18000,8820,128000,540,173,13ec7a9b26e84fd23c8b89a8007e97cdaaf53f93f30e07a24f8323c198b8674f,900000,640000,54000,207692,459000,1801692
37:batch:mix_only,2026-01-06T13:00:00+00:00,mix_only,batch,400,396,4,20,26000,13520,208000,460,638,fb2d103370c18893de65b523d8bdb933008064c6f9344f9e7415ce1f5bbdbfb6,1300000,1040000,46000,9231,624000,2395231
37:interactive:mix_only,2026-01-06T13:00:00+00:00,mix_only,interactive,3200,3168,32,224,26000,15080,152000,220,195,245fc9c840dd5d1257a3adbbe139529d91766551aa573133bae65902ce617bcd,1300000,760000,22000,73846,546000,2155846
37:streaming:mix_only,2026-01-06T13:00:00+00:00,mix_only,streaming,9400,9306,94,376,18800,9212,133688,564,173,d77ad4106ad82c6505aab0f06c6b605c20c4d3100ea8bcf7596362ef17d1b6a9,940000,668440,56400,216923,479400,1881763
37:batch:optimized,2026-01-06T13:00:00+00:00,optimized,batch,800,792,8,20,39000,25688,353600,920,608,de71b0c885f09c5d8ae473161ad850e552a2a5899a8371c5d9174c5d0e22b2f8,1950000,1768000,92000,18462,665600,3828462
37:interactive:optimized,2026-01-06T13:00:00+00:00,optimized,interactive,3200,3168,32,224,18200,14326,121600,220,290,2c2b6d4312dec6fabbb0653ff713359934cc1f0cfe7732b9bcf8bbded0aeac1a,910000,608000,22000,73846,193700,1613846
37:streaming:optimized,2026-01-06T13:00:00+00:00,optimized,streaming,9000,8910,90,360,17100,8379,128000,540,183,13ec7a9b26e84fd23c8b89a8007e97cdaaf53f93f30e07a24f8323c198b8674f,855000,640000,54000,207692,436050,1756692
38:batch:baseline,2026-01-06T14:00:00+00:00,baseline,batch,1200,1188,12,48,48000,26400,384000,960,629,d4df6cbc845d07877e22d4b5e3fe9cce8e00ab11a061fae5efdf636fa38bd445,2400000,1920000,96000,29508,1080000,4445508
38:interactive:baseline,2026-01-06T14:00:00+00:00,baseline,interactive,3000,2970,30,180,28000,15120,152000,200,190,658d87dec951490e514303e5f35f4244f009d0d847822135e2a6f763ea1509ad,1400000,760000,20000,73771,644000,2253771
38:streaming:baseline,2026-01-06T14:00:00+00:00,baseline,streaming,8000,7920,80,400,18000,9900,104000,500,181,e339fce138d21f2062bad10c7598eda83e880733f9f5d0e8e0baf16ce40a25de,900000,520000,50000,196721,405000,1666721
38:batch:mix_only,2026-01-06T14:00:00+00:00,mix_only,batch,600,594,6,24,24000,13200,192000,480,629,e93b6da126974a88864df5350f1dc4ebfb19c4ea3c99edaeef94f26fcec4669f,1200000,960000,48000,14754,540000,2222754
38:interactive:mix_only,2026-01-06T14:00:00+00:00,mix_only,interactive,3000,2970,30,180,28000,15120,152000,200,190,4a55659250ecf18b64fe6f7aed62579137f2c163ca220f063db5f6a0c2f2535a,1400000,760000,20000,73771,644000,2253771
38:streaming:mix_only,2026-01-06T14:00:00+00:00,mix_only,streaming,8600,8514,86,430,19350,10642,111800,537,181,31e8fbd0d71429c8e5d8d706627d41e320b0e2619ba1ca0c7ebaecbf4ef82c69,967500,559000,53700,211475,435400,1791675
38:batch:optimized,2026-01-06T14:00:00+00:00,optimized,batch,1200,1188,12,24,36000,25080,326400,960,599,d4df6cbc845d07877e22d4b5e3fe9cce8e00ab11a061fae5efdf636fa38bd445,1800000,1632000,96000,29508,546000,3557508
38:interactive:optimized,2026-01-06T14:00:00+00:00,optimized,interactive,3000,2970,30,180,19600,14364,121600,200,285,658d87dec951490e514303e5f35f4244f009d0d847822135e2a6f763ea1509ad,980000,608000,20000,73771,261800,1681771
38:streaming:optimized,2026-01-06T14:00:00+00:00,optimized,streaming,8000,7920,80,400,17100,9405,104000,500,191,e339fce138d21f2062bad10c7598eda83e880733f9f5d0e8e0baf16ce40a25de,855000,520000,50000,196721,384750,1621721
39:batch:baseline,2026-01-06T15:00:00+00:00,baseline,batch,1400,1386,14,70,49000,27440,400000,920,630,2c2a4eab9f7e449534d2ebce3612f9342fa7955a9b55c60c51dc39ef54c5a0ba,2450000,2000000,92000,30435,1078000,4572435
39:interactive:baseline,2026-01-06T15:00:00+00:00,baseline,interactive,4000,3960,40,160,24000,12960,160000,280,204,f1528410a292f6873620617c2ce0110be83199bf59aa85ec70ef5b3a94349a79,1200000,800000,28000,86956,552000,2114956
39:streaming:baseline,2026-01-06T15:00:00+00:00,baseline,streaming,8400,8316,84,588,19000,9310,128000,560,177,e813b49bf9c08400da7f34fa0dde1f1084493811d9ef9874320d385ec9d56d3a,950000,640000,56000,182609,484500,1828609
39:batch:mix_only,2026-01-06T15:00:00+00:00,mix_only,batch,700,693,7,35,24500,13720,200000,460,630,2891e5b6f58868bb107d45492acd13c3aa7240dd76476add5ca17d0a0cea3910,1225000,1000000,46000,15217,539000,2286217
39:interactive:mix_only,2026-01-06T15:00:00+00:00,mix_only,interactive,4000,3960,40,160,24000,12960,160000,280,204,4cda9462fbd639737ac05d047c5f791079a5d59f1541941576198aebb78fcbad,1200000,800000,28000,86957,552000,2114957
39:streaming:mix_only,2026-01-06T15:00:00+00:00,mix_only,streaming,9100,9009,91,637,20583,10085,138666,606,177,c27db54b5b15133a6734af12a8315abfc614f8cb09226c84b28a7f54fa6faaf3,1029150,693330,60600,197826,524900,1980906
39:batch:optimized,2026-01-06T15:00:00+00:00,optimized,batch,1400,1386,14,35,36750,26068,340000,920,600,2c2a4eab9f7e449534d2ebce3612f9342fa7955a9b55c60c51dc39ef54c5a0ba,1837500,1700000,92000,30435,534100,3659935
39:interactive:optimized,2026-01-06T15:00:00+00:00,optimized,interactive,4000,3960,40,160,16800,12312,128000,280,299,f1528410a292f6873620617c2ce0110be83199bf59aa85ec70ef5b3a94349a79,840000,640000,28000,86956,224400,1594956
39:streaming:optimized,2026-01-06T15:00:00+00:00,optimized,streaming,8400,8316,84,588,18050,8844,128000,560,187,e813b49bf9c08400da7f34fa0dde1f1084493811d9ef9874320d385ec9d56d3a,902500,640000,56000,182609,460300,1781109
40:batch:baseline,2026-01-06T16:00:00+00:00,baseline,batch,1000,990,10,40,48000,23520,400000,940,640,e94783554d2f02882f60edf0cb8a0fcb6aeef866e5c5562c568da03ec4060864,2400000,2000000,94000,22059,1224000,4516059
40:interactive:baseline,2026-01-06T16:00:00+00:00,baseline,interactive,3800,3762,38,266,32000,15680,144000,200,195,e3757a4a4cf89b19d72ce222f93f1dae6416c1df4077474c739620d9bf96538e,1600000,720000,20000,83823,816000,2423823
40:streaming:baseline,2026-01-06T16:00:00+00:00,baseline,streaming,8800,8712,88,352,22000,11000,96000,540,188,32970f14fc85fd85a1ec175c020c723f7283a00e42dfc1e5e985c7577c1499e9,1100000,480000,54000,194118,550000,1828118
40:batch:mix_only,2026-01-06T16:00:00+00:00,mix_only,batch,500,495,5,20,24000,11760,200000,470,640,6219055454bb3960bdc68c3ba0952146306c90670a28bcbd3c731ae4632c7c83,1200000,1000000,47000,11029,612000,2258029
40:interactive:mix_only,2026-01-06T16:00:00+00:00,mix_only,interactive,3800,3762,38,266,32000,15680,144000,200,195,440a62d969e32c71186af04f0464da957de2e5ea13b896402d127a7d423a60a9,1600000,720000,20000,83824,816000,2423824
40:streaming:mix_only,2026-01-06T16:00:00+00:00,mix_only,streaming,9300,9207,93,372,23250,11625,101454,570,188,d089b23e20ed9115ac492160ae870416b2798ae888286b8568a256a3507ab97c,1162500,507270,57000,205147,581250,1931917
40:batch:optimized,2026-01-06T16:00:00+00:00,optimized,batch,1000,990,10,20,36000,22344,340000,940,610,e94783554d2f02882f60edf0cb8a0fcb6aeef866e5c5562c568da03ec4060864,1800000,1700000,94000,22059,682800,3616059
40:interactive:optimized,2026-01-06T16:00:00+00:00,optimized,interactive,3800,3762,38,266,22400,14896,115200,200,290,e3757a4a4cf89b19d72ce222f93f1dae6416c1df4077474c739620d9bf96538e,1120000,576000,20000,83823,375200,1799823
40:streaming:optimized,2026-01-06T16:00:00+00:00,optimized,streaming,8800,8712,88,352,20900,10450,96000,540,198,32970f14fc85fd85a1ec175c020c723f7283a00e42dfc1e5e985c7577c1499e9,1045000,480000,54000,194118,522500,1773118
41:batch:baseline,2026-01-06T17:00:00+00:00,baseline,batch,800,792,8,56,48000,25440,416000,940,630,7b56d9796f16a011406f361a42827c05686a501dd9f24fd1f1f66b018223e2fb,2400000,2080000,94000,19048,1128000,4593048
41:interactive:baseline,2026-01-06T17:00:00+00:00,baseline,interactive,3400,3366,34,238,29000,15370,136000,280,193,a1447df05ed6477fc8b916be00741fad88e04c3ffca86b1a072c31ff7c2cf311,1450000,680000,28000,80952,681500,2238952
41:streaming:baseline,2026-01-06T17:00:00+00:00,baseline,streaming,8400,8316,84,504,24000,13440,96000,580,183,ed5a51682ba1c52efbd335c0ff0635484e95af852c30ea12352f3efa9611cf7f,1200000,480000,58000,200000,528000,1938000
41:batch:mix_only,2026-01-06T17:00:00+00:00,mix_only,batch,400,396,4,28,24000,12720,208000,470,630,a2c13ccf9082993452c7f735d7aebf94566466af0b4879bfed0c8f5e6c1596dd,1200000,1040000,47000,9524,564000,2296524
41:interactive:mix_only,2026-01-06T17:00:00+00:00,mix_only,interactive,3400,3366,34,238,29000,15370,136000,280,193,a91277646298521fc2bafc5682cff50afa197f0cf0609ca630e4790e16e152d2,1450000,680000,28000,80952,681500,2238952
41:streaming:mix_only,2026-01-06T17:00:00+00:00,mix_only,streaming,8800,8712,88,528,25142,14080,100571,607,183,105faf5d788c7acd6425627ba9e6e89de505b561bafe01c19472e15dacf218a9,1257100,502855,60700,209524,553100,2030179
41:batch:optimized,2026-01-06T17:00:00+00:00,optimized,batch,800,792,8,28,36000,24168,353600,940,600,7b56d9796f16a011406f361a42827c05686a501dd9f24fd1f1f66b018223e2fb,1800000,1768000,94000,19048,591600,3681048
41:interactive:optimized,2026-01-06T17:00:00+00:00,optimized,interactive,3400,3366,34,238,20300,14601,108800,280,288,a1447df05ed6477fc8b916be00741fad88e04c3ffca86b1a072c31ff7c2cf311,1015000,544000,28000,80952,284950,1667952
41:streaming:optimized,2026-01-06T17:00:00+00:00,optimized,streaming,8400,8316,84,504,22800,12768,96000,580,193,ed5a51682ba1c52efbd335c0ff0635484e95af852c30ea12352f3efa9611cf7f,1140000,480000,58000,200000,501600,1878000
42:batch:baseline,2026-01-06T18:00:00+00:00,baseline,batch,1000,990,10,60,56000,30240,400000,900,636,6248538812894fdb61a60001c66ecf0a6730fb0267803b965387001b9e4e422f,2800000,2000000,90000,21429,1288000,4911429
42:interactive:baseline,2026-01-06T18:00:00+00:00,baseline,interactive,4000,3960,40,280,26000,14300,128000,240,186,3dc669bf3e0af6a52935959b6eb34e4b96c28dc5b5a655195409542e05e16a91,1300000,640000,24000,85714,585000,2049714
42:streaming:baseline,2026-01-06T18:00:00+00:00,baseline,streaming,9000,8910,90,360,24000,12240,104000,500,178,fe86ed2af462783601ff2194d065a2f1f17a11a0f9c8e91de965e4c410d86200,1200000,520000,50000,192857,588000,1962857
42:batch:mix_only,2026-01-06T18:00:00+00:00,mix_only,batch,500,495,5,30,28000,15120,200000,450,636,0f020e7270fb0ce2b2e100badd4ecdc68bb72b94542cb0e93984baa35e7c7e39,1400000,1000000,45000,10714,644000,2455714
42:interactive:mix_only,2026-01-06T18:00:00+00:00,mix_only,interactive,4000,3960,40,280,26000,14300,128000,240,186,375975bd035315cb9468be10f1e68d527d2f92906e67b6b9738046a579fa8253,1300000,640000,24000,85714,585000,2049714
42:streaming:mix_only,2026-01-06T18:00:00+00:00,mix_only,streaming,9500,9405,95,380,25333,12920,109777,527,178,3edec5a38857f97e6322705c57b405c8849777204bd4e127681dfe59aaed68b7,1266650,548885,52700,203572,620650,2071807
42:batch:optimized,2026-01-06T18:00:00+00:00,optimized,batch,1000,990,10,30,42000,28728,340000,900,606,6248538812894fdb61a60001c66ecf0a6730fb0267803b965387001b9e4e422f,2100000,1700000,90000,21429,663600,3911429
42:interactive:optimized,2026-01-06T18:00:00+00:00,optimized,interactive,4000,3960,40,280,18200,13585,102400,240,281,3dc669bf3e0af6a52935959b6eb34e4b96c28dc5b5a655195409542e05e16a91,910000,512000,24000,85714,230750,1531714
42:streaming:optimized,2026-01-06T18:00:00+00:00,optimized,streaming,9000,8910,90,360,22800,11628,104000,500,188,fe86ed2af462783601ff2194d065a2f1f17a11a0f9c8e91de965e4c410d86200,1140000,520000,50000,192857,558600,1902857
43:batch:baseline,2026-01-06T19:00:00+00:00,baseline,batch,1400,1386,14,84,51000,24990,384000,920,622,a79a7c2d629d827e5959c92bf3bf3761e2e895f78c214733a94fef5da51dca7e,2550000,1920000,92000,31343,1300500,4593343
43:interactive:baseline,2026-01-06T19:00:00+00:00,baseline,interactive,3200,3168,32,128,31000,17050,152000,220,202,a90d6b9efe7c94bd1faa6d3f22a301e5cc9838f71bf04919761364ad59ae8b7a,1550000,760000,22000,71642,697500,2403642
43:streaming:baseline,2026-01-06T19:00:00+00:00,baseline,streaming,8800,8712,88,616,19000,9500,104000,500,177,cc09ba5d42fd132db2304b5dc7c590f8512fc46e2f46b2e1d7646a5b74f4daba,950000,520000,50000,197015,475000,1717015
43:batch:mix_only,2026-01-06T19:00:00+00:00,mix_only,batch,700,693,7,42,25500,12495,192000,460,622,488c95909f8dfebe41d2d6f576345b434a0863c7a7e5f1d100008654b2a0f923,1275000,960000,46000,15672,650250,2296672
43:interactive:mix_only,2026-01-06T19:00:00+00:00,mix_only,interactive,3200,3168,32,128,31000,17050,152000,220,202,2a14249c301f171cdb25560beaf4a53c8e0cd0e8d4ae1fda6821013edcc6422d,1550000,760000,22000,71642,697500,2403642
43:streaming:mix_only,2026-01-06T19:00:00+00:00,mix_only,streaming,9500,9405,95,665,20511,10255,112272,539,177,d4b1b754897e41bb37d8c8c04788703a85cffd6fc740770b09bdb19cd5aef068,1025550,561360,53900,212686,512800,1853496
43:batch:optimized,2026-01-06T19:00:00+00:00,optimized,batch,1400,1386,14,42,38250,23740,326400,920,592,a79a7c2d629d827e5959c92bf3bf3761e2e895f78c214733a94fef5da51dca7e,1912500,1632000,92000,31343,725500,3667843
43:interactive:optimized,2026-01-06T19:00:00+00:00,optimized,interactive,3200,3168,32,128,21700,16197,121600,220,297,a90d6b9efe7c94bd1faa6d3f22a301e5cc9838f71bf04919761364ad59ae8b7a,1085000,608000,22000,71642,275150,1786642
43:streaming:optimized,2026-01-06T19:00:00+00:00,optimized,streaming,8800,8712,88,616,18050,9025,104000,500,187,cc09ba5d42fd132db2304b5dc7c590f8512fc46e2f46b2e1d7646a5b74f4daba,902500,520000,50000,197015,451250,1669515
44:batch:baseline,2026-01-06T20:00:00+00:00,baseline,batch,800,792,8,56,48000,27360,400000,980,637,28b7a789fe714ad0da7b895940ea9e6908a3c03196876be12ac33353b6a58f0b,2400000,2000000,98000,19355,1032000,4517355
44:interactive:baseline,2026-01-06T20:00:00+00:00,baseline,interactive,3000,2970,30,180,27000,13770,160000,220,205,a6391aab5dc0c393d7e69373e34fb341831e01fa9ae3c32fcd6d357a0c19ffbf,1350000,800000,22000,72581,661500,2244581
44:streaming:baseline,2026-01-06T20:00:00+00:00,baseline,streaming,8600,8514,86,430,17000,8160,120000,540,186,6f7d7ccd9269a2f0a26a76331819d90049e95420926ce2bd8b987a2b4b3000a5,850000,600000,54000,208064,442000,1712064
44:batch:mix_only,2026-01-06T20:00:00+00:00,mix_only,batch,400,396,4,28,24000,13680,200000,490,637,1ae93f0ed8483622ef60950bc40b7df0349709db03aca58c94f0b03d222dfd70,1200000,1000000,49000,9677,516000,2258677
44:interactive:mix_only,2026-01-06T20:00:00+00:00,mix_only,interactive,3000,2970,30,180,27000,13770,160000,220,205,35fe179e066c446fbf63d9a3a66f0ee1f319a2b7102d9fb6a1f52bf0b7921ffe,1350000,800000,22000,72581,661500,2244581
44:streaming:mix_only,2026-01-06T20:00:00+00:00,mix_only,streaming,9000,8910,90,450,17790,8539,125581,565,186,7c534ee34ae624364d320cc64659a39f70679acd73b58d3b145cfae65bdb8134,889500,627905,56500,217742,462550,1791647
44:batch:optimized,2026-01-06T20:00:00+00:00,optimized,batch,800,792,8,28,36000,25992,340000,980,607,28b7a789fe714ad0da7b895940ea9e6908a3c03196876be12ac33353b6a58f0b,1800000,1700000,98000,19355,500400,3617355
44:interactive:optimized,2026-01-06T20:00:00+00:00,optimized,interactive,3000,2970,30,180,18900,13081,128000,220,300,a6391aab5dc0c393d7e69373e34fb341831e01fa9ae3c32fcd6d357a0c19ffbf,945000,640000,22000,72581,290950,1679581
44:streaming:optimized,2026-01-06T20:00:00+00:00,optimized,streaming,8600,8514,86,430,16150,7752,120000,540,196,6f7d7ccd9269a2f0a26a76331819d90049e95420926ce2bd8b987a2b4b3000a5,807500,600000,54000,208064,419900,1669564
45:batch:baseline,2026-01-06T21:00:00+00:00,baseline,batch,1000,990,10,60,48000,26400,392000,980,620,fc3b55e5dc83af25e406d3ebbafefb6717d7e4bf221191bf5f1b871fd63b814c,2400000,1960000,98000,23077,1080000,4481077
45:interactive:baseline,2026-01-06T21:00:00+00:00,baseline,interactive,3000,2970,30,210,25000,13000,152000,240,193,2cd6e9ed339c1a28a3895674394bb92952caf379fa093c9d0d952b81028b2e64,1250000,760000,24000,69231,600000,2103231
45:streaming:baseline,2026-01-06T21:00:00+00:00,baseline,streaming,9000,8910,90,540,21000,10710,120000,500,184,a46cb9164616bec47f1e7fc1757910dd76e63614d44e1572c477ec746c57825e,1050000,600000,50000,207692,514500,1907692
45:batch:mix_only,2026-01-06T21:00:00+00:00,mix_only,batch,500,495,5,30,24000,13200,196000,490,620,6b90623d3f53b0d30585a5b7d7138b9f0f9a5b86278fa18df5f681d240a92efe,1200000,980000,49000,11538,540000,2240538
45:interactive:mix_only,2026-01-06T21:00:00+00:00,mix_only,interactive,3000,2970,30,210,25000,13000,152000,240,193,aeafa69904135c76d0da3aa55dcd29fa8e87434184a799e24e3e9d25c8e4ba35,1250000,760000,24000,69231,600000,2103231
45:streaming:mix_only,2026-01-06T21:00:00+00:00,mix_only,streaming,9500,9405,95,570,22166,11305,126666,527,184,202dbd38dd9c37173802035f599d378527dd5ee346356458b09b3e260265c21d,1108300,633330,52700,219231,543050,2013561
45:batch:optimized,2026-01-06T21:00:00+00:00,optimized,batch,1000,990,10,30,36000,25080,333200,980,590,fc3b55e5dc83af25e406d3ebbafefb6717d7e4bf221191bf5f1b871fd63b814c,1800000,1666000,98000,23077,546000,3587077
45:interactive:optimized,2026-01-06T21:00:00+00:00,optimized,interactive,3000,2970,30,210,17500,12350,121600,240,288,2cd6e9ed339c1a28a3895674394bb92952caf379fa093c9d0d952b81028b2e64,875000,608000,24000,69231,257500,1576231
45:streaming:optimized,2026-01-06T21:00:00+00:00,optimized,streaming,9000,8910,90,540,19950,10174,120000,500,194,a46cb9164616bec47f1e7fc1757910dd76e63614d44e1572c477ec746c57825e,997500,600000,50000,207692,488800,1855192
46:batch:baseline,2026-01-06T22:00:00+00:00,baseline,batch,800,792,8,48,56000,26880,408000,980,623,a251444cb8c89935dfafaeb84fe896af2a8fbdf82a17adbc9ab1d951fe46ce2f,2800000,2040000,98000,17910,1456000,4955910
46:interactive:baseline,2026-01-06T22:00:00+00:00,baseline,interactive,3600,3564,36,216,28000,14280,128000,260,193,c229bed552bd701e05492ee0bb0f3ae0e611b3c8189c492f1aa326da2e3a2b33,1400000,640000,26000,80597,686000,2146597
46:streaming:baseline,2026-01-06T22:00:00+00:00,baseline,streaming,9000,8910,90,360,19000,10640,104000,520,182,d2fb3980ff62d8fb20f9cba8133c76ed8c9e19a9d71da9998f55d9847c0dca8a,950000,520000,52000,201493,418000,1723493
46:batch:mix_only,2026-01-06T22:00:00+00:00,mix_only,batch,400,396,4,24,28000,13440,204000,490,623,60151aba3e82b7cbb44caa8883eb99da08ab41d1e6af4293152961fe697c0a29,1400000,1020000,49000,8955,728000,2477955
46:interactive:mix_only,2026-01-06T22:00:00+00:00,mix_only,interactive,3600,3564,36,216,28000,14280,128000,260,193,51978c5b663bd1b00a33a53ce3d3cde84ca29fca6cab9e07880500d27778bb35,1400000,640000,26000,80597,686000,2146597
46:streaming:mix_only,2026-01-06T22:00:00+00:00,mix_only,streaming,9400,9306,94,376,19844,11112,108622,543,182,a4d1258c3adcd7cc0111f69dbc89bbe4de8ff383580fc1b88d758f29f1aa570f,992200,543110,54300,210448,436600,1800058
46:batch:optimized,2026-01-06T22:00:00+00:00,optimized,batch,800,792,8,24,42000,25536,346800,980,593,a251444cb8c89935dfafaeb84fe896af2a8fbdf82a17adbc9ab1d951fe46ce2f,2100000,1734000,98000,17910,823200,3949910
46:interactive:optimized,2026-01-06T22:00:00+00:00,optimized,interactive,3600,3564,36,216,19600,13566,102400,260,288,c229bed552bd701e05492ee0bb0f3ae0e611b3c8189c492f1aa326da2e3a2b33,980000,512000,26000,80597,301700,1598597
46:streaming:optimized,2026-01-06T22:00:00+00:00,optimized,streaming,9000,8910,90,360,18050,10108,104000,520,192,d2fb3980ff62d8fb20f9cba8133c76ed8c9e19a9d71da9998f55d9847c0dca8a,902500,520000,52000,201493,397100,1675993
47:batch:baseline,2026-01-06T23:00:00+00:00,baseline,batch,1400,1386,14,56,53000,25970,400000,920,624,f5c21bf3b1f440ac91f9416aab85d1577ea40cca1fdfb25fabc2ec223b4da56f,2650000,2000000,92000,31343,1351500,4773343
47:interactive:baseline,2026-01-06T23:00:00+00:00,baseline,interactive,3000,2970,30,210,26000,15080,160000,280,205,ca526779381a6fcc3e3f610f3b7d727e2ac72eb59ae9175a03d84661242a17a9,1300000,800000,28000,67164,546000,2195164
47:streaming:baseline,2026-01-06T23:00:00+00:00,baseline,streaming,9000,8910,90,360,17000,9860,104000,540,179,d67b9937c0d83059f02893a0ecaca1ce06b177d5f4d1a5cbaa4ad78d8ed9b3af,850000,520000,54000,201493,357000,1625493
47:batch:mix_only,2026-01-06T23:00:00+00:00,mix_only,batch,700,693,7,28,26500,12985,200000,460,624,9ca7c5cb3dc992e756fb041b470f1e53baff4a09a3ee7d950dd0f8cf3b2851c7,1325000,1000000,46000,15672,675750,2386672
47:interactive:mix_only,2026-01-06T23:00:00+00:00,mix_only,interactive,3000,2970,30,210,26000,15080,160000,280,205,72f028bc40fbacc39788e8da23a44d09f547ea877e72414014620dff7db615bd,1300000,800000,28000,67164,546000,2195164
47:streaming:mix_only,2026-01-06T23:00:00+00:00,mix_only,streaming,9700,9603,97,388,18322,10626,112088,582,179,9514937acde55a0017f351870240aabdb7cd5c0d251a1cd4f95b93593afe9fb0,916100,560440,58200,217164,384800,1751904
47:batch:optimized,2026-01-06T23:00:00+00:00,optimized,batch,1400,1386,14,28,39750,24671,340000,920,594,f5c21bf3b1f440ac91f9416aab85d1577ea40cca1fdfb25fabc2ec223b4da56f,1987500,1700000,92000,31343,753950,3810843
47:interactive:optimized,2026-01-06T23:00:00+00:00,optimized,interactive,3000,2970,30,210,18200,14326,128000,280,300,ca526779381a6fcc3e3f610f3b7d727e2ac72eb59ae9175a03d84661242a17a9,910000,640000,28000,67164,193700,1645164
47:streaming:optimized,2026-01-06T23:00:00+00:00,optimized,streaming,9000,8910,90,360,16150,9367,104000,540,189,d67b9937c0d83059f02893a0ecaca1ce06b177d5f4d1a5cbaa4ad78d8ed9b3af,807500,520000,54000,201493,339150,1582993
48:batch:baseline,2026-01-07T00:00:00+00:00,baseline,batch,1200,1188,12,48,56000,29120,416000,920,634,1ab3b67b3ab58a8f1170c12290c6a1bbec80949c96cbbb5045fcbdf29f741cb7,2800000,2080000,92000,28571,1344000,5000571
48:interactive:baseline,2026-01-07T00:00:00+00:00,baseline,interactive,3200,3168,32,160,25000,13500,128000,280,186,bf10022c0269448d3163755548ed39500fb8586b426b788d34e4a1415da812c9,1250000,640000,28000,76191,575000,1994191
48:streaming:baseline,2026-01-07T00:00:00+00:00,baseline,streaming,8200,8118,82,410,17000,9520,104000,520,171,dd8da6af4ec1e7b18549e1e37c1fcf91d62f1c963fa6e68ae4d29a5af1a80fd2,850000,520000,52000,195238,374000,1617238
48:batch:mix_only,2026-01-07T00:00:00+00:00,mix_only,batch,600,594,6,24,28000,14560,208000,460,634,f8e6c5eb770f7622b0a06a06022d94cf7aa8e144cbd826379f462f525aa95f07,1400000,1040000,46000,14286,672000,2500286
48:interactive:mix_only,2026-01-07T00:00:00+00:00,mix_only,interactive,3200,3168,32,160,25000,13500,128000,280,186,128e8e2c1d539ed2392886404aa371f3bb6f9e8228b66e7542489bfc684be689,1250000,640000,28000,76190,575000,1994190
48:streaming:mix_only,2026-01-07T00:00:00+00:00,mix_only,streaming,8800,8712,88,440,18243,10216,111609,558,171,c83a4788a8be06e2400cd9d996daff5f955a116e8cd98b9212d7b3dc8efea6a5,912150,558045,55800,209524,401350,1735519
48:batch:optimized,2026-01-07T00:00:00+00:00,optimized,batch,1200,1188,12,24,42000,27664,353600,920,604,1ab3b67b3ab58a8f1170c12290c6a1bbec80949c96cbbb5045fcbdf29f741cb7,2100000,1768000,92000,28571,716800,3988571
48:interactive:optimized,2026-01-07T00:00:00+00:00,optimized,interactive,3200,3168,32,160,17500,12825,102400,280,281,bf10022c0269448d3163755548ed39500fb8586b426b788d34e4a1415da812c9,875000,512000,28000,76191,233750,1491191
48:streaming:optimized,2026-01-07T00:00:00+00:00,optimized,streaming,8200,8118,82,410,16150,9044,104000,520,181,dd8da6af4ec1e7b18549e1e37c1fcf91d62f1c963fa6e68ae4d29a5af1a80fd2,807500,520000,52000,195238,355300,1574738
49:batch:baseline,2026-01-07T01:00:00+00:00,baseline,batch,1000,990,10,60,53000,29680,392000,940,621,0fe5a64daf41903c86f424badc6a5acb23b611fd2de55557fcde5bae3aa63a20,2650000,1960000,94000,23438,1166000,4727438
49:interactive:baseline,2026-01-07T01:00:00+00:00,baseline,interactive,3000,2970,30,120,27000,14850,160000,280,193,03589d3334fef58e6a42db2c76e20f796b599ea2549c000b1e8232e7b3c937b7,1350000,800000,28000,70312,607500,2248312
49:streaming:baseline,2026-01-07T01:00:00+00:00,baseline,streaming,8800,8712,88,440,23000,12880,96000,580,178,5a5f9e277b406a7cc465289026f477190d63e5e990d355875c411380dc781753,1150000,480000,58000,206250,506000,1894250
49:batch:mix_only,2026-01-07T01:00:00+00:00,mix_only,batch,500,495,5,30,26500,14840,196000,470,621,4a0a4f9b479a6759a804a15ef8cd646eb34334e8ee33d8a1780411340492dc5a,1325000,980000,47000,11719,583000,2363719
49:interactive:mix_only,2026-01-07T01:00:00+00:00,mix_only,interactive,3000,2970,30,120,27000,14850,160000,280,193,d8f6881ce02693f1fedb960cb32725da1664c84c8a3756e511621618a208a135,1350000,800000,28000,70312,607500,2248312
49:streaming:mix_only,2026-01-07T01:00:00+00:00,mix_only,streaming,9300,9207,93,465,24306,13611,101454,612,178,67f7b3a35b7afe87ff1f60afe699e0ef600cfc0b85238592acfa409dfb3c357c,1215300,507270,61200,217969,534750,2001739
49:batch:optimized,2026-01-07T01:00:00+00:00,optimized,batch,1000,990,10,30,39750,28196,333200,940,591,0fe5a64daf41903c86f424badc6a5acb23b611fd2de55557fcde5bae3aa63a20,1987500,1666000,94000,23438,577700,3770938
49:interactive:optimized,2026-01-07T01:00:00+00:00,optimized,interactive,3000,2970,30,120,18900,14107,128000,280,288,03589d3334fef58e6a42db2c76e20f796b599ea2549c000b1e8232e7b3c937b7,945000,640000,28000,70312,239650,1683312
49:streaming:optimized,2026-01-07T01:00:00+00:00,optimized,streaming,8800,8712,88,440,21850,12236,96000,580,188,5a5f9e277b406a7cc465289026f477190d63e5e990d355875c411380dc781753,1092500,480000,58000,206250,480700,1836750
50:batch:baseline,2026-01-07T02:00:00+00:00,baseline,batch,1000,990,10,50,56000,28000,416000,900,632,4cdd4121fa073645975b419063b5eaa073d645a18b095c6000bb4551bab41bf7,2800000,2080000,90000,23077,1400000,4993077
50:interactive:baseline,2026-01-07T02:00:00+00:00,baseline,interactive,3200,3168,32,224,25000,12750,128000,260,191,664498163257d1401860ce283b7fdbe9ad8b99c220cba86f29ab2d43e0c8da3f,1250000,640000,26000,73846,612500,1989846
50:streaming:baseline,2026-01-07T02:00:00+00:00,baseline,streaming,8800,8712,88,352,21000,10710,96000,560,179,816794338daee797e399fbf8eee04e0ffd44e954253b7eadcaa3616bea4a6b1b,1050000,480000,56000,203077,514500,1789077
50:batch:mix_only,2026-01-07T02:00:00+00:00,mix_only,batch,500,495,5,25,28000,14000,208000,450,632,623ccf13861803703949f106f22a293b92c3acf68eb273624902f47bd4fe5d46,1400000,1040000,45000,11539,700000,2496539
50:interactive:mix_only,2026-01-07T02:00:00+00:00,mix_only,interactive,3200,3168,32,224,25000,12750,128000,260,191,efc9b0057f6dc283a0c13806e36247dfdbb428f621695c522422d97c829c80e9,1250000,640000,26000,73846,612500,1989846
50:streaming:mix_only,2026-01-07T02:00:00+00:00,mix_only,streaming,9300,9207,93,372,22193,11318,101454,591,179,ae7e08d9258dbc304843e13f3a1b1356e0c4003917d14ff94f5d7d1b2442ffb4,1109650,507270,59100,214615,543750,1890635
50:batch:optimized,2026-01-07T02:00:00+00:00,optimized,batch,1000,990,10,25,42000,26600,353600,900,602,4cdd4121fa073645975b419063b5eaa073d645a18b095c6000bb4551bab41bf7,2100000,1768000,90000,23077,770000,3981077
50:interactive:optimized,2026-01-07T02:00:00+00:00,optimized,interactive,3200,3168,32,224,17500,12112,102400,260,286,664498163257d1401860ce283b7fdbe9ad8b99c220cba86f29ab2d43e0c8da3f,875000,512000,26000,73846,269400,1486846
50:streaming:optimized,2026-01-07T02:00:00+00:00,optimized,streaming,8800,8712,88,352,19950,10174,96000,560,189,816794338daee797e399fbf8eee04e0ffd44e954253b7eadcaa3616bea4a6b1b,997500,480000,56000,203077,488800,1736577
51:batch:baseline,2026-01-07T03:00:00+00:00,baseline,batch,1200,1188,12,48,53000,29150,384000,960,626,0feb370ea213cdb5f59c987a31b28f9a0b529423ff74cf2b2059cc04f0786744,2650000,1920000,96000,25352,1192500,4691352
51:interactive:baseline,2026-01-07T03:00:00+00:00,baseline,interactive,4000,3960,40,240,25000,13750,160000,200,187,f65bb07eb10201f6110a0d3561fe7a4b852c8b0408f94632a52cc912dacbcdff,1250000,800000,20000,84507,562500,2154507
51:streaming:baseline,2026-01-07T03:00:00+00:00,baseline,streaming,9000,8910,90,450,24000,12960,120000,560,174,3daf25b171bb1756aabf49224e454362e47467a56e1311f315fbcc9f57129fd6,1200000,600000,56000,190141,552000,2046141
51:batch:mix_only,2026-01-07T03:00:00+00:00,mix_only,batch,600,594,6,24,26500,14575,192000,480,626,566a658416050eeb210fdc569650b9edd1415d862786c6a0da88bb0182bce578,1325000,960000,48000,12676,596250,2345676
51:interactive:mix_only,2026-01-07T03:00:00+00:00,mix_only,interactive,4000,3960,40,240,25000,13750,160000,200,187,39bd4f79de7e984e7a2065c7cfb0fe76cf4cb585227b37e0a55db286b16e95ec,1250000,800000,20000,84507,562500,2154507
51:streaming:mix_only,2026-01-07T03:00:00+00:00,mix_only,streaming,9600,9504,96,480,25600,13824,128000,597,174,3c50d1614a687e1a786b2e8b72eeef06fd0d478ac1cdc54971756c0d65f23eeb,1280000,640000,59700,202817,588800,2182517
51:batch:optimized,2026-01-07T03:00:00+00:00,optimized,batch,1200,1188,12,24,39750,27692,326400,960,596,0feb370ea213cdb5f59c987a31b28f9a0b529423ff74cf2b2059cc04f0786744,1987500,1632000,96000,25352,602900,3740852
51:interactive:optimized,2026-01-07T03:00:00+00:00,optimized,interactive,4000,3960,40,240,17500,13062,128000,200,282,f65bb07eb10201f6110a0d3561fe7a4b852c8b0408f94632a52cc912dacbcdff,875000,640000,20000,84507,221900,1619507
51:streaming:optimized,2026-01-07T03:00:00+00:00,optimized,streaming,9000,8910,90,450,22800,12312,120000,560,184,3daf25b171bb1756aabf49224e454362e47467a56e1311f315fbcc9f57129fd6,1140000,600000,56000,190141,524400,1986141
52:batch:baseline,2026-01-07T04:00:00+00:00,baseline,batch,800,792,8,56,56000,28000,400000,980,625,af5bace030c09b9600f28d95b2db8825b361dab54475e0304d179164250ca2c0,2800000,2000000,98000,18182,1400000,4916182
52:interactive:baseline,2026-01-07T04:00:00+00:00,baseline,interactive,4000,3960,40,200,27000,14310,144000,240,204,f6306f7837e7bde0d04ec4c4a5583226fe477c922a50e504fb25eddaf58d4c28,1350000,720000,24000,90909,634500,2184909
52:streaming:baseline,2026-01-07T04:00:00+00:00,baseline,streaming,8400,8316,84,336,24000,13680,120000,580,180,5385995a2805441baee5e82da5bf3a14092c4211dcbabe48f8547c3e237896bd,1200000,600000,58000,190909,516000,2048909
52:batch:mix_only,2026-01-07T04:00:00+00:00,mix_only,batch,400,396,4,28,28000,14000,200000,490,625,57a297559782c412763902a522819f900b2305700e26bba08aada2e5c3450c91,1400000,1000000,49000,9091,700000,2458091
52:interactive:mix_only,2026-01-07T04:00:00+00:00,mix_only,interactive,4000,3960,40,200,27000,14310,144000,240,204,e9256a3cd840ed3c301355560a2ffa56befe8144c29de901fd5711d1836d8960,1350000,720000,24000,90909,634500,2184909
52:streaming:mix_only,2026-01-07T04:00:00+00:00,mix_only,streaming,8800,8712,88,352,25142,14331,125714,607,180,e2184633406cb24987135d1f323aa7be23f43eb470c43b8bcff6d678f829fb78,1257100,628570,60700,200000,540550,2146370
52:batch:optimized,2026-01-07T04:00:00+00:00,optimized,batch,800,792,8,28,42000,26600,340000,980,595,af5bace030c09b9600f28d95b2db8825b361dab54475e0304d179164250ca2c0,2100000,1700000,98000,18182,770000,3916182
52:interactive:optimized,2026-01-07T04:00:00+00:00,optimized,interactive,4000,3960,40,200,18900,13594,115200,240,299,f6306f7837e7bde0d04ec4c4a5583226fe477c922a50e504fb25eddaf58d4c28,945000,576000,24000,90909,265300,1635909
52:streaming:optimized,2026-01-07T04:00:00+00:00,optimized,streaming,8400,8316,84,336,22800,12996,120000,580,190,5385995a2805441baee5e82da5bf3a14092c4211dcbabe48f8547c3e237896bd,1140000,600000,58000,190909,490200,1988909
53:batch:baseline,2026-01-07T05:00:00+00:00,baseline,batch,1200,1188,12,60,54000,30240,384000,920,635,2e0f7caca6b56a6098954935ad4b031f84e9c19e7af337eadf35184596269271,2700000,1920000,92000,27273,1188000,4739273
53:interactive:baseline,2026-01-07T05:00:00+00:00,baseline,interactive,4000,3960,40,200,29000,14210,144000,220,196,aa6f06e84df1cfceaf210ed4c6e94c36d9c9fd04b9be25267d1055646258c4c1,1450000,720000,22000,90909,739500,2282909
53:streaming:baseline,2026-01-07T05:00:00+00:00,baseline,streaming,8000,7920,80,480,24000,12240,104000,560,176,d817815274556f5e4b4341d9e02219228752d18ab4de5ae25d954ef0c879f2ae,1200000,520000,56000,181818,588000,1957818
53:batch:mix_only,2026-01-07T05:00:00+00:00,mix_only,batch,600,594,6,30,27000,15120,192000,460,635,a41dec440e23467911e1261f9c2d9f4b628c1e44921807b8714ebbd0f82036c7,1350000,960000,46000,13636,594000,2369636
53:interactive:mix_only,2026-01-07T05:00:00+00:00,mix_only,interactive,4000,3960,40,200,29000,14210,144000,220,196,6875f91a1431d349329eefb6b5ecfb2fe5dd0aff0e64de7445ded85ba2e57d99,1450000,720000,22000,90909,739500,2282909
53:streaming:mix_only,2026-01-07T05:00:00+00:00,mix_only,streaming,8600,8514,86,516,25800,13158,111800,602,176,b0ae0b9e2c68d2f53355a77351e261781326caa2381235b10aede61a639a88a0,1290000,559000,60200,195455,632100,2104655
53:batch:optimized,2026-01-07T05:00:00+00:00,optimized,batch,1200,1188,12,30,40500,28728,326400,920,605,2e0f7caca6b56a6098954935ad4b031f84e9c19e7af337eadf35184596269271,2025000,1632000,92000,27273,588600,3776273
53:interactive:optimized,2026-01-07T05:00:00+00:00,optimized,interactive,4000,3960,40,200,20300,13499,115200,220,291,aa6f06e84df1cfceaf210ed4c6e94c36d9c9fd04b9be25267d1055646258c4c1,1015000,576000,22000,90909,340050,1703909
53:streaming:optimized,2026-01-07T05:00:00+00:00,optimized,streaming,8000,7920,80,480,22800,11628,104000,560,186,d817815274556f5e4b4341d9e02219228752d18ab4de5ae25d954ef0c879f2ae,1140000,520000,56000,181818,558600,1897818
54:batch:baseline,2026-01-07T06:00:00+00:00,baseline,batch,800,792,8,48,49000,23520,408000,940,626,cd55fb49b3bef1e35814f5c70b19071a11aad35ce609f0912e9a68659c89a8bc,2450000,2040000,94000,18182,1274000,4602182
54:interactive:baseline,2026-01-07T06:00:00+00:00,baseline,interactive,3600,3564,36,144,27000,14850,128000,200,205,947ee699201f3e2095dde7baad54ddd40f7a5332e7f45df914adb378b4701769,1350000,640000,20000,81818,607500,2091818
54:streaming:baseline,2026-01-07T06:00:00+00:00,baseline,streaming,8800,8712,88,616,18000,9360,120000,540,181,6233e34ceea94badf83efaa8f21f8b4db8cf21127786e56727a3e7f838e658ab,900000,600000,54000,200000,432000,1754000
54:batch:mix_only,2026-01-07T06:00:00+00:00,mix_only,batch,400,396,4,24,24500,11760,204000,470,626,4b9a2b3ea2dad9323bf3673d13b7942914e6edb586aed30000a7136233338def,1225000,1020000,47000,9091,637000,2301091
54:interactive:mix_only,2026-01-07T06:00:00+00:00,mix_only,interactive,3600,3564,36,144,27000,14850,128000,200,205,8bfc22b29f80ecf8f37f959da816b032e37651a24974be187fc04e675af3ba77,1350000,640000,20000,81818,607500,2091818
54:streaming:mix_only,2026-01-07T06:00:00+00:00,mix_only,streaming,9200,9108,92,644,18818,9785,125454,564,181,ce6e34f513989311c7ca6d50bfac8318e2ef447a0f1fd297c82b82dff8c69c21,940900,627270,56400,209091,451650,1833661
54:batch:optimized,2026-01-07T06:00:00+00:00,optimized,batch,800,792,8,24,36750,22344,346800,940,596,cd55fb49b3bef1e35814f5c70b19071a11aad35ce609f0912e9a68659c89a8bc,1837500,1734000,94000,18182,720300,3683682
54:interactive:optimized,2026-01-07T06:00:00+00:00,optimized,interactive,3600,3564,36,144,18900,14107,102400,200,300,947ee699201f3e2095dde7baad54ddd40f7a5332e7f45df914adb378b4701769,945000,512000,20000,81818,239650,1558818
54:streaming:optimized,2026-01-07T06:00:00+00:00,optimized,streaming,8800,8712,88,616,17100,8892,120000,540,191,6233e34ceea94badf83efaa8f21f8b4db8cf21127786e56727a3e7f838e658ab,855000,600000,54000,200000,410400,1709000
55:batch:baseline,2026-01-07T07:00:00+00:00,baseline,batch,1000,990,10,60,49000,26950,408000,940,627,e3fe1638f52e516198677c3c816181a6827b789d83d2410054f467cbfa87b85e,2450000,2040000,94000,22727,1102500,4606727
55:interactive:baseline,2026-01-07T07:00:00+00:00,baseline,interactive,3200,3168,32,192,32000,18560,136000,280,196,951a4f90ec0eadb6ccdc04a651df25f8a9a5bf5d276b61603dcc39afb15ac6f1,1600000,680000,28000,72727,672000,2380727
55:streaming:baseline,2026-01-07T07:00:00+00:00,baseline,streaming,9000,8910,90,540,22000,11660,104000,520,184,77f0f26a0ac327bf05473673f93f14f7c459c1c394f4174b54afbc737ad76325,1100000,520000,52000,204546,517000,1876546
55:batch:mix_only,2026-01-07T07:00:00+00:00,mix_only,batch,500,495,5,30,24500,13475,204000,470,627,df900650174093d4cb982e6f5b2d38ccf532f35c8edb4cf9a0fe7478ec26b5a4,1225000,1020000,47000,11364,551250,2303364
55:interactive:mix_only,2026-01-07T07:00:00+00:00,mix_only,interactive,3200,3168,32,192,32000,18560,136000,280,196,79d2ea571c38d117ee69eac09a7105562de7876478a278d318228d967ceb38e0,1600000,680000,28000,72727,672000,2380727
55:streaming:mix_only,2026-01-07T07:00:00+00:00,mix_only,streaming,9500,9405,95,570,23222,12307,109777,548,184,16a35e702ad0f3900be5d1f8efeb5e4d9fbc5a17e3cb6b6b0b396802985debe3,1161100,548885,54800,215909,545750,1980694
55:batch:optimized,2026-01-07T07:00:00+00:00,optimized,batch,1000,990,10,30,36750,25602,346800,940,597,e3fe1638f52e516198677c3c816181a6827b789d83d2410054f467cbfa87b85e,1837500,1734000,94000,22727,557400,3688227
55:interactive:optimized,2026-01-07T07:00:00+00:00,optimized,interactive,3200,3168,32,192,22400,17632,108800,280,291,951a4f90ec0eadb6ccdc04a651df25f8a9a5bf5d276b61603dcc39afb15ac6f1,1120000,544000,28000,72727,238400,1764727
55:streaming:optimized,2026-01-07T07:00:00+00:00,optimized,streaming,9000,8910,90,540,20900,11077,104000,520,194,77f0f26a0ac327bf05473673f93f14f7c459c1c394f4174b54afbc737ad76325,1045000,520000,52000,204546,491150,1821546
56:batch:baseline,2026-01-07T08:00:00+00:00,baseline,batch,1400,1386,14,70,49000,24010,384000,940,632,e856fcd93f4d6bb52ff7c7ec63dff3b626ece46859eb759bd91b69bcf4193934,2450000,1920000,94000,30883,1249500,4494883
56:interactive:baseline,2026-01-07T08:00:00+00:00,baseline,interactive,4000,3960,40,280,29000,15370,136000,220,192,26759121d65413b2a2335257ff6690c8c37200ff895ac664ce4df30114a6ee58,1450000,680000,22000,88235,681500,2240235
56:streaming:baseline,2026-01-07T08:00:00+00:00,baseline,streaming,8200,8118,82,328,18000,9900,104000,500,182,fb90324e4759838bfaa9c92c07c3f39795139c9633c89abb1c5753deb102ead6,900000,520000,50000,180882,405000,1650882
56:batch:mix_only,2026-01-07T08:00:00+00:00,mix_only,batch,700,693,7,35,24500,12005,192000,470,632,27707fc932d05260f0477a28592b4287267fae56cc258ec4e9c30dc915b6c8ae,1225000,960000,47000,15441,624750,2247441
56:interactive:mix_only,2026-01-07T08:00:00+00:00,mix_only,interactive,4000,3960,40,280,29000,15370,136000,220,192,ba385900cfcc46a99315dd2ebe79ff24e9c645a6058837d1288395831e801854,1450000,680000,22000,88235,681500,2240235
56:streaming:mix_only,2026-01-07T08:00:00+00:00,mix_only,streaming,8900,8811,89,356,19536,10745,112878,542,182,b64af5de4dac6bd1a54dcdcd6e4cea31205f9f2556b9669fe9d54edf8df31007,976800,564390,54200,196324,439550,1791714
56:batch:optimized,2026-01-07T08:00:00+00:00,optimized,batch,1400,1386,14,35,36750,22809,326400,940,602,e856fcd93f4d6bb52ff7c7ec63dff3b626ece46859eb759bd91b69bcf4193934,1837500,1632000,94000,30883,697050,3594383
56:interactive:optimized,2026-01-07T08:00:00+00:00,optimized,interactive,4000,3960,40,280,20300,14601,108800,220,287,26759121d65413b2a2335257ff6690c8c37200ff895ac664ce4df30114a6ee58,1015000,544000,22000,88235,284950,1669235
56:streaming:optimized,2026-01-07T08:00:00+00:00,optimized,streaming,8200,8118,82,328,17100,9405,104000,500,192,fb90324e4759838bfaa9c92c07c3f39795139c9633c89abb1c5753deb102ead6,855000,520000,50000,180882,384750,1605882
57:batch:baseline,2026-01-07T09:00:00+00:00,baseline,batch,1000,990,10,50,50000,26000,408000,920,637,14aa5001f5839ed6a00be3f114725859899caa24ee36ff7d5d4a8c2debd0ab4c,2500000,2040000,92000,22059,1200000,4654059
57:interactive:baseline,2026-01-07T09:00:00+00:00,baseline,interactive,3600,3564,36,144,29000,15080,160000,200,192,e5730c0d50151f5358332295d980f39efd3c1d52b7a0c1749bc6a7462fa00201,1450000,800000,20000,79412,696000,2349412
57:streaming:baseline,2026-01-07T09:00:00+00:00,baseline,streaming,9000,8910,90,450,19000,9690,112000,540,172,e6aaed0dba0a98f11636a825329638a53bda5c497d36b57bc16c600bb0c1216c,950000,560000,54000,198529,465500,1762529
57:batch:mix_only,2026-01-07T09:00:00+00:00,mix_only,batch,500,495,5,25,25000,13000,204000,460,637,43b1b5e9f5ada207437bba3f5836870cf5cf5de1fc0955fa372a6f35782c6512,1250000,1020000,46000,11029,600000,2327029
57:interactive:mix_only,2026-01-07T09:00:00+00:00,mix_only,interactive,3600,3564,36,144,29000,15080,160000,200,192,7dd586c037108edae72e8bf45e56e19e528d7b4f080919bc730f7da671f707ce,1450000,800000,20000,79412,696000,2349412
57:streaming:mix_only,2026-01-07T09:00:00+00:00,mix_only,streaming,9500,9405,95,475,20055,10228,118222,570,172,7035e95a4ba9c8604dc2e37347868910023c9a8cd84c3a4ac8d38621212ac749,1002750,591110,57000,209559,491350,1860419
57:batch:optimized,2026-01-07T09:00:00+00:00,optimized,batch,1000,990,10,25,37500,24700,346800,920,607,14aa5001f5839ed6a00be3f114725859899caa24ee36ff7d5d4a8c2debd0ab4c,1875000,1734000,92000,22059,640000,3723059
57:interactive:optimized,2026-01-07T09:00:00+00:00,optimized,interactive,3600,3564,36,144,20300,14326,128000,200,287,e5730c0d50151f5358332295d980f39efd3c1d52b7a0c1749bc6a7462fa00201,1015000,640000,20000,79412,298700,1754412
57:streaming:optimized,2026-01-07T09:00:00+00:00,optimized,streaming,9000,8910,90,450,18050,9205,112000,540,182,e6aaed0dba0a98f11636a825329638a53bda5c497d36b57bc16c600bb0c1216c,902500,560000,54000,198529,442250,1715029
58:batch:baseline,2026-01-07T10:00:00+00:00,baseline,batch,1200,1188,12,48,48000,26400,408000,940,630,b2bd66db21a175cb44eef4485271f8aba665561bd5756677ea429bf00abf7695,2400000,2040000,94000,26087,1080000,4560087
58:interactive:baseline,2026-01-07T10:00:00+00:00,baseline,interactive,4000,3960,40,160,25000,13000,160000,200,188,86ef72e0b31de05fcc38baea16ac0f825c2f77fd7f7eee868bdc3d8d55227e18,1250000,800000,20000,86957,600000,2156957
58:streaming:baseline,2026-01-07T10:00:00+00:00,baseline,streaming,8600,8514,86,344,22000,11660,120000,520,190,c3483603098b5509d817e9b393d490df04b90615c57b0731a6cf53152f03071e,1100000,600000,52000,186956,517000,1938956
58:batch:mix_only,2026-01-07T10:00:00+00:00,mix_only,batch,600,594,6,24,24000,13200,204000,470,630,457c9ea1a665eedf9035d4a1833c264447470afcfad4a5290dab6c9ae1bf9449,1200000,1020000,47000,13043,540000,2280043
58:interactive:mix_only,2026-01-07T10:00:00+00:00,mix_only,interactive,4000,3960,40,160,25000,13000,160000,200,188,c44ab817aa4015c3c2983629e0b1efccc041341920051a0dcb18d7321c43bc3d,1250000,800000,20000,86957,600000,2156957
58:streaming:mix_only,2026-01-07T10:00:00+00:00,mix_only,streaming,9200,9108,92,368,23534,12473,128372,556,190,be35f938a2bf9d4cccc8aa759c9b8facc12549ff7a51e8cf0d52c8df940475a3,1176700,641860,55600,200000,553050,2074160
58:batch:optimized,2026-01-07T10:00:00+00:00,optimized,batch,1200,1188,12,24,36000,25080,346800,940,600,b2bd66db21a175cb44eef4485271f8aba665561bd5756677ea429bf00abf7695,1800000,1734000,94000,26087,546000,3654087
58:interactive:optimized,2026-01-07T10:00:00+00:00,optimized,interactive,4000,3960,40,160,17500,12350,128000,200,283,86ef72e0b31de05fcc38baea16ac0f825c2f77fd7f7eee868bdc3d8d55227e18,875000,640000,20000,86957,257500,1621957
58:streaming:optimized,2026-01-07T10:00:00+00:00,optimized,streaming,8600,8514,86,344,20900,11077,120000,520,200,c3483603098b5509d817e9b393d490df04b90615c57b0731a6cf53152f03071e,1045000,600000,52000,186956,491150,1883956
59:batch:baseline,2026-01-07T11:00:00+00:00,baseline,batch,800,792,8,40,53000,25440,408000,940,629,6820ccbe2b5aea16cad243f58856fa53ce265bd0272380785d0bd92c109907c8,2650000,2040000,94000,18462,1378000,4802462
59:interactive:baseline,2026-01-07T11:00:00+00:00,baseline,interactive,3200,3168,32,192,24000,11520,144000,260,200,3e30076f706c186da34cf98cef39ee3edeebfdd34e584d18e12cd173d3805dc3,1200000,720000,26000,73846,624000,2019846
59:streaming:baseline,2026-01-07T11:00:00+00:00,baseline,streaming,9000,8910,90,450,22000,11220,112000,580,185,9028a6d8d2623d4feeaa0592ae718a5939b59ad2323dbc6d96238b68ddfed99b,1100000,560000,58000,207692,539000,1925692
59:batch:mix_only,2026-01-07T11:00:00+00:00,mix_only,batch,400,396,4,20,26500,12720,204000,470,629,955425e3e53b646ad408941f06d101df47e98f5b88b3391bfb53cc1e61cda639,1325000,1020000,47000,9231,689000,2401231
59:interactive:mix_only,2026-01-07T11:00:00+00:00,mix_only,interactive,3200,3168,32,192,24000,11520,144000,260,200,6386d3f26a8e5deffaadf5b91caaa9a34070842249efe4a1ed771c46acc268ba,1200000,720000,26000,73846,624000,2019846
59:streaming:mix_only,2026-01-07T11:00:00+00:00,mix_only,streaming,9400,9306,94,470,22977,11718,116977,605,185,8fc0470919f2c48e95d1f62c207eb96e5726f5211c526edc590b14bd11d78e19,1148850,584885,60500,216923,562950,2011158
59:batch:optimized,2026-01-07T11:00:00+00:00,optimized,batch,800,792,8,20,39750,24168,346800,940,599,6820ccbe2b5aea16cad243f58856fa53ce265bd0272380785d0bd92c109907c8,1987500,1734000,94000,18462,779100,3833962
59:interactive:optimized,2026-01-07T11:00:00+00:00,optimized,interactive,3200,3168,32,192,16800,10944,115200,260,295,3e30076f706c186da34cf98cef39ee3edeebfdd34e584d18e12cd173d3805dc3,840000,576000,26000,73846,292800,1515846
59:streaming:optimized,2026-01-07T11:00:00+00:00,optimized,streaming,9000,8910,90,450,20900,10659,112000,580,195,9028a6d8d2623d4feeaa0592ae718a5939b59ad2323dbc6d96238b68ddfed99b,1045000,560000,58000,207692,512050,1870692
60:batch:baseline,2026-01-07T12:00:00+00:00,baseline,batch,1200,1188,12,48,53000,25440,400000,980,627,9e3a0fa857642f9d4b19b69414927dc1b70f805a148c2824261d54d0753049d6,2650000,2000000,98000,28125,1378000,4776125
60:interactive:baseline,2026-01-07T12:00:00+00:00,baseline,interactive,3600,3564,36,180,28000,14840,152000,240,200,cc8d9bbe1497bf0df3c4651c9a8f20cc62969be0b64ad97944a8b8a9bd4e14d5,1400000,760000,24000,84375,658000,2268375
60:streaming:baseline,2026-01-07T12:00:00+00:00,baseline,streaming,8000,7920,80,560,21000,11550,120000,500,185,96305ecd7cb4c63f69fbe5822e15bbebe10468464997b863b72ee5bf3a6aa5b1,1050000,600000,50000,187500,472500,1887500
60:batch:mix_only,2026-01-07T12:00:00+00:00,mix_only,batch,600,594,6,24,26500,12720,200000,490,627,f3aba7fca8c2b611e370ff6e46076e77897206578408b9dd889a572e93d020a1,1325000,1000000,49000,14063,689000,2388063
60:interactive:mix_only,2026-01-07T12:00:00+00:00,mix_only,interactive,3600,3564,36,180,28000,14840,152000,240,200,4cdd7cb7308c8f3c9e7ee19950e0961e19785e94246f32439b7da975799e2e70,1400000,760000,24000,84375,658000,2268375
60:streaming:mix_only,2026-01-07T12:00:00+00:00,mix_only,streaming,8600,8514,86,602,22575,12416,129000,537,185,41a573606e5e374d7a6b8569a51000325215d5b24764f8823c2c1b87614bd886,1128750,645000,53700,201562,507950,2029012
60:batch:optimized,2026-01-07T12:00:00+00:00,optimized,batch,1200,1188,12,24,39750,24168,340000,980,597,9e3a0fa857642f9d4b19b69414927dc1b70f805a148c2824261d54d0753049d6,1987500,1700000,98000,28125,779100,3813625
60:interactive:optimized,2026-01-07T12:00:00+00:00,optimized,interactive,3600,3564,36,180,19600,14098,121600,240,295,cc8d9bbe1497bf0df3c4651c9a8f20cc62969be0b64ad97944a8b8a9bd4e14d5,980000,608000,24000,84375,275100,1696375
60:streaming:optimized,2026-01-07T12:00:00+00:00,optimized,streaming,8000,7920,80,560,19950,10972,120000,500,195,96305ecd7cb4c63f69fbe5822e15bbebe10468464997b863b72ee5bf3a6aa5b1,997500,600000,50000,187500,448900,1835000
61:batch:baseline,2026-01-07T13:00:00+00:00,baseline,batch,1400,1386,14,70,50000,25500,408000,940,632,b330bac5dd5a6590b6251a363a4325230f72efe98a8f45efcbf1c9f28fffe38f,2500000,2040000,94000,31343,1225000,4665343
61:interactive:baseline,2026-01-07T13:00:00+00:00,baseline,interactive,3200,3168,32,192,27000,15660,136000,280,187,ba1f81ab30fe4c555dd8e1aae0cc3d318615591b3052f790f4ed78e27c8fa239,1350000,680000,28000,71642,567000,2129642
61:streaming:baseline,2026-01-07T13:00:00+00:00,baseline,streaming,8800,8712,88,528,18000,10260,128000,560,188,ec8923e7e422ece91a2cfed41e8e0f820f581c12048c7b75720cdfb79c01ec84,900000,640000,56000,197015,387000,1793015
61:batch:mix_only,2026-01-07T13:00:00+00:00,mix_only,batch,700,693,7,35,25000,12750,204000,470,632,0e18a162543946d7ec9c8d22513e6144b6d6505a8888b6fba798c22f02c6f290,1250000,1020000,47000,15672,612500,2332672
61:interactive:mix_only,2026-01-07T13:00:00+00:00,mix_only,interactive,3200,3168,32,192,27000,15660,136000,280,187,b662f38c405a524cc3dc540d1a4ec4073bde4c34b5debee4a8d00ffcc6791917,1350000,680000,28000,71642,567000,2129642
61:streaming:mix_only,2026-01-07T13:00:00+00:00,mix_only,streaming,9500,9405,95,570,19431,11076,138181,604,188,0892813ef347ceb4f28b2e04a0e444afcae083ee72fc55121730fa057ecf53d2,971550,690905,60400,212686,417750,1935541
61:batch:optimized,2026-01-07T13:00:00+00:00,optimized,batch,1400,1386,14,35,37500,24225,346800,940,602,b330bac5dd5a6590b6251a363a4325230f72efe98a8f45efcbf1c9f28fffe38f,1875000,1734000,94000,31343,663750,3734343
61:interactive:optimized,2026-01-07T13:00:00+00:00,optimized,interactive,3200,3168,32,192,18900,14877,108800,280,282,ba1f81ab30fe4c555dd8e1aae0cc3d318615591b3052f790f4ed78e27c8fa239,945000,544000,28000,71642,201150,1588642
61:streaming:optimized,2026-01-07T13:00:00+00:00,optimized,streaming,8800,8712,88,528,17100,9747,128000,560,198,ec8923e7e422ece91a2cfed41e8e0f820f581c12048c7b75720cdfb79c01ec84,855000,640000,56000,197015,367650,1748015
62:batch:baseline,2026-01-07T14:00:00+00:00,baseline,batch,1200,1188,12,72,53000,27030,392000,960,635,d8483f5495c121f48f2760594b778c2eb31d06b9c25bd67cb57579d86ea07629,2650000,1960000,96000,27273,1298500,4733273
62:interactive:baseline,2026-01-07T14:00:00+00:00,baseline,interactive,3400,3366,34,136,30000,17400,144000,260,204,96ba6d75d22376581f147257eebc8714942e37359f76fd8283bd71394eeac64d,1500000,720000,26000,77273,630000,2323273
62:streaming:baseline,2026-01-07T14:00:00+00:00,baseline,streaming,8600,8514,86,344,18000,8820,120000,520,171,12b333e5f941f4e907e91934dfd88f8dd7837e9b613e3c1c3aae7cf488e5a999,900000,600000,52000,195454,459000,1747454
62:batch:mix_only,2026-01-07T14:00:00+00:00,mix_only,batch,600,594,6,36,26500,13515,196000,480,635,60dd2c98ad4fe1104abe76eb7c42d7c7d00d0614a68cbc931ec985d4d6d0c3ab,1325000,980000,48000,13636,649250,2366636
62:interactive:mix_only,2026-01-07T14:00:00+00:00,mix_only,interactive,3400,3366,34,136,30000,17400,144000,260,204,3b4d200edf0facb93e39a07603510fdb513179cf98910c0aeb484d8b677eb577,1500000,720000,26000,77273,630000,2323273
62:streaming:mix_only,2026-01-07T14:00:00+00:00,mix_only,streaming,9200,9108,92,368,19255,9435,128372,556,171,ad944404d46fcd921b169968a028e967c608ba08c2e926c049368bb503666f9e,962750,641860,55600,209091,491000,1869301
62:batch:optimized,2026-01-07T14:00:00+00:00,optimized,batch,1200,1188,12,36,39750,25678,333200,960,605,d8483f5495c121f48f2760594b778c2eb31d06b9c25bd67cb57579d86ea07629,1987500,1666000,96000,27273,703600,3776773
62:interactive:optimized,2026-01-07T14:00:00+00:00,optimized,interactive,3400,3366,34,136,21000,16530,115200,260,299,96ba6d75d22376581f147257eebc8714942e37359f76fd8283bd71394eeac64d,1050000,576000,26000,77273,223500,1729273
62:streaming:optimized,2026-01-07T14:00:00+00:00,optimized,streaming,8600,8514,86,344,17100,8379,120000,520,181,12b333e5f941f4e907e91934dfd88f8dd7837e9b613e3c1c3aae7cf488e5a999,855000,600000,52000,195454,436050,1702454
63:batch:baseline,2026-01-07T15:00:00+00:00,baseline,batch,1200,1188,12,48,53000,28620,384000,900,621,f6059676d39b1f45ec8389cdd1f124451e1e819bc6f97a4ac9d92acc27620106,2650000,1920000,90000,26471,1219000,4686471
63:interactive:baseline,2026-01-07T15:00:00+00:00,baseline,interactive,3800,3762,38,152,30000,14700,128000,280,205,522ff0167cc02be49207d83fa215e23f12143ee259fcb4f13bac0ea7bc8a2c18,1500000,640000,28000,83823,765000,2251823
63:streaming:baseline,2026-01-07T15:00:00+00:00,baseline,streaming,8600,8514,86,516,18000,10440,96000,520,176,198710175cf20fe3f4000e32f957567e75b45cdeafe705cfb36655941f1c2289,900000,480000,52000,189706,378000,1621706
63:batch:mix_only,2026-01-07T15:00:00+00:00,mix_only,batch,600,594,6,24,26500,14310,192000,450,621,d3476aef6be7bd50769370dd135108fc89fe068069194ec470fea4f5386179aa,1325000,960000,45000,13235,609500,2343235
63:interactive:mix_only,2026-01-07T15:00:00+00:00,mix_only,interactive,3800,3762,38,152,30000,14700,128000,280,205,40d501d3ec491348f821082a75d0c6c7f4dd674e2287e9e312646a8bf22c3318,1500000,640000,28000,83824,765000,2251824
63:streaming:mix_only,2026-01-07T15:00:00+00:00,mix_only,streaming,9200,9108,92,552,19255,11168,102697,556,176,859872d6ab87471026e5e3797073361a3b1667fc2bf1eb21f0508c56d8d20fde,962750,513485,55600,202941,404350,1734776
63:batch:optimized,2026-01-07T15:00:00+00:00,optimized,batch,1200,1188,12,24,39750,27189,326400,900,591,f6059676d39b1f45ec8389cdd1f124451e1e819bc6f97a4ac9d92acc27620106,1987500,1632000,90000,26471,628050,3735971
63:interactive:optimized,2026-01-07T15:00:00+00:00,optimized,interactive,3800,3762,38,152,21000,13965,102400,280,300,522ff0167cc02be49207d83fa215e23f12143ee259fcb4f13bac0ea7bc8a2c18,1050000,512000,28000,83823,351750,1673823
63:streaming:optimized,2026-01-07T15:00:00+00:00,optimized,streaming,8600,8514,86,516,17100,9918,96000,520,186,198710175cf20fe3f4000e32f957567e75b45cdeafe705cfb36655941f1c2289,855000,480000,52000,189706,359100,1576706
64:batch:baseline,2026-01-07T16:00:00+00:00,baseline,batch,1000,990,10,60,51000,25500,400000,920,627,13c84e52f737bfae10361a1e96797a24637d6abab58d6f177a29a3071df677ea,2550000,2000000,92000,23438,1275000,4665438
64:interactive:baseline,2026-01-07T16:00:00+00:00,baseline,interactive,3000,2970,30,120,24000,11760,136000,200,201,b68150935981f911975a495284ffa6ceba8ee8a47db58ba946fcf69fd0ea29f8,1200000,680000,20000,70312,612000,1970312
64:streaming:baseline,2026-01-07T16:00:00+00:00,baseline,streaming,8800,8712,88,616,24000,13200,128000,560,185,4deaad3d60559e7300f62bf7942e8d0e71c0115d2e3133448b4f97047c3b4a18,1200000,640000,56000,206250,540000,2102250
64:batch:mix_only,2026-01-07T16:00:00+00:00,mix_only,batch,500,495,5,30,25500,12750,200000,460,627,42b2a5f95bcfe5e643936ae58ce46941bf045c5d02ed12a7ae530fe0d3ca97f0,1275000,1000000,46000,11719,637500,2332719
64:interactive:mix_only,2026-01-07T16:00:00+00:00,mix_only,interactive,3000,2970,30,120,24000,11760,136000,200,201,808adbb81a2536dfc805865804b416333ff3188ec401363927085141cdc5c203,1200000,680000,20000,70312,612000,1970312
64:streaming:mix_only,2026-01-07T16:00:00+00:00,mix_only,streaming,9300,9207,93,651,25363,13950,135272,591,185,98c1e00f9d7eb5cacd7c553f6d8c9f2d009e2343626fe3c001855520cf4861a3,1268150,676360,59100,217969,570650,2221579
64:batch:optimized,2026-01-07T16:00:00+00:00,optimized,batch,1000,990,10,30,38250,24225,340000,920,597,13c84e52f737bfae10361a1e96797a24637d6abab58d6f177a29a3071df677ea,1912500,1700000,92000,23438,701250,3727938
64:interactive:optimized,2026-01-07T16:00:00+00:00,optimized,interactive,3000,2970,30,120,16800,11172,108800,200,296,b68150935981f911975a495284ffa6ceba8ee8a47db58ba946fcf69fd0ea29f8,840000,544000,20000,70312,281400,1474312
64:streaming:optimized,2026-01-07T16:00:00+00:00,optimized,streaming,8800,8712,88,616,22800,12540,128000,560,195,4deaad3d60559e7300f62bf7942e8d0e71c0115d2e3133448b4f97047c3b4a18,1140000,640000,56000,206250,513000,2042250
65:batch:baseline,2026-01-07T17:00:00+00:00,baseline,batch,1000,990,10,50,53000,27560,416000,920,640,decc3016e8ee0534f2452f238511a221214da8407505f982c6f4a479aad2c995,2650000,2080000,92000,22388,1272000,4844388
65:interactive:baseline,2026-01-07T17:00:00+00:00,baseline,interactive,4000,3960,40,160,32000,16640,152000,240,191,323be552c37daff680d428dfd3387706bce8d4206ae2f737a901925f618ba13b,1600000,760000,24000,89552,768000,2473552
65:streaming:baseline,2026-01-07T17:00:00+00:00,baseline,streaming,8400,8316,84,336,24000,13680,128000,500,176,367f91ebc4bd89bf017db9a0f7546b3164eb917249626505261fa0becfe1a127,1200000,640000,50000,188060,516000,2078060
65:batch:mix_only,2026-01-07T17:00:00+00:00,mix_only,batch,500,495,5,25,26500,13780,208000,460,640,bf171c6a5986c03be68433e8ce2427978236f315487a239945ddfc37b9dcb7b0,1325000,1040000,46000,11194,636000,2422194
65:interactive:mix_only,2026-01-07T17:00:00+00:00,mix_only,interactive,4000,3960,40,160,32000,16640,152000,240,191,53839482dde79820776a2a3e01afa306b9bede435b405b45ccd0d66a47920068,1600000,760000,24000,89552,768000,2473552
65:streaming:mix_only,2026-01-07T17:00:00+00:00,mix_only,streaming,8900,8811,89,356,25428,14494,135619,529,176,b43fccd11a2c3fd6440ffe3dcd3ded71db51a8c8a4cb91cb0daac739df132ba7,1271400,678095,52900,199254,546700,2201649
65:batch:optimized,2026-01-07T17:00:00+00:00,optimized,batch,1000,990,10,25,39750,26182,353600,920,610,decc3016e8ee0534f2452f238511a221214da8407505f982c6f4a479aad2c995,1987500,1768000,92000,22388,678400,3869888
65:interactive:optimized,2026-01-07T17:00:00+00:00,optimized,interactive,4000,3960,40,160,22400,15808,121600,240,286,323be552c37daff680d428dfd3387706bce8d4206ae2f737a901925f618ba13b,1120000,608000,24000,89552,329600,1841552
65:streaming:optimized,2026-01-07T17:00:00+00:00,optimized,streaming,8400,8316,84,336,22800,12996,128000,500,186,367f91ebc4bd89bf017db9a0f7546b3164eb917249626505261fa0becfe1a127,1140000,640000,50000,188060,490200,2018060
66:batch:baseline,2026-01-07T18:00:00+00:00,baseline,batch,1000,990,10,50,52000,30160,392000,940,629,fdff6b3940ccd76ac551aaf992a86b2c2c457aef69b178e998f3bf673df64e61,2600000,1960000,94000,23438,1092000,4677438
66:interactive:baseline,2026-01-07T18:00:00+00:00,baseline,interactive,3400,3366,34,136,26000,14560,160000,280,197,08b265e8325348385ce788306fb0508b99a22fdddacbd5ef97e45a4ff79ccb48,1300000,800000,28000,79687,572000,2207687
66:streaming:baseline,2026-01-07T18:00:00+00:00,baseline,streaming,8400,8316,84,420,23000,11040,112000,500,179,a82097581f75d38d63d9c7cc5cd73a368cb5bfa28ec15ba20c7d7d5ff56ad306,1150000,560000,50000,196875,598000,1956875
66:batch:mix_only,2026-01-07T18:00:00+00:00,mix_only,batch,500,495,5,25,26000,15080,196000,470,629,bd48056c83c9717d7848be812211210d5bb18b346e165fb5f30ab5deb4fd1352,1300000,980000,47000,11719,546000,2338719
66:interactive:mix_only,2026-01-07T18:00:00+00:00,mix_only,interactive,3400,3366,34,136,26000,14560,160000,280,197,7254b307a34b957fa0eb6db24ba6b6617c2c66f2615b077091f56b7b78d1974c,1300000,800000,28000,79687,572000,2207687
66:streaming:mix_only,2026-01-07T18:00:00+00:00,mix_only,streaming,8900,8811,89,445,24369,11697,118666,529,179,18322488ccac6fd33077fbfff3121de070d78d7ca330ee7c31b10e306df22cf7,1218450,593330,52900,208594,633600,2073274
66:batch:optimized,2026-01-07T18:00:00+00:00,optimized,batch,1000,990,10,25,39000,28652,333200,940,599,fdff6b3940ccd76ac551aaf992a86b2c2c457aef69b178e998f3bf673df64e61,1950000,1666000,94000,23438,517400,3733438
66:interactive:optimized,2026-01-07T18:00:00+00:00,optimized,interactive,3400,3366,34,136,18200,13832,128000,280,292,08b265e8325348385ce788306fb0508b99a22fdddacbd5ef97e45a4ff79ccb48,910000,640000,28000,79687,218400,1657687
66:streaming:optimized,2026-01-07T18:00:00+00:00,optimized,streaming,8400,8316,84,420,21850,10488,112000,500,189,a82097581f75d38d63d9c7cc5cd73a368cb5bfa28ec15ba20c7d7d5ff56ad306,1092500,560000,50000,196875,568100,1899375
67:batch:baseline,2026-01-07T19:00:00+00:00,baseline,batch,800,792,8,48,54000,26460,400000,940,637,0f7ddf4185dc411de8979f516b18fc5cd1337f6858bfec4a262b76193a81d19b,2700000,2000000,94000,18182,1377000,4812182
67:interactive:baseline,2026-01-07T19:00:00+00:00,baseline,interactive,3400,3366,34,204,24000,13440,144000,280,204,58b37648e3a5e92b5058f99bd93213d8c8e8b7e9884f468016e5a574bb9d6f90,1200000,720000,28000,77273,528000,2025273
67:streaming:baseline,2026-01-07T19:00:00+00:00,baseline,streaming,9000,8910,90,630,18000,10440,104000,540,172,63d6e39b20ce44f61712a91442f8ce46be686437f4edb5ef8c69042198ce24cc,900000,520000,54000,204545,378000,1678545
67:batch:mix_only,2026-01-07T19:00:00+00:00,mix_only,batch,400,396,4,24,27000,13230,200000,470,637,ce4563226c2997b74af7d59fbf09825f30b3932542387f75012307b44de69fb7,1350000,1000000,47000,9091,688500,2406091
67:interactive:mix_only,2026-01-07T19:00:00+00:00,mix_only,interactive,3400,3366,34,204,24000,13440,144000,280,204,1d46dfd5d975f7bb04fab9e9a703feb63387bc15032ba41d44fb2ecb6e000a08,1200000,720000,28000,77273,528000,2025273
67:streaming:mix_only,2026-01-07T19:00:00+00:00,mix_only,streaming,9400,9306,94,658,18800,10904,108622,564,172,d70562a81b41e39abefe5e7b2e2d91bb8eabab9183975a5242cf8bc0953a9f26,940000,543110,56400,213636,394800,1753146
67:batch:optimized,2026-01-07T19:00:00+00:00,optimized,batch,800,792,8,24,40500,25137,340000,940,607,0f7ddf4185dc411de8979f516b18fc5cd1337f6858bfec4a262b76193a81d19b,2025000,1700000,94000,18182,768150,3837182
67:interactive:optimized,2026-01-07T19:00:00+00:00,optimized,interactive,3400,3366,34,204,16800,12768,115200,280,299,58b37648e3a5e92b5058f99bd93213d8c8e8b7e9884f468016e5a574bb9d6f90,840000,576000,28000,77273,201600,1521273
67:streaming:optimized,2026-01-07T19:00:00+00:00,optimized,streaming,9000,8910,90,630,17100,9918,104000,540,182,63d6e39b20ce44f61712a91442f8ce46be686437f4edb5ef8c69042198ce24cc,855000,520000,54000,204545,359100,1633545
68:batch:baseline,2026-01-07T20:00:00+00:00,baseline,batch,1200,1188,12,72,48000,24000,408000,900,624,7b103cfd473b855c3e29b6b9ebcb8e3560df2099d65189046039736b5275083e,2400000,2040000,90000,27692,1200000,4557692
68:interactive:baseline,2026-01-07T20:00:00+00:00,baseline,interactive,3400,3366,34,170,31000,17670,128000,240,192,e77286ff840a380350df3682021d598ddd31c18d686bdf687d9e35606564d735,1550000,640000,24000,78462,666500,2292462
68:streaming:baseline,2026-01-07T20:00:00+00:00,baseline,streaming,8400,8316,84,420,23000,12190,112000,560,181,e4a3d659728f8f87b174607fc3a2a913cf2947eeb367fd285955b5aa5519032d,1150000,560000,56000,193846,540500,1959846
68:batch:mix_only,2026-01-07T20:00:00+00:00,mix_only,batch,600,594,6,36,24000,12000,204000,450,624,34a801249a22f1b05a6f2d9f348bfcba59c9966896d7dd785ac4231b0906c4e0,1200000,1020000,45000,13846,600000,2278846
68:interactive:mix_only,2026-01-07T20:00:00+00:00,mix_only,interactive,3400,3366,34,170,31000,17670,128000,240,192,f5daff0bd9c7d859feffa8a009e313796d937324778f7344747f7ad658fc567f,1550000,640000,24000,78462,666500,2292462
68:streaming:mix_only,2026-01-07T20:00:00+00:00,mix_only,streaming,9000,8910,90,450,24642,13060,120000,600,181,1d402afe864170e948fac67a5034425158d2179af613e45cd53594124c80848f,1232100,600000,60000,207692,579100,2099792
68:batch:optimized,2026-01-07T20:00:00+00:00,optimized,batch,1200,1188,12,36,36000,22800,346800,900,594,7b103cfd473b855c3e29b6b9ebcb8e3560df2099d65189046039736b5275083e,1800000,1734000,90000,27692,660000,3651692
68:interactive:optimized,2026-01-07T20:00:00+00:00,optimized,interactive,3400,3366,34,170,21700,16786,102400,240,287,e77286ff840a380350df3682021d598ddd31c18d686bdf687d9e35606564d735,1085000,512000,24000,78462,245700,1699462
68:streaming:optimized,2026-01-07T20:00:00+00:00,optimized,streaming,8400,8316,84,420,21850,11580,112000,560,191,e4a3d659728f8f87b174607fc3a2a913cf2947eeb367fd285955b5aa5519032d,1092500,560000,56000,193846,513500,1902346
69:batch:baseline,2026-01-07T21:00:00+00:00,baseline,batch,1400,1386,14,56,50000,28000,392000,980,637,6656dc265af65541e68ece06bea5b9ca2ff5fbbc5716a7eabb7fcaacd8f84dcb,2500000,1960000,98000,32813,1100000,4590813
69:interactive:baseline,2026-01-07T21:00:00+00:00,baseline,interactive,3200,3168,32,224,26000,14040,128000,280,201,e5efc90652a1dec3106bfee3013ee1536ec6787f39a17b77f35074705b554fe3,1300000,640000,28000,75000,598000,2043000
69:streaming:baseline,2026-01-07T21:00:00+00:00,baseline,streaming,8200,8118,82,410,17000,8500,96000,560,180,07d1dcb08742a4b9da002e928e93e8bbb1dcf7bdccb01526e0f41413a4d1414a,850000,480000,56000,192187,425000,1578187
69:batch:mix_only,2026-01-07T21:00:00+00:00,mix_only,batch,700,693,7,28,25000,14000,196000,490,637,437b97eb22e6dba640c4259aaadeabdfabea32b710faa5c472680a6cc559bb76,1250000,980000,49000,16406,550000,2295406
69:interactive:mix_only,2026-01-07T21:00:00+00:00,mix_only,interactive,3200,3168,32,224,26000,14040,128000,280,201,77707047e88944ac77f9107d4c64070be41f580c9522bfa79c702ac5ac2f4b48,1300000,640000,28000,75000,598000,2043000
69:streaming:mix_only,2026-01-07T21:00:00+00:00,mix_only,streaming,8900,8811,89,445,18451,9225,104195,607,180,c436992e9ac6cf77aa93c83fc0235c8cb76faaca95f8141fe9b708299d1827c8,922550,520975,60700,208594,461300,1712819
69:batch:optimized,2026-01-07T21:00:00+00:00,optimized,batch,1400,1386,14,28,37500,26600,333200,980,607,6656dc265af65541e68ece06bea5b9ca2ff5fbbc5716a7eabb7fcaacd8f84dcb,1875000,1666000,98000,32813,545000,3671813
69:interactive:optimized,2026-01-07T21:00:00+00:00,optimized,interactive,3200,3168,32,224,18200,13338,102400,280,296,e5efc90652a1dec3106bfee3013ee1536ec6787f39a17b77f35074705b554fe3,910000,512000,28000,75000,243100,1525000
69:streaming:optimized,2026-01-07T21:00:00+00:00,optimized,streaming,8200,8118,82,410,16150,8075,96000,560,190,07d1dcb08742a4b9da002e928e93e8bbb1dcf7bdccb01526e0f41413a4d1414a,807500,480000,56000,192187,403750,1535687
70:batch:baseline,2026-01-07T22:00:00+00:00,baseline,batch,800,792,8,32,54000,27000,408000,960,640,18c9d5282b5c752dc0e3dc61a129df828ed2d0e0fa6e5d0f450c577f9ffd8275,2700000,2040000,96000,19048,1350000,4855048
70:interactive:baseline,2026-01-07T22:00:00+00:00,baseline,interactive,3800,3762,38,228,28000,14280,136000,260,199,41a314cdbd891546769741493d09b968752e9b74610479fc305ac8dd866df4d0,1400000,680000,26000,90476,686000,2196476
70:streaming:baseline,2026-01-07T22:00:00+00:00,baseline,streaming,8000,7920,80,320,24000,11520,104000,580,183,c24962392877940b5f9bb702d13bfe3c2140cf78144c76203c62e58586710c73,1200000,520000,58000,190476,624000,1968476
70:batch:mix_only,2026-01-07T22:00:00+00:00,mix_only,batch,400,396,4,16,27000,13500,204000,480,640,1e69c133c72bad0fd75acb9575e3a436984a3e8d2b50e3138beccdce4b62490f,1350000,1020000,48000,9524,675000,2427524
70:interactive:mix_only,2026-01-07T22:00:00+00:00,mix_only,interactive,3800,3762,38,228,28000,14280,136000,260,199,e324b0a60c1fefd3ddf72d423498097e91350aa6ef1107267655a0d9834b1b03,1400000,680000,26000,90476,686000,2196476
70:streaming:mix_only,2026-01-07T22:00:00+00:00,mix_only,streaming,8400,8316,84,336,25200,12096,109200,609,183,05ac6b11de220d4d3a857f96c025e145c60e2d12ec23e97a0d66ffab9fbf881f,1260000,546000,60900,200000,655200,2066900
70:batch:optimized,2026-01-07T22:00:00+00:00,optimized,batch,800,792,8,16,40500,25650,346800,960,610,18c9d5282b5c752dc0e3dc61a129df828ed2d0e0fa6e5d0f450c577f9ffd8275,2025000,1734000,96000,19048,742500,3874048
70:interactive:optimized,2026-01-07T22:00:00+00:00,optimized,interactive,3800,3762,38,228,19600,13566,108800,260,294,41a314cdbd891546769741493d09b968752e9b74610479fc305ac8dd866df4d0,980000,544000,26000,90476,301700,1640476
70:streaming:optimized,2026-01-07T22:00:00+00:00,optimized,streaming,8000,7920,80,320,22800,10944,104000,580,193,c24962392877940b5f9bb702d13bfe3c2140cf78144c76203c62e58586710c73,1140000,520000,58000,190476,592800,1908476
71:batch:baseline,2026-01-07T23:00:00+00:00,baseline,batch,800,792,8,32,55000,31350,416000,920,621,6d398bca254c436e54a176c632c9ff4530c6dec310660d2643edda507a92cdde,2750000,2080000,92000,17391,1182500,4939391
71:interactive:baseline,2026-01-07T23:00:00+00:00,baseline,interactive,4000,3960,40,160,31000,16430,144000,200,191,cfa1432a4856d46f5c9aa12af71c9ff607ffd5aad303758ad2e295b905473ccb,1550000,720000,20000,86957,728500,2376957
71:streaming:baseline,2026-01-07T23:00:00+00:00,baseline,streaming,9000,8910,90,360,16000,8800,96000,580,189,2a93b2dd0d2bce14422a55fb7d9d5dc33be3c0449ebf6d5510d8c5dd9d5748bf,800000,480000,58000,195652,360000,1533652
71:batch:mix_only,2026-01-07T23:00:00+00:00,mix_only,batch,400,396,4,16,27500,15675,208000,460,621,1378b449968811ee92142c50fc4e375796bf508cf3383f3c4188caba3d56929a,1375000,1040000,46000,8696,591250,2469696
71:interactive:mix_only,2026-01-07T23:00:00+00:00,mix_only,interactive,4000,3960,40,160,31000,16430,144000,200,191,17f173a2b0038d2eabd29cc039f18aeefaba238056e432a957067f7dcb4ea485,1550000,720000,20000,86956,728500,2376956
71:streaming:mix_only,2026-01-07T23:00:00+00:00,mix_only,streaming,9400,9306,94,376,16711,9191,100266,605,189,6912d821533c6881fb70a64ca5c3dabedf912c124f8d87ac3a95817db8069f17,835550,501330,60500,204348,376000,1601728
71:batch:optimized,2026-01-07T23:00:00+00:00,optimized,batch,800,792,8,16,41250,29782,353600,920,591,6d398bca254c436e54a176c632c9ff4530c6dec310660d2643edda507a92cdde,2062500,1768000,92000,17391,573400,3939891
71:interactive:optimized,2026-01-07T23:00:00+00:00,optimized,interactive,4000,3960,40,160,21700,15608,115200,200,286,cfa1432a4856d46f5c9aa12af71c9ff607ffd5aad303758ad2e295b905473ccb,1085000,576000,20000,86957,304600,1767957
71:streaming:optimized,2026-01-07T23:00:00+00:00,optimized,streaming,9000,8910,90,360,15200,8360,96000,580,199,2a93b2dd0d2bce14422a55fb7d9d5dc33be3c0449ebf6d5510d8c5dd9d5748bf,760000,480000,58000,195652,342000,1493652
72:batch:baseline,2026-01-08T00:00:00+00:00,baseline,batch,1400,1386,14,98,53000,29150,400000,940,634,c96940c69cce1bf84ec45ff56853a5468b6c935cc5c02246118735df9b21d878,2650000,2000000,94000,29577,1192500,4773577
72:interactive:baseline,2026-01-08T00:00:00+00:00,baseline,interactive,4000,3960,40,200,24000,13440,152000,220,196,99286d3809cad23a09c7baeda9fca299eacbf4e07a34daaf0054d6d0b312a38a,1200000,760000,22000,84507,528000,2066507
72:streaming:baseline,2026-01-08T00:00:00+00:00,baseline,streaming,8800,8712,88,352,16000,8000,96000,540,172,12a5b15c71f7b663a6933b87fbf896c4bbb57f3da749ee15c09864a752ad1036,800000,480000,54000,185916,400000,1519916
72:batch:mix_only,2026-01-08T00:00:00+00:00,mix_only,batch,700,693,7,49,26500,14575,200000,470,634,6a4a3f300a65106c8ec318fd044c38eda47878424a0db6015ef11ceadea8c3f7,1325000,1000000,47000,14789,596250,2386789
72:interactive:mix_only,2026-01-08T00:00:00+00:00,mix_only,interactive,4000,3960,40,200,24000,13440,152000,220,196,681aa47c2a7bdf044a87e346a722357f36a9fbdc0dcc275fcec3cbe8bcfeda97,1200000,760000,22000,84507,528000,2066507
72:streaming:mix_only,2026-01-08T00:00:00+00:00,mix_only,streaming,9500,9405,95,380,17272,8636,103636,582,172,cb25b3ca7c6462212a261ca2b46c1d8e359612a3063c7070be7441de517c8231,863600,518180,58200,200704,431800,1640684
72:batch:optimized,2026-01-08T00:00:00+00:00,optimized,batch,1400,1386,14,49,39750,27692,340000,940,604,c96940c69cce1bf84ec45ff56853a5468b6c935cc5c02246118735df9b21d878,1987500,1700000,94000,29577,602900,3811077
72:interactive:optimized,2026-01-08T00:00:00+00:00,optimized,interactive,4000,3960,40,200,16800,12768,121600,220,291,99286d3809cad23a09c7baeda9fca299eacbf4e07a34daaf0054d6d0b312a38a,840000,608000,22000,84507,201600,1554507
72:streaming:optimized,2026-01-08T00:00:00+00:00,optimized,streaming,8800,8712,88,352,15200,7600,96000,540,182,12a5b15c71f7b663a6933b87fbf896c4bbb57f3da749ee15c09864a752ad1036,760000,480000,54000,185916,380000,1479916
73:batch:baseline,2026-01-08T01:00:00+00:00,baseline,batch,1000,990,10,70,50000,28000,392000,920,627,833b7f9ccf438f8e357cff029607cd4bf8dc4273be14d3459e7eed41ea5199de,2500000,1960000,92000,24194,1100000,4576194
73:interactive:baseline,2026-01-08T01:00:00+00:00,baseline,interactive,3400,3366,34,136,27000,13230,152000,280,196,7fcc98043aacf9692a03465e52eb2ec4d64cb69115e4201bebc2d2fa5ddcaef7,1350000,760000,28000,82258,688500,2220258
73:streaming:baseline,2026-01-08T01:00:00+00:00,baseline,streaming,8000,7920,80,320,21000,11970,128000,580,187,3eb4e9966ed06b643b58511c6db0269364ad89a9b43ddb2e7520c7b347966a51,1050000,640000,58000,193548,451500,1941548
73:batch:mix_only,2026-01-08T01:00:00+00:00,mix_only,batch,500,495,5,35,25000,14000,196000,460,627,96f42088dc612f27abe9ae141d3c79961319bd6f8bb690b167c164098f195ddb,1250000,980000,46000,12097,550000,2288097
73:interactive:mix_only,2026-01-08T01:00:00+00:00,mix_only,interactive,3400,3366,34,136,27000,13230,152000,280,196,f09f63bab68f52df37562f21c296f6bf372f940f9d092d4030a9acf5f75aca2c,1350000,760000,28000,82258,688500,2220258
73:streaming:mix_only,2026-01-08T01:00:00+00:00,mix_only,streaming,8500,8415,85,340,22312,12718,136000,616,187,072662915f9192467de4b85c6c87ea66dae0b6b26c0bec4d07b34c670422987d,1115600,680000,61600,205645,479700,2062845
73:batch:optimized,2026-01-08T01:00:00+00:00,optimized,batch,1000,990,10,35,37500,26600,333200,920,597,833b7f9ccf438f8e357cff029607cd4bf8dc4273be14d3459e7eed41ea5199de,1875000,1666000,92000,24194,545000,3657194
73:interactive:optimized,2026-01-08T01:00:00+00:00,optimized,interactive,3400,3366,34,136,18900,12568,121600,280,291,7fcc98043aacf9692a03465e52eb2ec4d64cb69115e4201bebc2d2fa5ddcaef7,945000,608000,28000,82258,316600,1663258
73:streaming:optimized,2026-01-08T01:00:00+00:00,optimized,streaming,8000,7920,80,320,19950,11371,128000,580,197,3eb4e9966ed06b643b58511c6db0269364ad89a9b43ddb2e7520c7b347966a51,997500,640000,58000,193548,428950,1889048
74:batch:baseline,2026-01-08T02:00:00+00:00,baseline,batch,1200,1188,12,48,55000,26950,400000,940,628,c99907e6022ec0fd23be074c788b1a2691e9fdcb44cb86f574fb918621ed86b9,2750000,2000000,94000,26866,1402500,4870866
74:interactive:baseline,2026-01-08T02:00:00+00:00,baseline,interactive,3800,3762,38,152,24000,11760,144000,240,201,c2bff7eb0762478ce8e5d8835417ee8ed69aff854e1ae6d5782f1b376dec255b,1200000,720000,24000,85074,612000,2029074
74:streaming:baseline,2026-01-08T02:00:00+00:00,baseline,streaming,8400,8316,84,420,16000,8960,104000,560,178,b94f49eb7af4293be3a3973a7c57e987511963b81bd3d445ed8fbf85f2a40136,800000,520000,56000,188060,352000,1564060
74:batch:mix_only,2026-01-08T02:00:00+00:00,mix_only,batch,600,594,6,24,27500,13475,200000,470,628,61a0cd1e87db7bc3438bb15f88b87c0972a180e6ef77edfccd3df3e6d7fe1c88,1375000,1000000,47000,13433,701250,2435433
74:interactive:mix_only,2026-01-08T02:00:00+00:00,mix_only,interactive,3800,3762,38,152,24000,11760,144000,240,201,acb481c9454bf1c66400852a5dca6f844e7aee28f0cad1a18d6f9f808847a262,1200000,720000,24000,85075,612000,2029075
74:streaming:mix_only,2026-01-08T02:00:00+00:00,mix_only,streaming,9000,8910,90,450,17142,9600,111428,600,178,830545ab697ec6f96012532876fdb5e1e96dd5062771171447411877dc9b1a55,857100,557140,60000,201492,377100,1675732
74:batch:optimized,2026-01-08T02:00:00+00:00,optimized,batch,1200,1188,12,24,41250,25602,340000,940,598,c99907e6022ec0fd23be074c788b1a2691e9fdcb44cb86f574fb918621ed86b9,2062500,1700000,94000,26866,782400,3883366
74:interactive:optimized,2026-01-08T02:00:00+00:00,optimized,interactive,3800,3762,38,152,16800,11172,115200,240,296,c2bff7eb0762478ce8e5d8835417ee8ed69aff854e1ae6d5782f1b376dec255b,840000,576000,24000,85074,281400,1525074
74:streaming:optimized,2026-01-08T02:00:00+00:00,optimized,streaming,8400,8316,84,420,15200,8512,104000,560,188,b94f49eb7af4293be3a3973a7c57e987511963b81bd3d445ed8fbf85f2a40136,760000,520000,56000,188060,334400,1524060
75:batch:baseline,2026-01-08T03:00:00+00:00,baseline,batch,800,792,8,40,51000,27540,384000,980,625,a38442545fbe66bd2e62a326084ca4bfefce8f90649f0af6779d76c17edb4aad,2550000,1920000,98000,19355,1173000,4587355
75:interactive:baseline,2026-01-08T03:00:00+00:00,baseline,interactive,3600,3564,36,144,31000,17360,136000,280,186,d0fce9db12b2fbc5b358d2e4bab57cc526c73611a9da9bdd26e43e778d9e05a4,1550000,680000,28000,87097,682000,2345097
75:streaming:baseline,2026-01-08T03:00:00+00:00,baseline,streaming,8000,7920,80,400,16000,9120,96000,540,175,8738c38df7f886009dbfe2d18cb5345432a06b425a41d6ce307733119047a989,800000,480000,54000,193548,344000,1527548
75:batch:mix_only,2026-01-08T03:00:00+00:00,mix_only,batch,400,396,4,20,25500,13770,192000,490,625,d237427292a9e82c2e46413117905072e5c712ccdf14434f3160199e31216961,1275000,960000,49000,9677,586500,2293677
75:interactive:mix_only,2026-01-08T03:00:00+00:00,mix_only,interactive,3600,3564,36,144,31000,17360,136000,280,186,49f34854e6335d65422afcd47c9b0f61ff98b59bd957997f1ea07a7b9e114652,1550000,680000,28000,87097,682000,2345097
75:streaming:mix_only,2026-01-08T03:00:00+00:00,mix_only,streaming,8400,8316,84,420,16800,9576,100800,567,175,178ae29e13d35b8a883dffe33624a16ef9e465a47758d2190a25e5e594f5862b,840000,504000,56700,203226,361200,1603926
75:batch:optimized,2026-01-08T03:00:00+00:00,optimized,batch,800,792,8,20,38250,26163,326400,980,595,a38442545fbe66bd2e62a326084ca4bfefce8f90649f0af6779d76c17edb4aad,1912500,1632000,98000,19355,604350,3661855
75:interactive:optimized,2026-01-08T03:00:00+00:00,optimized,interactive,3600,3564,36,144,21700,16492,108800,280,281,d0fce9db12b2fbc5b358d2e4bab57cc526c73611a9da9bdd26e43e778d9e05a4,1085000,544000,28000,87097,260400,1744097
75:streaming:optimized,2026-01-08T03:00:00+00:00,optimized,streaming,8000,7920,80,400,15200,8664,96000,540,185,8738c38df7f886009dbfe2d18cb5345432a06b425a41d6ce307733119047a989,760000,480000,54000,193548,326800,1487548
76:batch:baseline,2026-01-08T04:00:00+00:00,baseline,batch,1200,1188,12,48,56000,27440,416000,920,630,af05330b3c4bbdcce7ec3a8c359cfb1138fa107a50bed08453d4c763205eff19,2800000,2080000,92000,26866,1428000,4998866
76:interactive:baseline,2026-01-08T04:00:00+00:00,baseline,interactive,4000,3960,40,200,27000,14310,128000,280,190,0d84d8ad3c09838f8840df0c30e9bb2f45e31b5f67b439eea414421d5d244d15,1350000,640000,28000,89552,634500,2107552
76:streaming:baseline,2026-01-08T04:00:00+00:00,baseline,streaming,8200,8118,82,492,23000,11040,96000,580,180,29cd41208028d35fe13fe8ab7e0762a053b6fe7b35027e7204c283a723e586f1,1150000,480000,58000,183582,598000,1871582
76:batch:mix_only,2026-01-08T04:00:00+00:00,mix_only,batch,600,594,6,24,28000,13720,208000,460,630,07becbb6ecddcbc994d8212fccc179abbdb87e35c45622002af9f63fc0ba3397,1400000,1040000,46000,13433,714000,2499433
76:interactive:mix_only,2026-01-08T04:00:00+00:00,mix_only,interactive,4000,3960,40,200,27000,14310,128000,280,190,2b0f4d8ea1bbf244b9e91ddb3fd2fac3d076e77d38ed9c15618349245a779d71,1350000,640000,28000,89552,634500,2107552
76:streaming:mix_only,2026-01-08T04:00:00+00:00,mix_only,streaming,8800,8712,88,528,24682,11847,103024,622,180,62ac4e440fd4ca887d9e476f5a2a0768701ee27a7c8de3b535b826f80806f3ac,1234100,515120,62200,197015,641750,2008435
76:batch:optimized,2026-01-08T04:00:00+00:00,optimized,batch,1200,1188,12,24,42000,26068,353600,920,600,af05330b3c4bbdcce7ec3a8c359cfb1138fa107a50bed08453d4c763205eff19,2100000,1768000,92000,26866,796600,3986866
76:interactive:optimized,2026-01-08T04:00:00+00:00,optimized,interactive,4000,3960,40,200,18900,13594,102400,280,285,0d84d8ad3c09838f8840df0c30e9bb2f45e31b5f67b439eea414421d5d244d15,945000,512000,28000,89552,265300,1574552
76:streaming:optimized,2026-01-08T04:00:00+00:00,optimized,streaming,8200,8118,82,492,21850,10488,96000,580,190,29cd41208028d35fe13fe8ab7e0762a053b6fe7b35027e7204c283a723e586f1,1092500,480000,58000,183582,568100,1814082
77:batch:baseline,2026-01-08T05:00:00+00:00,baseline,batch,1400,1386,14,56,51000,24480,392000,900,621,3427cf85c5f7edfef39c954a30c2f9296664aa63455b1bed6ef058fd8176ad3f,2550000,1960000,90000,31343,1326000,4631343
77:interactive:baseline,2026-01-08T05:00:00+00:00,baseline,interactive,3800,3762,38,228,29000,14790,152000,200,196,73f3bd146e44b2e1578c15fea92c76f981d7aa45192b805db8767cdd69efb201,1450000,760000,20000,85075,710500,2315075
77:streaming:baseline,2026-01-08T05:00:00+00:00,baseline,streaming,8200,8118,82,410,17000,9350,104000,540,175,17d2a06dda5d85130633ec250855050a252260de0da6aba047c53081b8fd1e9b,850000,520000,54000,183582,382500,1607582
77:batch:mix_only,2026-01-08T05:00:00+00:00,mix_only,batch,700,693,7,28,25500,12240,196000,450,621,2ac48d670bfd564c1d62550c479e8541c5179a2e2fe81cc8944ba4952677a68b,1275000,980000,45000,15672,663000,2315672
77:interactive:mix_only,2026-01-08T05:00:00+00:00,mix_only,interactive,3800,3762,38,228,29000,14790,152000,200,196,8e0e183f4cb36b8247f13723737f606b16922c30668a415f3051b3c7a11c1551,1450000,760000,20000,85074,710500,2315074
77:streaming:mix_only,2026-01-08T05:00:00+00:00,mix_only,streaming,8900,8811,89,445,18451,10148,112878,586,175,41fc3bb8feb39db734a8849082e245b2f9cd19c734830cbcb3a67378d8eafad6,922550,564390,58600,199254,415150,1744794
77:batch:optimized,2026-01-08T05:00:00+00:00,optimized,batch,1400,1386,14,28,38250,23256,333200,900,591,3427cf85c5f7edfef39c954a30c2f9296664aa63455b1bed6ef058fd8176ad3f,1912500,1666000,90000,31343,749700,3699843
77:interactive:optimized,2026-01-08T05:00:00+00:00,optimized,interactive,3800,3762,38,228,20300,14050,121600,200,291,73f3bd146e44b2e1578c15fea92c76f981d7aa45192b805db8767cdd69efb201,1015000,608000,20000,85075,312500,1728075
77:streaming:optimized,2026-01-08T05:00:00+00:00,optimized,streaming,8200,8118,82,410,16150,8882,104000,540,185,17d2a06dda5d85130633ec250855050a252260de0da6aba047c53081b8fd1e9b,807500,520000,54000,183582,363400,1565082
78:batch:baseline,2026-01-08T06:00:00+00:00,baseline,batch,800,792,8,32,54000,29160,384000,900,636,2e65ed730aae825af511e1b116f45d67ef3415545562a5c817cb66f90b7ce92d,2700000,1920000,90000,20000,1242000,4730000
78:interactive:baseline,2026-01-08T06:00:00+00:00,baseline,interactive,3200,3168,32,160,24000,12480,144000,280,190,3de8a13c7a73799b36f10fd873554b881526f4051360395cd77459ad54a8b695,1200000,720000,28000,80000,576000,2028000
78:streaming:baseline,2026-01-08T06:00:00+00:00,baseline,streaming,8000,7920,80,320,23000,13110,96000,580,182,dc4a5feca1782bfdd27f29f123fb01f5afccbf2c9af4d9598ca55828f8117b04,1150000,480000,58000,200000,494500,1888000
78:batch:mix_only,2026-01-08T06:00:00+00:00,mix_only,batch,400,396,4,16,27000,14580,192000,450,636,e824ff66fd21ce5430fe4853c3e4250479913a421c0fe0f692a48a56fb8130d5,1350000,960000,45000,10000,621000,2365000
78:interactive:mix_only,2026-01-08T06:00:00+00:00,mix_only,interactive,3200,3168,32,160,24000,12480,144000,280,190,bdb2446eda9b1fcc46414fd8e168b538980e7f416c2b8c3d3a7754827eba53d6,1200000,720000,28000,80000,576000,2028000
78:streaming:mix_only,2026-01-08T06:00:00+00:00,mix_only,streaming,8400,8316,84,336,24150,13765,100800,609,182,9a7746e544aa48774624ca1223d8f7b18afca6a765b9ded62c1ee243c9ec0e39,1207500,504000,60900,210000,519250,1982400
78:batch:optimized,2026-01-08T06:00:00+00:00,optimized,batch,800,792,8,16,40500,27702,326400,900,606,2e65ed730aae825af511e1b116f45d67ef3415545562a5c817cb66f90b7ce92d,2025000,1632000,90000,20000,639900,3767000
78:interactive:optimized,2026-01-08T06:00:00+00:00,optimized,interactive,3200,3168,32,160,16800,11856,115200,280,285,3de8a13c7a73799b36f10fd873554b881526f4051360395cd77459ad54a8b695,840000,576000,28000,80000,247200,1524000
78:streaming:optimized,2026-01-08T06:00:00+00:00,optimized,streaming,8000,7920,80,320,21850,12454,96000,580,192,dc4a5feca1782bfdd27f29f123fb01f5afccbf2c9af4d9598ca55828f8117b04,1092500,480000,58000,200000,469800,1830500
79:batch:baseline,2026-01-08T07:00:00+00:00,baseline,batch,1200,1188,12,48,52000,24960,408000,980,635,cefa99aa417a0a4f9de4f0fa8d6819e51b3fcb82f30cb797a30719912f2be957,2600000,2040000,98000,26470,1352000,4764470
79:interactive:baseline,2026-01-08T07:00:00+00:00,baseline,interactive,3600,3564,36,216,25000,12750,136000,220,193,b5942ab64d0a5c3979bb88c4db32f0552cf2d1e2812bec3a59cc7544ff65bb56,1250000,680000,22000,79412,612500,2031412
79:streaming:baseline,2026-01-08T07:00:00+00:00,baseline,streaming,8800,8712,88,616,23000,12190,104000,520,183,5fb641109f9a35eb3ea7f81f017b26701bd3dcb256e9348e38fac9c729c6f1cc,1150000,520000,52000,194118,540500,1916118
79:batch:mix_only,2026-01-08T07:00:00+00:00,mix_only,batch,600,594,6,24,26000,12480,204000,490,635,4ec995fa48019d1edd0bbe5f4928a1f4ce8e038f5edd77b6a585bf20920d9e45,1300000,1020000,49000,13235,676000,2382235
79:interactive:mix_only,2026-01-08T07:00:00+00:00,mix_only,interactive,3600,3564,36,216,25000,12750,136000,220,193,94ea7f4778c3d7a11eb7252876087aa871dec8220701d0e8d1f18114c94f64c2,1250000,680000,22000,79412,612500,2031412
79:streaming:mix_only,2026-01-08T07:00:00+00:00,mix_only,streaming,9400,9306,94,658,24568,13021,111090,555,183,0aba40078c8a35ff2ea70cdf5b6d0604c407d60e059bd4a8939af6ff69f38d78,1228400,555450,55500,207353,577350,2046703
79:batch:optimized,2026-01-08T07:00:00+00:00,optimized,batch,1200,1188,12,24,39000,23712,346800,980,605,cefa99aa417a0a4f9de4f0fa8d6819e51b3fcb82f30cb797a30719912f2be957,1950000,1734000,98000,26470,764400,3808470
79:interactive:optimized,2026-01-08T07:00:00+00:00,optimized,interactive,3600,3564,36,216,17500,12112,108800,220,288,b5942ab64d0a5c3979bb88c4db32f0552cf2d1e2812bec3a59cc7544ff65bb56,875000,544000,22000,79412,269400,1520412
79:streaming:optimized,2026-01-08T07:00:00+00:00,optimized,streaming,8800,8712,88,616,21850,11580,104000,520,193,5fb641109f9a35eb3ea7f81f017b26701bd3dcb256e9348e38fac9c729c6f1cc,1092500,520000,52000,194118,513500,1858618
80:batch:baseline,2026-01-08T08:00:00+00:00,baseline,batch,1000,990,10,40,49000,27930,400000,960,638,83d536eb226e33d4476e3a78b3a93e71996f83a59b534ba933be86c32b27690b,2450000,2000000,96000,23077,1053500,4569077
80:interactive:baseline,2026-01-08T08:00:00+00:00,baseline,interactive,3000,2970,30,150,31000,16740,160000,200,193,20ee61340ba269bd04cc979448a5b410fc0a6031a9264e512cd1373ab9d08a83,1550000,800000,20000,69231,713000,2439231
80:streaming:baseline,2026-01-08T08:00:00+00:00,baseline,streaming,9000,8910,90,360,18000,9180,104000,560,184,16680ee5f6bbf3c710d4dfffa86783c1b46e206cf95b4894d2fde5c2c5286a3c,900000,520000,56000,207692,441000,1683692
80:batch:mix_only,2026-01-08T08:00:00+00:00,mix_only,batch,500,495,5,20,24500,13965,200000,480,638,dc2cdd196fc16d7ae2c9565445b27dd7ba5508122ca39daab4b34a442a1f5951,1225000,1000000,48000,11538,526750,2284538
80:interactive:mix_only,2026-01-08T08:00:00+00:00,mix_only,interactive,3000,2970,30,150,31000,16740,160000,200,193,3709ff2c3cb7b4565af6eebd4976f804db1d8a221927b6eddb7148a36db0badc,1550000,800000,20000,69231,713000,2439231
80:streaming:mix_only,2026-01-08T08:00:00+00:00,mix_only,streaming,9500,9405,95,380,19000,9690,109777,591,184,37b8b147fe2564a441362623385c1a2743f9335f97cd860c2ff9effea0fcf48d,950000,548885,59100,219231,465500,1777216
80:batch:optimized,2026-01-08T08:00:00+00:00,optimized,batch,1000,990,10,20,36750,26533,340000,960,608,83d536eb226e33d4476e3a78b3a93e71996f83a59b534ba933be86c32b27690b,1837500,1700000,96000,23077,510850,3656577
80:interactive:optimized,2026-01-08T08:00:00+00:00,optimized,interactive,3000,2970,30,150,21700,15903,128000,200,288,20ee61340ba269bd04cc979448a5b410fc0a6031a9264e512cd1373ab9d08a83,1085000,640000,20000,69231,289850,1814231
80:streaming:optimized,2026-01-08T08:00:00+00:00,optimized,streaming,9000,8910,90,360,17100,8721,104000,560,194,16680ee5f6bbf3c710d4dfffa86783c1b46e206cf95b4894d2fde5c2c5286a3c,855000,520000,56000,207692,418950,1638692
81:batch:baseline,2026-01-08T09:00:00+00:00,baseline,batch,1000,990,10,40,52000,28600,408000,900,638,7b3583d6256c6710ff5038ca1ffc5ca31d7eb39930c3803ceceb5174125cbda1,2600000,2040000,90000,25000,1170000,4755000
81:interactive:baseline,2026-01-08T09:00:00+00:00,baseline,interactive,3000,2970,30,210,28000,14280,152000,280,201,62352f4f65f05fe9264e9728e3e7cad326886798ecbb84422fc32c8edafeeaac,1400000,760000,28000,75000,686000,2263000
81:streaming:baseline,2026-01-08T09:00:00+00:00,baseline,streaming,8000,7920,80,400,21000,10710,96000,580,178,38b42ca1fb5c924e9c879950c95687d2514b2f8cfc29ca8297243ab208f3aa15,1050000,480000,58000,200000,514500,1788000
81:batch:mix_only,2026-01-08T09:00:00+00:00,mix_only,batch,500,495,5,20,26000,14300,204000,450,638,019659ff3a5dc8b18df69b77d585bd71db0323df54150f15e30d142096870052,1300000,1020000,45000,12500,585000,2377500
81:interactive:mix_only,2026-01-08T09:00:00+00:00,mix_only,interactive,3000,2970,30,210,28000,14280,152000,280,201,f0b9b2bf54b355f97ccd62f91d43f5c4ed42cd911b549d65e6a4f7b70925f5d7,1400000,760000,28000,75000,686000,2263000
81:streaming:mix_only,2026-01-08T09:00:00+00:00,mix_only,streaming,8500,8415,85,425,22312,11379,102000,616,178,0fe4ca974b481c1f150254a31cc49a50f551914cd6cdf7918fe29cdbaa01e4aa,1115600,510000,61600,212500,546650,1899700
81:batch:optimized,2026-01-08T09:00:00+00:00,optimized,batch,1000,990,10,20,39000,27170,346800,900,608,7b3583d6256c6710ff5038ca1ffc5ca31d7eb39930c3803ceceb5174125cbda1,1950000,1734000,90000,25000,591500,3799000
81:interactive:optimized,2026-01-08T09:00:00+00:00,optimized,interactive,3000,2970,30,210,19600,13566,121600,280,296,62352f4f65f05fe9264e9728e3e7cad326886798ecbb84422fc32c8edafeeaac,980000,608000,28000,75000,301700,1691000
81:streaming:optimized,2026-01-08T09:00:00+00:00,optimized,streaming,8000,7920,80,400,19950,10174,96000,580,188,38b42ca1fb5c924e9c879950c95687d2514b2f8cfc29ca8297243ab208f3aa15,997500,480000,58000,200000,488800,1735500
82:batch:baseline,2026-01-08T10:00:00+00:00,baseline,batch,1000,990,10,40,49000,26950,408000,960,622,e184ec40f6878c479fe4ac97191eb7c94aeab1e5f81f95e65a4494b219c4a9f8,2450000,2040000,96000,22727,1102500,4608727
82:interactive:baseline,2026-01-08T10:00:00+00:00,baseline,interactive,4000,3960,40,240,26000,13000,136000,260,203,7de917a1c3e3d8ced4c73c19462c6b624aae272dc9dcf0ccba28ddbd246db92c,1300000,680000,26000,90909,650000,2096909
82:streaming:baseline,2026-01-08T10:00:00+00:00,baseline,streaming,8200,8118,82,574,16000,8640,96000,540,173,1f7a6293ba2672189252a59b540dc17adc92b2988f077e7b1f6a9ce074a2a8cf,800000,480000,54000,186364,368000,1520364
82:batch:mix_only,2026-01-08T10:00:00+00:00,mix_only,batch,500,495,5,20,24500,13475,204000,480,622,4664d1c187d1847fb245377fc357c7c1c58501dcb5c99b8a37a27c9aafd2f129,1225000,1020000,48000,11364,551250,2304364
82:interactive:mix_only,2026-01-08T10:00:00+00:00,mix_only,interactive,4000,3960,40,240,26000,13000,136000,260,203,0544691679991dfb80405c2a3fd4c39c491c9a01996f5f6cbd4ba76432d3fce4,1300000,680000,26000,90909,650000,2096909
82:streaming:mix_only,2026-01-08T10:00:00+00:00,mix_only,streaming,8700,8613,87,609,16975,9166,101853,572,173,2e9cefeefe90d81afb0ca139e634a9ccce106dad4a94e48c91f17b7f9d1b78b3,848750,509265,57200,197727,390450,1612942
82:batch:optimized,2026-01-08T10:00:00+00:00,optimized,batch,1000,990,10,20,36750,25602,346800,960,592,e184ec40f6878c479fe4ac97191eb7c94aeab1e5f81f95e65a4494b219c4a9f8,1837500,1734000,96000,22727,557400,3690227
82:interactive:optimized,2026-01-08T10:00:00+00:00,optimized,interactive,4000,3960,40,240,18200,12350,108800,260,298,7de917a1c3e3d8ced4c73c19462c6b624aae272dc9dcf0ccba28ddbd246db92c,910000,544000,26000,90909,292500,1570909
82:streaming:optimized,2026-01-08T10:00:00+00:00,optimized,streaming,8200,8118,82,574,15200,8208,96000,540,183,1f7a6293ba2672189252a59b540dc17adc92b2988f077e7b1f6a9ce074a2a8cf,760000,480000,54000,186364,349600,1480364
83:batch:baseline,2026-01-08T11:00:00+00:00,baseline,batch,800,792,8,32,54000,30780,392000,920,627,8ff9cd3f4bbe4a75f527ec11e851d65d5a65827bd2a55578784b12155e119012,2700000,1960000,92000,18750,1161000,4770750
83:interactive:baseline,2026-01-08T11:00:00+00:00,baseline,interactive,3800,3762,38,190,28000,13720,144000,280,202,124e8d464786ec641d975e1e20e9f71c15b6eb552b4e48b38b7459a4baaeaee1,1400000,720000,28000,89063,714000,2237063
83:streaming:baseline,2026-01-08T11:00:00+00:00,baseline,streaming,8200,8118,82,328,22000,10780,96000,520,183,5fb377dd32000206c2cc389dd555069353005ad66d704e8a7cba7846ad83244e,1100000,480000,52000,192187,561000,1824187
83:batch:mix_only,2026-01-08T11:00:00+00:00,mix_only,batch,400,396,4,16,27000,15390,196000,460,627,12359a4ca75abe18708e7c0f65c6cef9118229091d26f6eaa8b9ffff1ae60624,1350000,980000,46000,9375,580500,2385375
83:interactive:mix_only,2026-01-08T11:00:00+00:00,mix_only,interactive,3800,3762,38,190,28000,13720,144000,280,202,45fc65d5b11b1448ee741d63661be9f2774041260d453be65babc32cbf686d1e,1400000,720000,28000,89063,714000,2237063
83:streaming:mix_only,2026-01-08T11:00:00+00:00,mix_only,streaming,8600,8514,86,344,23073,11305,100682,545,183,91136313c5424ba4d8a7f735d3f1bdfc0d06eac27bd75a2c14337b37fe5b49b8,1153650,503410,54500,201562,588400,1913122
83:batch:optimized,2026-01-08T11:00:00+00:00,optimized,batch,800,792,8,16,40500,29241,333200,920,597,8ff9cd3f4bbe4a75f527ec11e851d65d5a65827bd2a55578784b12155e119012,2025000,1666000,92000,18750,562950,3801750
83:interactive:optimized,2026-01-08T11:00:00+00:00,optimized,interactive,3800,3762,38,190,19600,13034,115200,280,297,124e8d464786ec641d975e1e20e9f71c15b6eb552b4e48b38b7459a4baaeaee1,980000,576000,28000,89063,328300,1673063
83:streaming:optimized,2026-01-08T11:00:00+00:00,optimized,streaming,8200,8118,82,328,20900,10241,96000,520,193,5fb377dd32000206c2cc389dd555069353005ad66d704e8a7cba7846ad83244e,1045000,480000,52000,192187,532950,1769187
84:batch:baseline,2026-01-08T12:00:00+00:00,baseline,batch,1400,1386,14,84,54000,28080,416000,980,637,e5462913b3ac6d7b4727c222d7e9f4cbfe640ff6f3c4804a0251b359c62d54cf,2700000,2080000,98000,29577,1296000,4907577
84:interactive:baseline,2026-01-08T12:00:00+00:00,baseline,interactive,4000,3960,40,200,32000,16000,128000,280,189,eb58720db271d71653708da3bce768820426dc7edaf708f026dfe03d59aaae0f,1600000,640000,28000,84507,800000,2352507
84:streaming:baseline,2026-01-08T12:00:00+00:00,baseline,streaming,8800,8712,88,440,16000,7840,112000,500,176,1c0761ba1241f7fa7b52b39097b4f91f420282645ddaa9501ceed844ef89d24d,800000,560000,50000,185916,408000,1595916
84:batch:mix_only,2026-01-08T12:00:00+00:00,mix_only,batch,700,693,7,42,27000,14040,208000,490,637,5f70d6cc8a75f878113bee9cd139af47964cfc0667c285945cdf8f11897a740a,1350000,1040000,49000,14789,648000,2453789
84:interactive:mix_only,2026-01-08T12:00:00+00:00,mix_only,interactive,4000,3960,40,200,32000,16000,128000,280,189,e881d77d56871721dca9cbb1972ba426d9f0278d04ff678b329a1e86231b3c72,1600000,640000,28000,84507,800000,2352507
84:streaming:mix_only,2026-01-08T12:00:00+00:00,mix_only,streaming,9500,9405,95,475,17272,8463,120909,539,176,bffad07bc38ee5bbe9b076a2bf1b4efb20d7e8b01b4df391882f92f31313413a,863600,604545,53900,200704,440450,1722749
84:batch:optimized,2026-01-08T12:00:00+00:00,optimized,batch,1400,1386,14,42,40500,26676,353600,980,607,e5462913b3ac6d7b4727c222d7e9f4cbfe640ff6f3c4804a0251b359c62d54cf,2025000,1768000,98000,29577,691200,3920577
84:interactive:optimized,2026-01-08T12:00:00+00:00,optimized,interactive,4000,3960,40,200,22400,15200,102400,280,284,eb58720db271d71653708da3bce768820426dc7edaf708f026dfe03d59aaae0f,1120000,512000,28000,84507,360000,1744507
84:streaming:optimized,2026-01-08T12:00:00+00:00,optimized,streaming,8800,8712,88,440,15200,7448,112000,500,186,1c0761ba1241f7fa7b52b39097b4f91f420282645ddaa9501ceed844ef89d24d,760000,560000,50000,185916,387600,1555916
85:batch:baseline,2026-01-08T13:00:00+00:00,baseline,batch,1200,1188,12,84,56000,28000,400000,980,624,5d22fedf9254a3ef8e5ce180e88d8b14ec9b4486f65fef43cb11ef4140b7d235,2800000,2000000,98000,26087,1400000,4924087
85:interactive:baseline,2026-01-08T13:00:00+00:00,baseline,interactive,4000,3960,40,280,26000,12740,136000,280,195,526c11c6a64200ca76b306b3528919dafed6a634dd2f269625d00ed869187641,1300000,680000,28000,86957,663000,2094957
85:streaming:baseline,2026-01-08T13:00:00+00:00,baseline,streaming,8600,8514,86,516,18000,9360,96000,580,179,a1f43c4829bb177e29b3a298422f23fcbd9f64d3b3f6b47e123b13198d0cb432,900000,480000,58000,186956,432000,1624956
85:batch:mix_only,2026-01-08T13:00:00+00:00,mix_only,batch,600,594,6,42,28000,14000,200000,490,624,b793e3ccc4dc6a12af6e49ec6c6ca94be01cd233328f18fb3b3421f94ae80f26,1400000,1000000,49000,13043,700000,2462043
85:interactive:mix_only,2026-01-08T13:00:00+00:00,mix_only,interactive,4000,3960,40,280,26000,12740,136000,280,195,e021b5b723f9da467a2fa565ed2e0c97738e99d289579e910078ce76a302c13f,1300000,680000,28000,86957,663000,2094957
85:streaming:mix_only,2026-01-08T13:00:00+00:00,mix_only,streaming,9200,9108,92,552,19255,10013,102697,620,179,022bc1daf30bc3d358a3eb6723755450181ad3b81b1f3ba062c438d4e21bf26f,962750,513485,62000,200000,462100,1738235
85:batch:optimized,2026-01-08T13:00:00+00:00,optimized,batch,1200,1188,12,42,42000,26600,340000,980,594,5d22fedf9254a3ef8e5ce180e88d8b14ec9b4486f65fef43cb11ef4140b7d235,2100000,1700000,98000,26087,770000,3924087
85:interactive:optimized,2026-01-08T13:00:00+00:00,optimized,interactive,4000,3960,40,280,18200,12103,108800,280,290,526c11c6a64200ca76b306b3528919dafed6a634dd2f269625d00ed869187641,910000,544000,28000,86957,304850,1568957
85:streaming:optimized,2026-01-08T13:00:00+00:00,optimized,streaming,8600,8514,86,516,17100,8892,96000,580,189,a1f43c4829bb177e29b3a298422f23fcbd9f64d3b3f6b47e123b13198d0cb432,855000,480000,58000,186956,410400,1579956
86:batch:baseline,2026-01-08T14:00:00+00:00,baseline,batch,1000,990,10,70,53000,29680,392000,900,637,f21da8236c95420578c33581c132319aac7444a9ae54623e94c7f383b7a68dbb,2650000,1960000,90000,24194,1166000,4724194
86:interactive:baseline,2026-01-08T14:00:00+00:00,baseline,interactive,3400,3366,34,204,27000,14310,152000,200,197,f1523de6aeea41e8e892ca5d3985761586626191b14b8f1a723ee7184adfa25d,1350000,760000,20000,82258,634500,2212258
86:streaming:baseline,2026-01-08T14:00:00+00:00,baseline,streaming,8000,7920,80,320,21000,11130,104000,520,187,74fa8f5919775494d80936514bc318b1449a9e5c32ae07b6c0353c054257bb2f,1050000,520000,52000,193548,493500,1815548
86:batch:mix_only,2026-01-08T14:00:00+00:00,mix_only,batch,500,495,5,35,26500,14840,196000,450,637,5571dd8285b14fc9b071c4826375d890c8edf1e8ccd1af652d0d83a4bb563467,1325000,980000,45000,12097,583000,2362097
86:interactive:mix_only,2026-01-08T14:00:00+00:00,mix_only,interactive,3400,3366,34,204,27000,14310,152000,200,197,e6f410915b5cf60497c0e2248f161c9c15627bf57c5534bccf59cf2df6589bef,1350000,760000,20000,82258,634500,2212258
86:streaming:mix_only,2026-01-08T14:00:00+00:00,mix_only,streaming,8500,8415,85,340,22312,11825,110500,552,187,81c5447b623b479ce069dd53f1ee3886d4e35eb7c98b9248915561aae386e788,1115600,552500,55200,205645,524350,1928945
86:batch:optimized,2026-01-08T14:00:00+00:00,optimized,batch,1000,990,10,35,39750,28196,333200,900,607,f21da8236c95420578c33581c132319aac7444a9ae54623e94c7f383b7a68dbb,1987500,1666000,90000,24194,577700,3767694
86:interactive:optimized,2026-01-08T14:00:00+00:00,optimized,interactive,3400,3366,34,204,18900,13594,121600,200,292,f1523de6aeea41e8e892ca5d3985761586626191b14b8f1a723ee7184adfa25d,945000,608000,20000,82258,265300,1655258
86:streaming:optimized,2026-01-08T14:00:00+00:00,optimized,streaming,8000,7920,80,320,19950,10573,104000,520,197,74fa8f5919775494d80936514bc318b1449a9e5c32ae07b6c0353c054257bb2f,997500,520000,52000,193548,468850,1763048
87:batch:baseline,2026-01-08T15:00:00+00:00,baseline,batch,1000,990,10,60,56000,27440,400000,960,633,85980ee032f74781b9b1daad86d975daa64071158fbeff2807714b8ce88554a0,2800000,2000000,96000,22727,1428000,4918727
87:interactive:baseline,2026-01-08T15:00:00+00:00,baseline,interactive,3400,3366,34,238,31000,16430,136000,280,204,e5f58cf7e8b5f6e11337234cfdd7c9d7f553872a7e1465fed0efd603db6015b1,1550000,680000,28000,77273,728500,2335273
87:streaming:baseline,2026-01-08T15:00:00+00:00,baseline,streaming,8800,8712,88,616,19000,9500,128000,580,187,3dcc69b48b67928971c7d5b0e09b3a90f8fbb486fdf56038586d2c30ffc06071,950000,640000,58000,200000,475000,1848000
87:batch:mix_only,2026-01-08T15:00:00+00:00,mix_only,batch,500,495,5,30,28000,13720,200000,480,633,60f534100bb533b510dd542f5f5273a81d6019c31e035ebde95d67a2c5be482e,1400000,1000000,48000,11364,714000,2459364
87:interactive:mix_only,2026-01-08T15:00:00+00:00,mix_only,interactive,3400,3366,34,238,31000,16430,136000,280,204,d1229d6de07031e73eebae19f309463424d46140a1edc46415fdaa665f4b18dd,1550000,680000,28000,77273,728500,2335273
87:streaming:mix_only,2026-01-08T15:00:00+00:00,mix_only,streaming,9300,9207,93,651,20079,10039,135272,612,187,958dd3cb7c5a75e6e2772ad26bf61e314f8e796594f6090a1e11ed5ecc3267b7,1003950,676360,61200,211363,502000,1952873
87:batch:optimized,2026-01-08T15:00:00+00:00,optimized,batch,1000,990,10,30,42000,26068,340000,960,603,85980ee032f74781b9b1daad86d975daa64071158fbeff2807714b8ce88554a0,2100000,1700000,96000,22727,796600,3918727
87:interactive:optimized,2026-01-08T15:00:00+00:00,optimized,interactive,3400,3366,34,238,21700,15608,108800,280,299,e5f58cf7e8b5f6e11337234cfdd7c9d7f553872a7e1465fed0efd603db6015b1,1085000,544000,28000,77273,304600,1734273
87:streaming:optimized,2026-01-08T15:00:00+00:00,optimized,streaming,8800,8712,88,616,18050,9025,128000,580,197,3dcc69b48b67928971c7d5b0e09b3a90f8fbb486fdf56038586d2c30ffc06071,902500,640000,58000,200000,451250,1800500
88:batch:baseline,2026-01-08T16:00:00+00:00,baseline,batch,1400,1386,14,84,56000,31360,392000,900,629,28abea617369cd64e6662bcc10b54c0188ba4f222ddd2a65ea2fb0c254fc95fb,2800000,1960000,90000,32813,1232000,4882813
88:interactive:baseline,2026-01-08T16:00:00+00:00,baseline,interactive,3400,3366,34,170,28000,14560,160000,240,196,7d1360c99ff30ab72f1e011fa49671c8fbcb4862866b017fc276a3fafcfa2caf,1400000,800000,24000,79687,672000,2303687
88:streaming:baseline,2026-01-08T16:00:00+00:00,baseline,streaming,8000,7920,80,480,17000,9860,104000,580,175,4c468093bb026cc416dc5d618a85fd623b0549d2f3b4cc0c6fe311862e0e4c0e,850000,520000,58000,187500,357000,1615500
88:batch:mix_only,2026-01-08T16:00:00+00:00,mix_only,batch,700,693,7,42,28000,15680,196000,450,629,fcd73f5fb79608b7a18cfb0a37f57f65caebebc59bd675abf00733d3a2d42d51,1400000,980000,45000,16406,616000,2441406
88:interactive:mix_only,2026-01-08T16:00:00+00:00,mix_only,interactive,3400,3366,34,170,28000,14560,160000,240,196,4facf402ffee9e47b3f2c65d6492768c4e17bff62bbbed175138e605b0a4a928,1400000,800000,24000,79688,672000,2303688
88:streaming:mix_only,2026-01-08T16:00:00+00:00,mix_only,streaming,8700,8613,87,522,18487,10722,113100,630,175,f4686b79245c6df3da0fc914069eb196a7ee85965b00bd9e4f422c1d3c2541c4,924350,565500,63000,203906,388250,1756756
88:batch:optimized,2026-01-08T16:00:00+00:00,optimized,batch,1400,1386,14,42,42000,29792,333200,900,599,28abea617369cd64e6662bcc10b54c0188ba4f222ddd2a65ea2fb0c254fc95fb,2100000,1666000,90000,32813,610400,3888813
88:interactive:optimized,2026-01-08T16:00:00+00:00,optimized,interactive,3400,3366,34,170,19600,13832,128000,240,291,7d1360c99ff30ab72f1e011fa49671c8fbcb4862866b017fc276a3fafcfa2caf,980000,640000,24000,79687,288400,1723687
88:streaming:optimized,2026-01-08T16:00:00+00:00,optimized,streaming,8000,7920,80,480,16150,9367,104000,580,185,4c468093bb026cc416dc5d618a85fd623b0549d2f3b4cc0c6fe311862e0e4c0e,807500,520000,58000,187500,339150,1573000
89:batch:baseline,2026-01-08T17:00:00+00:00,baseline,batch,800,792,8,56,56000,31920,400000,940,633,4f39aa19c11cfdcccf3b5a542eab3c4c24f68deed47e42445361719fd2a3bd64,2800000,2000000,94000,20000,1204000,4914000
89:interactive:baseline,2026-01-08T17:00:00+00:00,baseline,interactive,3200,3168,32,160,28000,14840,136000,280,204,3a323348246dfa72770c5dac8b8d8bdc5ac83cb587a7df51f94c0342864e0b6f,1400000,680000,28000,80000,658000,2188000
89:streaming:baseline,2026-01-08T17:00:00+00:00,baseline,streaming,8000,7920,80,480,17000,9860,104000,580,174,7b8bc52cc7a770386b71d76e2c301e1649cf6814fe1def7132cdd9df2e76c1cb,850000,520000,58000,200000,357000,1628000
89:batch:mix_only,2026-01-08T17:00:00+00:00,mix_only,batch,400,396,4,28,28000,15960,200000,470,633,ef3c9ea5dee127340b4683855f8a14ce2a2fdcbdffff2388959406c1031afa5c,1400000,1000000,47000,10000,602000,2457000
89:interactive:mix_only,2026-01-08T17:00:00+00:00,mix_only,interactive,3200,3168,32,160,28000,14840,136000,280,204,c3446e083554122d83b617c43ae637b2ce4915a21e501f9c30aa0e1285e8fabf,1400000,680000,28000,80000,658000,2188000
89:streaming:mix_only,2026-01-08T17:00:00+00:00,mix_only,streaming,8400,8316,84,504,17850,10353,109200,609,174,3f93aaf7523617aba81df0aaec54665b2e826963a0f98b98ddd8aaead0cb5e2c,892500,546000,60900,210000,374850,1709400
89:batch:optimized,2026-01-08T17:00:00+00:00,optimized,batch,800,792,8,28,42000,30324,340000,940,603,4f39aa19c11cfdcccf3b5a542eab3c4c24f68deed47e42445361719fd2a3bd64,2100000,1700000,94000,20000,583800,3914000
89:interactive:optimized,2026-01-08T17:00:00+00:00,optimized,interactive,3200,3168,32,160,19600,14098,108800,280,299,3a323348246dfa72770c5dac8b8d8bdc5ac83cb587a7df51f94c0342864e0b6f,980000,544000,28000,80000,275100,1632000
89:streaming:optimized,2026-01-08T17:00:00+00:00,optimized,streaming,8000,7920,80,480,16150,9367,104000,580,184,7b8bc52cc7a770386b71d76e2c301e1649cf6814fe1def7132cdd9df2e76c1cb,807500,520000,58000,200000,339150,1585500
90:batch:baseline,2026-01-08T18:00:00+00:00,baseline,batch,1400,1386,14,56,51000,26010,392000,900,628,81f39c2845abb2a388525ab839ff3e05fc09fd1dfa770a334292802fb0b730f5,2550000,1960000,90000,32308,1249500,4632308
90:interactive:baseline,2026-01-08T18:00:00+00:00,baseline,interactive,3600,3564,36,144,24000,13200,136000,260,200,2a2de7f63251dbc48743206fe26a9d05d7feb1bce7666c4aa619365e528098ec,1200000,680000,26000,83077,540000,1989077
90:streaming:baseline,2026-01-08T18:00:00+00:00,baseline,streaming,8000,7920,80,320,19000,11020,112000,540,180,95947cb9c47f1e41a7edfa30e3798695027114910ff1315ba0f5608676247705,950000,560000,54000,184615,399000,1748615
90:batch:mix_only,2026-01-08T18:00:00+00:00,mix_only,batch,700,693,7,28,25500,13005,196000,450,628,c5e7f412b1abcf92672b30411fc183bf08480616716e36beabbf137dc3866df4,1275000,980000,45000,16154,624750,2316154
90:interactive:mix_only,2026-01-08T18:00:00+00:00,mix_only,interactive,3600,3564,36,144,24000,13200,136000,260,200,a8f3eb7d2e1d5056d49de560c3efac18d7d3a3ff93a2bc7685eb6f9b9760a9d1,1200000,680000,26000,83077,540000,1989077
90:streaming:mix_only,2026-01-08T18:00:00+00:00,mix_only,streaming,8700,8613,87,348,20662,11984,121800,587,180,d47778597a0a4296413050be5ffc8d904935b2532aba2fd0e70298076a771b46,1033100,609000,58700,200769,433900,1901569
90:batch:optimized,2026-01-08T18:00:00+00:00,optimized,batch,1400,1386,14,28,38250,24709,333200,900,598,81f39c2845abb2a388525ab839ff3e05fc09fd1dfa770a334292802fb0b730f5,1912500,1666000,90000,32308,677050,3700808
90:interactive:optimized,2026-01-08T18:00:00+00:00,optimized,interactive,3600,3564,36,144,16800,12540,108800,260,295,2a2de7f63251dbc48743206fe26a9d05d7feb1bce7666c4aa619365e528098ec,840000,544000,26000,83077,213000,1493077
90:streaming:optimized,2026-01-08T18:00:00+00:00,optimized,streaming,8000,7920,80,320,18050,10469,112000,540,190,95947cb9c47f1e41a7edfa30e3798695027114910ff1315ba0f5608676247705,902500,560000,54000,184615,379050,1701115
91:batch:baseline,2026-01-08T19:00:00+00:00,baseline,batch,1400,1386,14,56,53000,26500,400000,900,637,183f4b53c3401405a48ceebbfb2cc0a24e65ecc99d9601114afd46effae57749,2650000,2000000,90000,30882,1325000,4770882
91:interactive:baseline,2026-01-08T19:00:00+00:00,baseline,interactive,3200,3168,32,192,26000,12740,136000,260,205,03131cf812021b99a2530dbd979eb8f065c167aa173bcc79ffbd17b1aef8d32c,1300000,680000,26000,70588,663000,2076588
91:streaming:baseline,2026-01-08T19:00:00+00:00,baseline,streaming,9000,8910,90,450,21000,10710,104000,500,190,ff4d7a700f1ed63ed72e441c28c22a257a7571daf94a296a7cff45b18466a6b4,1050000,520000,50000,198530,514500,1818530
91:batch:mix_only,2026-01-08T19:00:00+00:00,mix_only,batch,700,693,7,28,26500,13250,200000,450,637,8edf7585e1c7febf94544501f0eaeccb99fd8aae7d1633366d92bdf0c6f8b9f1,1325000,1000000,45000,15441,662500,2385441
91:interactive:mix_only,2026-01-08T19:00:00+00:00,mix_only,interactive,3200,3168,32,192,26000,12740,136000,260,205,07606643210a694827c01013acb7ccf42161d0123f2d19158410c12a70b6626e,1300000,680000,26000,70588,663000,2076588
91:streaming:mix_only,2026-01-08T19:00:00+00:00,mix_only,streaming,9700,9603,97,485,22633,11543,112088,538,190,c42348a9a13ac890ba5d040a0b14a0c66ff90c2e6459f84bca214485b58e9f8b,1131650,560440,53800,213971,554500,1959861
91:batch:optimized,2026-01-08T19:00:00+00:00,optimized,batch,1400,1386,14,28,39750,25175,340000,900,607,183f4b53c3401405a48ceebbfb2cc0a24e65ecc99d9601114afd46effae57749,1987500,1700000,90000,30882,728750,3808382
91:interactive:optimized,2026-01-08T19:00:00+00:00,optimized,interactive,3200,3168,32,192,18200,12103,108800,260,300,03131cf812021b99a2530dbd979eb8f065c167aa173bcc79ffbd17b1aef8d32c,910000,544000,26000,70588,304850,1550588
91:streaming:optimized,2026-01-08T19:00:00+00:00,optimized,streaming,9000,8910,90,450,19950,10174,104000,500,200,ff4d7a700f1ed63ed72e441c28c22a257a7571daf94a296a7cff45b18466a6b4,997500,520000,50000,198530,488800,1766030
92:batch:baseline,2026-01-08T20:00:00+00:00,baseline,batch,1400,1386,14,98,55000,31350,416000,900,636,0a921b25db6f18b17cd6c0d253537852b5262ffe840534d8e3b4a8b3913240fa,2750000,2080000,90000,30883,1182500,4950883
92:interactive:baseline,2026-01-08T20:00:00+00:00,baseline,interactive,4000,3960,40,200,32000,17280,136000,220,195,18ec46fb2d877144f3e57486875e2d4a038ed217fb8d870b642251a5313e30e7,1600000,680000,22000,88235,736000,2390235
92:streaming:baseline,2026-01-08T20:00:00+00:00,baseline,streaming,8200,8118,82,492,20000,11600,96000,520,190,73fc5ebc7f906950d58161242d5051a6c335a51692108f079d8107b909cd6705,1000000,480000,52000,180882,420000,1712882
92:batch:mix_only,2026-01-08T20:00:00+00:00,mix_only,batch,700,693,7,49,27500,15675,208000,450,636,bbf77f4f007c2d20df3741b0ec59afb0989210ff37fca7f6835e8d1adf76f98e,1375000,1040000,45000,15441,591250,2475441
92:interactive:mix_only,2026-01-08T20:00:00+00:00,mix_only,interactive,4000,3960,40,200,32000,17280,136000,220,195,f91ca314953280c3c179ab9d15db9e2045a7c7b7dafcd17bdd67f1a19ee3b418,1600000,680000,22000,88235,736000,2390235
92:streaming:mix_only,2026-01-08T20:00:00+00:00,mix_only,streaming,8900,8811,89,534,21707,12590,104195,564,190,46b673a82db9f0416f344e4a6d92326ff859f6770bcc7c13307163b07bed6cc4,1085350,520975,56400,196324,455850,1859049
92:batch:optimized,2026-01-08T20:00:00+00:00,optimized,batch,1400,1386,14,49,41250,29782,353600,900,606,0a921b25db6f18b17cd6c0d253537852b5262ffe840534d8e3b4a8b3913240fa,2062500,1768000,90000,30883,573400,3951383
92:interactive:optimized,2026-01-08T20:00:00+00:00,optimized,interactive,4000,3960,40,200,22400,16416,108800,220,290,18ec46fb2d877144f3e57486875e2d4a038ed217fb8d870b642251a5313e30e7,1120000,544000,22000,88235,299200,1774235
92:streaming:optimized,2026-01-08T20:00:00+00:00,optimized,streaming,8200,8118,82,492,19000,11020,96000,520,200,73fc5ebc7f906950d58161242d5051a6c335a51692108f079d8107b909cd6705,950000,480000,52000,180882,399000,1662882
93:batch:baseline,2026-01-08T21:00:00+00:00,baseline,batch,1200,1188,12,48,52000,28600,416000,980,631,370fcf5960f69b931b42b649242b9b40fcebf2e548917812737d04159ab4b7dc,2600000,2080000,98000,28572,1170000,4806572
93:interactive:baseline,2026-01-08T21:00:00+00:00,baseline,interactive,3400,3366,34,136,27000,14310,152000,200,201,5b405a2dde2de47fe3b92fa6d87239fcaca7f52410330280c35f167643d58175,1350000,760000,20000,80952,634500,2210952
93:streaming:baseline,2026-01-08T21:00:00+00:00,baseline,streaming,8000,7920,80,320,21000,11970,112000,500,170,4cf91c21e22b64162ffd58a6d6cecfc3663d7501b51f6c5e47d57ec9f6b24ace,1050000,560000,50000,190476,451500,1850476
93:batch:mix_only,2026-01-08T21:00:00+00:00,mix_only,batch,600,594,6,24,26000,14300,208000,490,631,f7d84e93887faac4f66f49261c7733a5d5cc7f694ba1902593bb77550f7ac67d,1300000,1040000,49000,14286,585000,2403286
93:interactive:mix_only,2026-01-08T21:00:00+00:00,mix_only,interactive,3400,3366,34,136,27000,14310,152000,200,201,2e53c910119a5ba275051ddc818d69bdd5cfc589bc83748ce6f75685619f06cc,1350000,760000,20000,80952,634500,2210952
93:streaming:mix_only,2026-01-08T21:00:00+00:00,mix_only,streaming,8600,8514,86,344,22575,12867,120400,537,170,866469e3bdd93d88acea7b874f1581481432cd5fba2ebb5ae922880cd5faa00e,1128750,602000,53700,204762,485400,1989212
93:batch:optimized,2026-01-08T21:00:00+00:00,optimized,batch,1200,1188,12,24,39000,27170,353600,980,601,370fcf5960f69b931b42b649242b9b40fcebf2e548917812737d04159ab4b7dc,1950000,1768000,98000,28572,591500,3844572
93:interactive:optimized,2026-01-08T21:00:00+00:00,optimized,interactive,3400,3366,34,136,18900,13594,121600,200,296,5b405a2dde2de47fe3b92fa6d87239fcaca7f52410330280c35f167643d58175,945000,608000,20000,80952,265300,1653952
93:streaming:optimized,2026-01-08T21:00:00+00:00,optimized,streaming,8000,7920,80,320,19950,11371,112000,500,180,4cf91c21e22b64162ffd58a6d6cecfc3663d7501b51f6c5e47d57ec9f6b24ace,997500,560000,50000,190476,428950,1797976
94:batch:baseline,2026-01-08T22:00:00+00:00,baseline,batch,1000,990,10,60,51000,25500,408000,980,636,d542f292eff1430a0edda48305b8f7b2f596400d44934fd4dcfa5d519c7f7162,2550000,2040000,98000,23077,1275000,4711077
94:interactive:baseline,2026-01-08T22:00:00+00:00,baseline,interactive,3800,3762,38,152,31000,17980,136000,220,188,6a6541e80edad787ede514249593ed14f2960d500be7a3ef67c517878af90db7,1550000,680000,22000,87692,651000,2339692
94:streaming:baseline,2026-01-08T22:00:00+00:00,baseline,streaming,8200,8118,82,574,22000,12760,96000,520,173,6a799b48d4a219a220b8ed2e7a1887bfdf63afb04b30801ed54f6f4dfa3fd3a4,1100000,480000,52000,189231,462000,1821231
94:batch:mix_only,2026-01-08T22:00:00+00:00,mix_only,batch,500,495,5,30,25500,12750,204000,490,636,9764a8fc286e5128b321fdb7e10248fb38a0ab4eba1b58c7a778ca27399b5189,1275000,1020000,49000,11539,637500,2355539
94:interactive:mix_only,2026-01-08T22:00:00+00:00,mix_only,interactive,3800,3762,38,152,31000,17980,136000,220,188,ae230dc6bcd3df9f5ed76718a37ea6f624c774e2b8946d84f851744f3e278b41,1550000,680000,22000,87692,651000,2339692
94:streaming:mix_only,2026-01-08T22:00:00+00:00,mix_only,streaming,8700,8613,87,609,23341,13538,101853,551,173,15b0863fbe046316677a5f64ef735795bfaa7417e6f4755af8c8a708f6ca2a69,1167050,509265,55100,200769,490150,1932184
94:batch:optimized,2026-01-08T22:00:00+00:00,optimized,batch,1000,990,10,30,38250,24225,346800,980,606,d542f292eff1430a0edda48305b8f7b2f596400d44934fd4dcfa5d519c7f7162,1912500,1734000,98000,23077,701250,3767577
94:interactive:optimized,2026-01-08T22:00:00+00:00,optimized,interactive,3800,3762,38,152,21700,17081,108800,220,283,6a6541e80edad787ede514249593ed14f2960d500be7a3ef67c517878af90db7,1085000,544000,22000,87692,230950,1738692
94:streaming:optimized,2026-01-08T22:00:00+00:00,optimized,streaming,8200,8118,82,574,20900,12122,96000,520,183,6a799b48d4a219a220b8ed2e7a1887bfdf63afb04b30801ed54f6f4dfa3fd3a4,1045000,480000,52000,189231,438900,1766231
95:batch:baseline,2026-01-08T23:00:00+00:00,baseline,batch,1400,1386,14,84,51000,27540,384000,960,637,bf53bea92ece5362c1f9ff3efba1a8412c180fef7c08a13fe31e901d5a947273,2550000,1920000,96000,30000,1173000,4596000
95:interactive:baseline,2026-01-08T23:00:00+00:00,baseline,interactive,4000,3960,40,240,32000,15360,144000,200,185,bf95ce6ab005acf71c805d341e0f4aeaff1fb29c01260561535a7541aa46782f,1600000,720000,20000,85714,832000,2425714
95:streaming:baseline,2026-01-08T23:00:00+00:00,baseline,streaming,8600,8514,86,430,18000,10260,104000,500,180,3ff20dd8699f516f9802679037d3e02badc10d66ac8abb62c6ec55e52eacbe7d,900000,520000,50000,184286,387000,1654286
95:batch:mix_only,2026-01-08T23:00:00+00:00,mix_only,batch,700,693,7,42,25500,13770,192000,480,637,cfdf342d4355272a14c0854d9feae26535753a6aa5af2703bf73c5015daf126a,1275000,960000,48000,15000,586500,2298000
95:interactive:mix_only,2026-01-08T23:00:00+00:00,mix_only,interactive,4000,3960,40,240,32000,15360,144000,200,185,cbd9dd40f828d6185fc41c9012d3121f5cd64d65b49f2a207fbc41fc8dbce57b,1600000,720000,20000,85714,832000,2425714
95:streaming:mix_only,2026-01-08T23:00:00+00:00,mix_only,streaming,9300,9207,93,465,19465,11095,112465,540,180,1e0094b3d9ae7c3457d213bb74e7c0bf8c1495f247360bc936811a84b9387af3,973250,562325,54000,199286,418500,1788861
95:batch:optimized,2026-01-08T23:00:00+00:00,optimized,batch,1400,1386,14,42,38250,26163,326400,960,607,bf53bea92ece5362c1f9ff3efba1a8412c180fef7c08a13fe31e901d5a947273,1912500,1632000,96000,30000,604350,3670500
95:interactive:optimized,2026-01-08T23:00:00+00:00,optimized,interactive,4000,3960,40,240,22400,14592,115200,200,280,bf95ce6ab005acf71c805d341e0f4aeaff1fb29c01260561535a7541aa46782f,1120000,576000,20000,85714,390400,1801714
95:streaming:optimized,2026-01-08T23:00:00+00:00,optimized,streaming,8600,8514,86,430,17100,9747,104000,500,190,3ff20dd8699f516f9802679037d3e02badc10d66ac8abb62c6ec55e52eacbe7d,855000,520000,50000,184286,367650,1609286
96:batch:baseline,2026-01-09T00:00:00+00:00,baseline,batch,1000,990,10,50,51000,24990,384000,900,639,5ed5f70cb375ecb5f3ec5f96abc5226c5666c572e5c4a87783ace13a3e1a6820,2550000,1920000,90000,23810,1300500,4583810
96:interactive:baseline,2026-01-09T00:00:00+00:00,baseline,interactive,3400,3366,34,238,26000,14560,152000,200,199,706332b3497222f1afc3504dd70f717856907f67054730dc634c63959ec0354e,1300000,760000,20000,80952,572000,2160952
96:streaming:baseline,2026-01-09T00:00:00+00:00,baseline,streaming,8200,8118,82,574,23000,12190,96000,540,187,b3ff670a73a7397d6fd1d0f275a7136fa9ec823fc139c8889ae8a831e6711069,1150000,480000,54000,195238,540500,1879238
96:batch:mix_only,2026-01-09T00:00:00+00:00,mix_only,batch,500,495,5,25,25500,12495,192000,450,639,a484a627fcd96f1dd32e14f9ad59ac5472481ee5d1e6ddfecd90e7e88ca024fd,1275000,960000,45000,11905,650250,2291905
96:interactive:mix_only,2026-01-09T00:00:00+00:00,mix_only,interactive,3400,3366,34,238,26000,14560,152000,200,199,d43e0d9be4a4b2659efa2d2a255dd54b139cb3b9b5df686a3727d65cc48f6be6,1300000,760000,20000,80952,572000,2160952
96:streaming:mix_only,2026-01-09T00:00:00+00:00,mix_only,streaming,8700,8613,87,609,24402,12933,101853,572,187,694276873d3b5ea429ddfc9150b5ad26c00bb843c2bcd53c8989057764039987,1220100,509265,57200,207143,573450,1993708
96:batch:optimized,2026-01-09T00:00:00+00:00,optimized,batch,1000,990,10,25,38250,23740,326400,900,609,5ed5f70cb375ecb5f3ec5f96abc5226c5666c572e5c4a87783ace13a3e1a6820,1912500,1632000,90000,23810,725500,3658310
96:interactive:optimized,2026-01-09T00:00:00+00:00,optimized,interactive,3400,3366,34,238,18200,13832,121600,200,294,706332b3497222f1afc3504dd70f717856907f67054730dc634c63959ec0354e,910000,608000,20000,80952,218400,1618952
96:streaming:optimized,2026-01-09T00:00:00+00:00,optimized,streaming,8200,8118,82,574,21850,11580,96000,540,197,b3ff670a73a7397d6fd1d0f275a7136fa9ec823fc139c8889ae8a831e6711069,1092500,480000,54000,195238,513500,1821738
97:batch:baseline,2026-01-09T01:00:00+00:00,baseline,batch,800,792,8,48,50000,25000,400000,960,621,793289edf359ce19b29a89240e8b45fb8ec9031544aa63234ea5aff504499c18,2500000,2000000,96000,20000,1250000,4616000
97:interactive:baseline,2026-01-09T01:00:00+00:00,baseline,interactive,3000,2970,30,150,27000,12960,160000,280,199,6d73d07d46fde779c4ad46e4771a9efe43a9975c5ba771fb2fdb5dafbeb0c847,1350000,800000,28000,75000,702000,2253000
97:streaming:baseline,2026-01-09T01:00:00+00:00,baseline,streaming,8200,8118,82,410,23000,11500,96000,540,177,1eea65e6e3cf5d59c90f2e7dd5976c284a59880a9e11a9ad47412b32af1bfb4e,1150000,480000,54000,205000,575000,1889000
97:batch:mix_only,2026-01-09T01:00:00+00:00,mix_only,batch,400,396,4,24,25000,12500,200000,480,621,770aff3e228f8cd43d61bcde73366d6baae7461b978f5c6eba74eaeeaa087e87,1250000,1000000,48000,10000,625000,2308000
97:interactive:mix_only,2026-01-09T01:00:00+00:00,mix_only,interactive,3000,2970,30,150,27000,12960,160000,280,199,89bd49b4d99c4d57b37d6f7ef5f5903394a46b8723bce6ae0fc5fb262d4976a1,1350000,800000,28000,75000,702000,2253000
97:streaming:mix_only,2026-01-09T01:00:00+00:00,mix_only,streaming,8600,8514,86,430,24121,12060,100682,566,177,ec66993704995b4f66722652d565ef7252b2b70d21ff5f8fd774f4f53c4ab3eb,1206050,503410,56600,215000,603050,1981060
97:batch:optimized,2026-01-09T01:00:00+00:00,optimized,batch,800,792,8,24,37500,23750,340000,960,591,793289edf359ce19b29a89240e8b45fb8ec9031544aa63234ea5aff504499c18,1875000,1700000,96000,20000,687500,3691000
97:interactive:optimized,2026-01-09T01:00:00+00:00,optimized,interactive,3000,2970,30,150,18900,12312,128000,280,294,6d73d07d46fde779c4ad46e4771a9efe43a9975c5ba771fb2fdb5dafbeb0c847,945000,640000,28000,75000,329400,1688000
97:streaming:optimized,2026-01-09T01:00:00+00:00,optimized,streaming,8200,8118,82,410,21850,10925,96000,540,187,1eea65e6e3cf5d59c90f2e7dd5976c284a59880a9e11a9ad47412b32af1bfb4e,1092500,480000,54000,205000,546250,1831500
98:batch:baseline,2026-01-09T02:00:00+00:00,baseline,batch,1200,1188,12,72,49000,26950,416000,980,622,54507ca0a01ac6d2ea0776156eeb5d4a41d3dbdd88a7b8580aceae955f7e7a9b,2450000,2080000,98000,27692,1102500,4655692
98:interactive:baseline,2026-01-09T02:00:00+00:00,baseline,interactive,3800,3762,38,266,30000,15300,152000,280,196,617b53c369a6992ee6cccffad1299fc8fd15735d7b4a8311b2c2e0837baca0ff,1500000,760000,28000,87692,735000,2375692
98:streaming:baseline,2026-01-09T02:00:00+00:00,baseline,streaming,8000,7920,80,480,24000,12240,104000,540,172,bb01017f4e05cdb80ea8e5a2d815a5d0482d719361f0c4edd0be581c13e134e2,1200000,520000,54000,184616,588000,1958616
98:batch:mix_only,2026-01-09T02:00:00+00:00,mix_only,batch,600,594,6,36,24500,13475,208000,490,622,04dfd7e1ef89ca5405dff0272c967661f41e524139771cc98e37f62c52b24dd1,1225000,1040000,49000,13846,551250,2327846
98:interactive:mix_only,2026-01-09T02:00:00+00:00,mix_only,interactive,3800,3762,38,266,30000,15300,152000,280,196,eb8eb97255bc64bdd7bdedbdcec965e6aabf01d7ce4de3bc25a08e862df96026,1500000,760000,28000,87692,735000,2375692
98:streaming:mix_only,2026-01-09T02:00:00+00:00,mix_only,streaming,8600,8514,86,516,25800,13158,111800,580,172,c9b4c0782c7a6592f2abfd0db1e902935b87a7428a908099e8674c040d887a7d,1290000,559000,58000,198462,632100,2105462
98:batch:optimized,2026-01-09T02:00:00+00:00,optimized,batch,1200,1188,12,36,36750,25602,353600,980,592,54507ca0a01ac6d2ea0776156eeb5d4a41d3dbdd88a7b8580aceae955f7e7a9b,1837500,1768000,98000,27692,557400,3731192
98:interactive:optimized,2026-01-09T02:00:00+00:00,optimized,interactive,3800,3762,38,266,21000,14535,121600,280,291,617b53c369a6992ee6cccffad1299fc8fd15735d7b4a8311b2c2e0837baca0ff,1050000,608000,28000,87692,323250,1773692
98:streaming:optimized,2026-01-09T02:00:00+00:00,optimized,streaming,8000,7920,80,480,22800,11628,104000,540,182,bb01017f4e05cdb80ea8e5a2d815a5d0482d719361f0c4edd0be581c13e134e2,1140000,520000,54000,184616,558600,1898616
99:batch:baseline,2026-01-09T03:00:00+00:00,baseline,batch,1000,990,10,70,51000,24990,408000,960,621,558a222031718eb1a0dff6c17c9e20c07661bcc0d878f11cbc6cad0c627dee5e,2550000,2040000,96000,22727,1300500,4708727
99:interactive:baseline,2026-01-09T03:00:00+00:00,baseline,interactive,4000,3960,40,240,25000,13500,128000,240,205,e7944d70c615ab28f7fe1dcebd9371dfa985651330be9e787c467c78c467f77b,1250000,640000,24000,90909,575000,2004909
99:streaming:baseline,2026-01-09T03:00:00+00:00,baseline,streaming,8200,8118,82,574,17000,9010,96000,560,178,243c7818726a74014c6b4e2a609ab1af376d98d8ba280212fa991000e68e641c,850000,480000,56000,186364,399500,1572364
99:batch:mix_only,2026-01-09T03:00:00+00:00,mix_only,batch,500,495,5,35,25500,12495,204000,480,621,88eba87a2e092e626b405495567c2c60f5cd005116302248d38b1b98e5c7d364,1275000,1020000,48000,11364,650250,2354364
99:interactive:mix_only,2026-01-09T03:00:00+00:00,mix_only,interactive,4000,3960,40,240,25000,13500,128000,240,205,2598a7afab8ef4d2901c945f0f614ca473efd592b41f1ced9813d16c7ec1926f,1250000,640000,24000,90909,575000,2004909
99:streaming:mix_only,2026-01-09T03:00:00+00:00,mix_only,streaming,8700,8613,87,609,18036,9559,101853,594,178,a4935b7be70ca077f753f7ce9e445511cf252ac1faff06856e98cfa135a8bd67,901800,509265,59400,197727,423850,1668192
99:batch:optimized,2026-01-09T03:00:00+00:00,optimized,batch,1000,990,10,35,38250,23740,346800,960,591,558a222031718eb1a0dff6c17c9e20c07661bcc0d878f11cbc6cad0c627dee5e,1912500,1734000,96000,22727,725500,3765227
99:interactive:optimized,2026-01-09T03:00:00+00:00,optimized,interactive,4000,3960,40,240,17500,12825,102400,240,300,e7944d70c615ab28f7fe1dcebd9371dfa985651330be9e787c467c78c467f77b,875000,512000,24000,90909,233750,1501909
99:streaming:optimized,2026-01-09T03:00:00+00:00,optimized,streaming,8200,8118,82,574,16150,8559,96000,560,188,243c7818726a74014c6b4e2a609ab1af376d98d8ba280212fa991000e68e641c,807500,480000,56000,186364,379550,1529864
100:batch:baseline,2026-01-09T04:00:00+00:00,baseline,batch,1400,1386,14,56,54000,27000,384000,960,637,ede0ad8e41af94259612232fbc493d682b795f286627ad682ae40017579392f8,2700000,1920000,96000,29577,1350000,4745577
100:interactive:baseline,2026-01-09T04:00:00+00:00,baseline,interactive,3800,3762,38,228,32000,17280,128000,240,201,d8bc39203c05dfb7f97486533ce49e06357b98f007e95282121460cc63d94a26,1600000,640000,24000,80282,736000,2344282
100:streaming:baseline,2026-01-09T04:00:00+00:00,baseline,streaming,9000,8910,90,540,23000,11270,120000,520,177,dab2afe6d2bb5cf8dc0d150b6bc06d24a1012b13ec41cb6240120b50bfd1e0f7,1150000,600000,52000,190141,586500,1992141
100:batch:mix_only,2026-01-09T04:00:00+00:00,mix_only,batch,700,693,7,28,27000,13500,192000,480,637,da9674f2fa5df20aa87ddeb18af3e754d01993744048a3596633b0f69ec5be14,1350000,960000,48000,14789,675000,2372789
100:interactive:mix_only,2026-01-09T04:00:00+00:00,mix_only,interactive,3800,3762,38,228,32000,17280,128000,240,201,6bdea086a60e9546ee4d2966ee9b014d4fe09c274df44d83e3c0d515cdb85d76,1600000,640000,24000,80282,736000,2344282
100:streaming:mix_only,2026-01-09T04:00:00+00:00,mix_only,streaming,9700,9603,97,582,24788,12146,129333,560,177,f23fe880a6d6a7d713267d34586eb9a9ab8fa071036f4842bf286582d6d3fbe6,1239400,646665,56000,204929,632100,2146994
100:batch:optimized,2026-01-09T04:00:00+00:00,optimized,batch,1400,1386,14,28,40500,25650,326400,960,607,ede0ad8e41af94259612232fbc493d682b795f286627ad682ae40017579392f8,2025000,1632000,96000,29577,742500,3782577
100:interactive:optimized,2026-01-09T04:00:00+00:00,optimized,interactive,3800,3762,38,228,22400,16416,102400,240,296,d8bc39203c05dfb7f97486533ce49e06357b98f007e95282121460cc63d94a26,1120000,512000,24000,80282,299200,1736282
100:streaming:optimized,2026-01-09T04:00:00+00:00,optimized,streaming,9000,8910,90,540,21850,10706,120000,520,187,dab2afe6d2bb5cf8dc0d150b6bc06d24a1012b13ec41cb6240120b50bfd1e0f7,1092500,600000,52000,190141,557200,1934641
101:batch:baseline,2026-01-09T05:00:00+00:00,baseline,batch,1200,1188,12,48,56000,27440,384000,900,632,1cf6627ab4f90ab19da85d7b8f903b9c38de409d3bd453967a340d8b24e62fa0,2800000,1920000,90000,26866,1428000,4836866
101:interactive:baseline,2026-01-09T05:00:00+00:00,baseline,interactive,3800,3762,38,190,28000,15960,160000,280,188,5181ad58e705d986dd6a69839ab09c562a03eb7da296cb3fc24807e6fbb67495,1400000,800000,28000,85074,602000,2313074
101:streaming:baseline,2026-01-09T05:00:00+00:00,baseline,streaming,8400,8316,84,504,19000,11020,96000,540,178,feacf88d0136dc8de9fa5b2d1aa13610850f8f9f58ee0b580f97f9c47a9457f1,950000,480000,54000,188060,399000,1672060
101:batch:mix_only,2026-01-09T05:00:00+00:00,mix_only,batch,600,594,6,24,28000,13720,192000,450,632,40a64dc860c07ca5b37c6391e63ccd0f803978fd95012592d3291b40520ca89a,1400000,960000,45000,13433,714000,2418433
101:interactive:mix_only,2026-01-09T05:00:00+00:00,mix_only,interactive,3800,3762,38,190,28000,15960,160000,280,188,ff7b4c51778062099ad3d4a4b5f969fb1697d7b9ddcea73d058f88543a038e48,1400000,800000,28000,85075,602000,2313075
101:streaming:mix_only,2026-01-09T05:00:00+00:00,mix_only,streaming,9000,8910,90,540,20357,11807,102857,578,178,446e2a5ab040a9afcf72b747dd1d19f919684360263af3bab7226309596ec5f0,1017850,514285,57800,201492,427500,1791427
101:batch:optimized,2026-01-09T05:00:00+00:00,optimized,batch,1200,1188,12,24,42000,26068,326400,900,602,1cf6627ab4f90ab19da85d7b8f903b9c38de409d3bd453967a340d8b24e62fa0,2100000,1632000,90000,26866,796600,3848866
101:interactive:optimized,2026-01-09T05:00:00+00:00,optimized,interactive,3800,3762,38,190,19600,15162,128000,280,283,5181ad58e705d986dd6a69839ab09c562a03eb7da296cb3fc24807e6fbb67495,980000,640000,28000,85074,221900,1733074
101:streaming:optimized,2026-01-09T05:00:00+00:00,optimized,streaming,8400,8316,84,504,18050,10469,96000,540,188,feacf88d0136dc8de9fa5b2d1aa13610850f8f9f58ee0b580f97f9c47a9457f1,902500,480000,54000,188060,379050,1624560
102:batch:baseline,2026-01-09T06:00:00+00:00,baseline,batch,1200,1188,12,60,52000,26520,384000,920,624,1bd50ba1bfcf5f30f4fa7094747f3c287418be7b2054842c8832511de23538d9,2600000,1920000,92000,27273,1274000,4639273
102:interactive:baseline,2026-01-09T06:00:00+00:00,baseline,interactive,3000,2970,30,210,28000,13720,160000,240,191,756086a1dab8eb2993955e2b4b1e25c162ea35f5847e46f65f169c4992d62b42,1400000,800000,24000,68182,714000,2292182
102:streaming:baseline,2026-01-09T06:00:00+00:00,baseline,streaming,9000,8910,90,630,23000,13340,112000,580,170,60d2fa1682cf1d037b89e7f3ca275ff32f4c4f75d3b08e3c9d28f1382da83987,1150000,560000,58000,204545,483000,1972545
102:batch:mix_only,2026-01-09T06:00:00+00:00,mix_only,batch,600,594,6,30,26000,13260,192000,460,624,a103ea1dfbb133066961274cd43f9b420a088a720a73da542263d9b05d97039b,1300000,960000,46000,13636,637000,2319636
102:interactive:mix_only,2026-01-09T06:00:00+00:00,mix_only,interactive,3000,2970,30,210,28000,13720,160000,240,191,c63cfb20039c29460a60bd52301d61b2f5b073e865e019bd71d518524cd28ef3,1400000,800000,24000,68182,714000,2292182
102:streaming:mix_only,2026-01-09T06:00:00+00:00,mix_only,streaming,9600,9504,96,672,24533,14229,119466,618,170,5d4884d7cb7f5d9a7ccd0bc0cf785f21fe941694936971f87a17b6bfb0e1cec0,1226650,597330,61800,218182,515200,2103962
102:batch:optimized,2026-01-09T06:00:00+00:00,optimized,batch,1200,1188,12,30,39000,25194,326400,920,594,1bd50ba1bfcf5f30f4fa7094747f3c287418be7b2054842c8832511de23538d9,1950000,1632000,92000,27273,690300,3701273
102:interactive:optimized,2026-01-09T06:00:00+00:00,optimized,interactive,3000,2970,30,210,19600,13034,128000,240,286,756086a1dab8eb2993955e2b4b1e25c162ea35f5847e46f65f169c4992d62b42,980000,640000,24000,68182,328300,1712182
102:streaming:optimized,2026-01-09T06:00:00+00:00,optimized,streaming,9000,8910,90,630,21850,12673,112000,580,180,60d2fa1682cf1d037b89e7f3ca275ff32f4c4f75d3b08e3c9d28f1382da83987,1092500,560000,58000,204545,458850,1915045
103:batch:baseline,2026-01-09T07:00:00+00:00,baseline,batch,800,792,8,32,56000,30800,400000,960,633,2afbe2958a3acd4becc049f40148dcf6d6c3cfce3a52b998c4f1ef5b48a36e05,2800000,2000000,96000,18462,1260000,4914462
103:interactive:baseline,2026-01-09T07:00:00+00:00,baseline,interactive,3600,3564,36,216,28000,13440,136000,220,195,79f8e8ed16891a6b1ffe352e1c218888866b8461b6cf4ccc8f6682c77599a5a3,1400000,680000,22000,83077,728000,2185077
103:streaming:baseline,2026-01-09T07:00:00+00:00,baseline,streaming,8600,8514,86,344,17000,8670,96000,540,190,35a0b41f438f6a4d79e69e8699b84eb4abea05af72b4517593d7d576fc3c3bae,850000,480000,54000,198461,416500,1582461
103:batch:mix_only,2026-01-09T07:00:00+00:00,mix_only,batch,400,396,4,16,28000,15400,200000,480,633,7faea4bf14aa0cd0c4e771f16cceb3c6c1426a4d9f6514afc17ef503122945df,1400000,1000000,48000,9231,630000,2457231
103:interactive:mix_only,2026-01-09T07:00:00+00:00,mix_only,interactive,3600,3564,36,216,28000,13440,136000,220,195,71c715929d7767b346bf9a2bfbd0dc8c32db6dff7e06e12f2bd9c35f518642a9,1400000,680000,22000,83077,728000,2185077
103:streaming:mix_only,2026-01-09T07:00:00+00:00,mix_only,streaming,9000,8910,90,360,17790,9073,100465,565,190,f330868dd494ac2b222243a827d328106086c597cc9f2982f402105cdb80fd0c,889500,502325,56500,207692,435850,1656017
103:batch:optimized,2026-01-09T07:00:00+00:00,optimized,batch,800,792,8,16,42000,29260,340000,960,603,2afbe2958a3acd4becc049f40148dcf6d6c3cfce3a52b998c4f1ef5b48a36e05,2100000,1700000,96000,18462,637000,3914462
103:interactive:optimized,2026-01-09T07:00:00+00:00,optimized,interactive,3600,3564,36,216,19600,12768,108800,220,290,79f8e8ed16891a6b1ffe352e1c218888866b8461b6cf4ccc8f6682c77599a5a3,980000,544000,22000,83077,341600,1629077
103:streaming:optimized,2026-01-09T07:00:00+00:00,optimized,streaming,8600,8514,86,344,16150,8236,96000,540,200,35a0b41f438f6a4d79e69e8699b84eb4abea05af72b4517593d7d576fc3c3bae,807500,480000,54000,198461,395700,1539961
104:batch:baseline,2026-01-09T08:00:00+00:00,baseline,batch,800,792,8,56,51000,26010,392000,940,621,c920a9acfa11008fbb6580b8c2180a29a5e24e29d1c302dc630d7daa05e7d17c,2550000,1960000,94000,18750,1249500,4622750
104:interactive:baseline,2026-01-09T08:00:00+00:00,baseline,interactive,3600,3564,36,144,24000,11520,152000,240,200,56b7b1c1698b5aa41136d3a2c509a294eff293e59c9d6438d556b10871a1c1f1,1200000,760000,24000,84375,624000,2068375
104:streaming:baseline,2026-01-09T08:00:00+00:00,baseline,streaming,8400,8316,84,588,16000,7680,128000,540,183,3c74f6841fb80719cb52aee2d8bd910d65df43fa55862c0853c80289e16bcbde,800000,640000,54000,196875,416000,1690875
104:batch:mix_only,2026-01-09T08:00:00+00:00,mix_only,batch,400,396,4,28,25500,13005,196000,470,621,cb09776f24361fef7c234ac12e279fd57e3bb3841e606ded41277bf3783ce3ee,1275000,980000,47000,9375,624750,2311375
104:interactive:mix_only,2026-01-09T08:00:00+00:00,mix_only,interactive,3600,3564,36,144,24000,11520,152000,240,200,762b35e525216edd52dd751ea9d312eb4099e62038317af3edf9c459af24df6d,1200000,760000,24000,84375,624000,2068375
104:streaming:mix_only,2026-01-09T08:00:00+00:00,mix_only,streaming,8800,8712,88,616,16761,8045,134095,565,183,af1be0081f7b98ca1173449f0f78d078783958cf54fac93c9e105df18f8effce,838050,670475,56500,206250,435800,1771275
104:batch:optimized,2026-01-09T08:00:00+00:00,optimized,batch,800,792,8,28,38250,24709,333200,940,591,c920a9acfa11008fbb6580b8c2180a29a5e24e29d1c302dc630d7daa05e7d17c,1912500,1666000,94000,18750,677050,3691250
104:interactive:optimized,2026-01-09T08:00:00+00:00,optimized,interactive,3600,3564,36,144,16800,10944,121600,240,295,56b7b1c1698b5aa41136d3a2c509a294eff293e59c9d6438d556b10871a1c1f1,840000,608000,24000,84375,292800,1556375
104:streaming:optimized,2026-01-09T08:00:00+00:00,optimized,streaming,8400,8316,84,588,15200,7296,128000,540,193,3c74f6841fb80719cb52aee2d8bd910d65df43fa55862c0853c80289e16bcbde,760000,640000,54000,196875,395200,1650875
105:batch:baseline,2026-01-09T09:00:00+00:00,baseline,batch,1000,990,10,50,52000,26520,408000,940,640,8c976220ce6a10dee4927261d75362f397d3f22bd20a9671a488940e02c488d1,2600000,2040000,94000,23809,1274000,4757809
105:interactive:baseline,2026-01-09T09:00:00+00:00,baseline,interactive,3000,2970,30,180,26000,13000,160000,220,200,dbaaf1f3b78374b7c53651a7c9882c092e85822b7db73e32c0c1ad2f205f0ab7,1300000,800000,22000,71429,650000,2193429
105:streaming:baseline,2026-01-09T09:00:00+00:00,baseline,streaming,8600,8514,86,430,20000,11000,96000,580,176,79c4852dbeb07338bf718bddf23b1dde0bc74cc26c01a8b11c6a480bbb27f8ef,1000000,480000,58000,204762,450000,1742762
105:batch:mix_only,2026-01-09T09:00:00+00:00,mix_only,batch,500,495,5,25,26000,13260,204000,470,640,fdd7464135965acc0e6bd552d06bb30a651c7faef76397ec6336e9029753220b,1300000,1020000,47000,11905,637000,2378905
105:interactive:mix_only,2026-01-09T09:00:00+00:00,mix_only,interactive,3000,2970,30,180,26000,13000,160000,220,200,0f55843e39db64b9b730f4afc767839212521b9b1508bc9b9717a4ba1ddd4791,1300000,800000,22000,71428,650000,2193428
105:streaming:mix_only,2026-01-09T09:00:00+00:00,mix_only,streaming,9100,9009,91,455,21162,11639,101581,613,176,2ace3d0c7570f0f0ec92f2576b8281a8e22a7bd9007c77bb61f0eb6aec275178,1058100,507905,61300,216667,476150,1843972
105:batch:optimized,2026-01-09T09:00:00+00:00,optimized,batch,1000,990,10,25,39000,25194,346800,940,610,8c976220ce6a10dee4927261d75362f397d3f22bd20a9671a488940e02c488d1,1950000,1734000,94000,23809,690300,3801809
105:interactive:optimized,2026-01-09T09:00:00+00:00,optimized,interactive,3000,2970,30,180,18200,12350,128000,220,295,dbaaf1f3b78374b7c53651a7c9882c092e85822b7db73e32c0c1ad2f205f0ab7,910000,640000,22000,71429,292500,1643429
105:streaming:optimized,2026-01-09T09:00:00+00:00,optimized,streaming,8600,8514,86,430,19000,10450,96000,580,186,79c4852dbeb07338bf718bddf23b1dde0bc74cc26c01a8b11c6a480bbb27f8ef,950000,480000,58000,204762,427500,1692762
106:batch:baseline,2026-01-09T10:00:00+00:00,baseline,batch,800,792,8,48,54000,30240,392000,960,625,ae81bfc64432b6b22394166dd1f2a3b59b0424b4ef68f5c17173e628e7372f33,2700000,1960000,96000,19048,1188000,4775048
106:interactive:baseline,2026-01-09T10:00:00+00:00,baseline,interactive,3400,3366,34,204,29000,14790,144000,220,199,a3168a6e64be41c4776a9f8081499264ea62f18a9ce7e0b81428ab6ec91589eb,1450000,720000,22000,80952,710500,2272952
106:streaming:baseline,2026-01-09T10:00:00+00:00,baseline,streaming,8400,8316,84,336,16000,8000,96000,540,171,db32c03c3ffeffec21554c0e5c9e980c36e5918389ae481b983bcb7d297dff7b,800000,480000,54000,200000,400000,1534000
106:batch:mix_only,2026-01-09T10:00:00+00:00,mix_only,batch,400,396,4,24,27000,15120,196000,480,625,b9019baf2fdeb49f747a82f233da7e9f75123d23d38d2be8a7a1113c1722412f,1350000,980000,48000,9524,594000,2387524
106:interactive:mix_only,2026-01-09T10:00:00+00:00,mix_only,interactive,3400,3366,34,204,29000,14790,144000,220,199,ab0658f7fe103b6ab71112aa7917e36d1527d441ae931193a8320a9c4d330c86,1450000,720000,22000,80952,710500,2272952
106:streaming:mix_only,2026-01-09T10:00:00+00:00,mix_only,streaming,8800,8712,88,352,16761,8380,100571,565,171,062612a94b621f9fd086540e76c88292f6603adce5333fa7146276c34556810a,838050,502855,56500,209524,419050,1606929
106:batch:optimized,2026-01-09T10:00:00+00:00,optimized,batch,800,792,8,24,40500,28728,333200,960,595,ae81bfc64432b6b22394166dd1f2a3b59b0424b4ef68f5c17173e628e7372f33,2025000,1666000,96000,19048,588600,3806048
106:interactive:optimized,2026-01-09T10:00:00+00:00,optimized,interactive,3400,3366,34,204,20300,14050,115200,220,294,a3168a6e64be41c4776a9f8081499264ea62f18a9ce7e0b81428ab6ec91589eb,1015000,576000,22000,80952,312500,1693952
106:streaming:optimized,2026-01-09T10:00:00+00:00,optimized,streaming,8400,8316,84,336,15200,7600,96000,540,181,db32c03c3ffeffec21554c0e5c9e980c36e5918389ae481b983bcb7d297dff7b,760000,480000,54000,200000,380000,1494000
107:batch:baseline,2026-01-09T11:00:00+00:00,baseline,batch,1400,1386,14,70,51000,26010,384000,980,636,3f1cb62c6495fdf4174bc294459a9a50ee0df44325274d6813127ff4f76905df,2550000,1920000,98000,30882,1249500,4598882
107:interactive:baseline,2026-01-09T11:00:00+00:00,baseline,interactive,3200,3168,32,128,30000,16800,136000,260,197,13a8d4bb2938e783d024e0cfc35949e1ecf6ea0b6b024fe1dc1ae898e0a6460e,1500000,680000,26000,70588,660000,2276588
107:streaming:baseline,2026-01-09T11:00:00+00:00,baseline,streaming,9000,8910,90,630,18000,8640,112000,540,179,3d4257379f33b1b82fe496d7c051a6ed7e998a0a6cdfba6583f2f0724541aa3e,900000,560000,54000,198530,468000,1712530
107:batch:mix_only,2026-01-09T11:00:00+00:00,mix_only,batch,700,693,7,35,25500,13005,192000,490,636,baff38a070c3053c1a895c3f078cff9842f89ceac2beba216d7d181a7555bbf7,1275000,960000,49000,15441,624750,2299441
107:interactive:mix_only,2026-01-09T11:00:00+00:00,mix_only,interactive,3200,3168,32,128,30000,16800,136000,260,197,7297c177f26cc9ddab8968d152a4598358679cf818194a34bb6471231219d98a,1500000,680000,26000,70588,660000,2276588
107:streaming:mix_only,2026-01-09T11:00:00+00:00,mix_only,streaming,9700,9603,97,679,19400,9312,120711,582,179,c859da2ff27bfed864831166f6ed8582f2862bb807e184ed17d52cf0b79d4e62,970000,603555,58200,213971,504400,1845726
107:batch:optimized,2026-01-09T11:00:00+00:00,optimized,batch,1400,1386,14,35,38250,24709,326400,980,606,3f1cb62c6495fdf4174bc294459a9a50ee0df44325274d6813127ff4f76905df,1912500,1632000,98000,30882,677050,3673382
107:interactive:optimized,2026-01-09T11:00:00+00:00,optimized,interactive,3200,3168,32,128,21000,15960,108800,260,292,13a8d4bb2938e783d024e0cfc35949e1ecf6ea0b6b024fe1dc1ae898e0a6460e,1050000,544000,26000,70588,252000,1690588
107:streaming:optimized,2026-01-09T11:00:00+00:00,optimized,streaming,9000,8910,90,630,17100,8208,112000,540,189,3d4257379f33b1b82fe496d7c051a6ed7e998a0a6cdfba6583f2f0724541aa3e,855000,560000,54000,198530,444600,1667530
108:batch:baseline,2026-01-09T12:00:00+00:00,baseline,batch,1200,1188,12,84,55000,30800,408000,940,620,84940a3a804915cf9b21e7da81a0315833fc3eeab7ea64193295834e00fe6728,2750000,2040000,94000,29032,1210000,4913032
108:interactive:baseline,2026-01-09T12:00:00+00:00,baseline,interactive,3000,2970,30,210,29000,16530,144000,280,192,e87656ad9d915a40e9b3995662f0c48d94bc702ce065f2d4bd7001e09b195e63,1450000,720000,28000,72581,623500,2270581
108:streaming:baseline,2026-01-09T12:00:00+00:00,baseline,streaming,8200,8118,82,492,17000,9010,120000,520,175,c1c3bfdef1e53b6abe6f4b5e646fceae2b4200bcc48ad8f8a9d8e452939d33dd,850000,600000,52000,198387,399500,1700387
108:batch:mix_only,2026-01-09T12:00:00+00:00,mix_only,batch,600,594,6,42,27500,15400,204000,470,620,6559346e95bbd59be6d8593aa4e9c0b754256dbfcd44d2e57406f7915c0beb70,1375000,1020000,47000,14516,605000,2456516
108:interactive:mix_only,2026-01-09T12:00:00+00:00,mix_only,interactive,3000,2970,30,210,29000,16530,144000,280,192,c3af6e3621a98303e4e3da4a4e14aa690939cdc10f304660faed5296538da753,1450000,720000,28000,72581,623500,2270581
108:streaming:mix_only,2026-01-09T12:00:00+00:00,mix_only,streaming,8800,8712,88,528,18243,9669,128780,558,175,892362309c1446c5814e613d7744ad23e029e47dfd826525824525c6b57e5d17,912150,643900,55800,212903,428700,1824753
108:batch:optimized,2026-01-09T12:00:00+00:00,optimized,batch,1200,1188,12,42,41250,29260,346800,940,590,84940a3a804915cf9b21e7da81a0315833fc3eeab7ea64193295834e00fe6728,2062500,1734000,94000,29032,599500,3919532
108:interactive:optimized,2026-01-09T12:00:00+00:00,optimized,interactive,3000,2970,30,210,20300,15703,115200,280,287,e87656ad9d915a40e9b3995662f0c48d94bc702ce065f2d4bd7001e09b195e63,1015000,576000,28000,72581,229850,1691581
108:streaming:optimized,2026-01-09T12:00:00+00:00,optimized,streaming,8200,8118,82,492,16150,8559,120000,520,185,c1c3bfdef1e53b6abe6f4b5e646fceae2b4200bcc48ad8f8a9d8e452939d33dd,807500,600000,52000,198387,379550,1657887
109:batch:baseline,2026-01-09T13:00:00+00:00,baseline,batch,1200,1188,12,60,49000,27440,416000,900,629,079d0f5edb6710bec26a8f670e47b2e0aff8e8b7bd88f0a9f63e11c35b62fe33,2450000,2080000,90000,27273,1078000,4647273
109:interactive:baseline,2026-01-09T13:00:00+00:00,baseline,interactive,3400,3366,34,204,30000,14700,152000,240,196,e82ad1c5d993f3a0bdb3ce947d786b4ad6e2aa12072443a5237ce2878d763cef,1500000,760000,24000,77273,765000,2361273
109:streaming:baseline,2026-01-09T13:00:00+00:00,baseline,streaming,8600,8514,86,344,18000,9900,128000,540,185,398ba2e8ff1d4843c70254481dd9c5956e27eb858aca8dd2c95592fe976c4150,900000,640000,54000,195454,405000,1789454
109:batch:mix_only,2026-01-09T13:00:00+00:00,mix_only,batch,600,594,6,30,24500,13720,208000,450,629,4dad79d4522ceda1ea78594735bc65881f4c87a94d65aa6326c1aed52156972a,1225000,1040000,45000,13636,539000,2323636
109:interactive:mix_only,2026-01-09T13:00:00+00:00,mix_only,interactive,3400,3366,34,204,30000,14700,152000,240,196,deca9029ada4b63756d3509b214361db10e102f1d5cbdb5abbc8908a3f6cf945,1500000,760000,24000,77273,765000,2361273
109:streaming:mix_only,2026-01-09T13:00:00+00:00,mix_only,streaming,9200,9108,92,368,19255,10590,136930,577,185,bc4a51ddc2a214f004800a0aba5068df7a3dc650645b36f84bb3907737c76f72,962750,684650,57700,209091,433250,1914191
109:batch:optimized,2026-01-09T13:00:00+00:00,optimized,batch,1200,1188,12,30,36750,26068,353600,900,599,079d0f5edb6710bec26a8f670e47b2e0aff8e8b7bd88f0a9f63e11c35b62fe33,1837500,1768000,90000,27273,534100,3722773
109:interactive:optimized,2026-01-09T13:00:00+00:00,optimized,interactive,3400,3366,34,204,21000,13965,121600,240,291,e82ad1c5d993f3a0bdb3ce947d786b4ad6e2aa12072443a5237ce2878d763cef,1050000,608000,24000,77273,351750,1759273
109:streaming:optimized,2026-01-09T13:00:00+00:00,optimized,streaming,8600,8514,86,344,17100,9405,128000,540,195,398ba2e8ff1d4843c70254481dd9c5956e27eb858aca8dd2c95592fe976c4150,855000,640000,54000,195454,384750,1744454
110:batch:baseline,2026-01-09T14:00:00+00:00,baseline,batch,1000,990,10,50,51000,27540,392000,900,624,f9bb77164e3ff12e50e1af14ff4f40d70e038cc1cb4e1fa3839cd078808deddf,2550000,1960000,90000,23810,1173000,4623810
110:interactive:baseline,2026-01-09T14:00:00+00:00,baseline,interactive,3200,3168,32,224,26000,13780,152000,260,195,cb651b4e07771df44e3c1d98ec42f9b7ed01b2819e4120aa8f555e243ab8bd0e,1300000,760000,26000,76190,611000,2162190
110:streaming:baseline,2026-01-09T14:00:00+00:00,baseline,streaming,8400,8316,84,336,18000,9180,112000,560,170,d5950bf266c8a78086e23390af238fdf578bd06acc6d1d42f94d15d14e8824b8,900000,560000,56000,200000,441000,1716000
110:batch:mix_only,2026-01-09T14:00:00+00:00,mix_only,batch,500,495,5,25,25500,13770,196000,450,624,da0eef2339392e09524ffe6330e4b84ce2007256b07387fb5d977af982d2a37f,1275000,980000,45000,11905,586500,2311905
110:interactive:mix_only,2026-01-09T14:00:00+00:00,mix_only,interactive,3200,3168,32,224,26000,13780,152000,260,195,0b61cfeafe60472a8ee0cca559a18b12a6b5587b5a0a7da0af857515e15dce56,1300000,760000,26000,76190,611000,2162190
110:streaming:mix_only,2026-01-09T14:00:00+00:00,mix_only,streaming,8900,8811,89,356,19071,9726,118666,593,170,1b8b8b42caf6d438e7efe8a493a170ea5dd715107de1f374d275fc15aba54c96,953550,593330,59300,211905,467250,1818085
110:batch:optimized,2026-01-09T14:00:00+00:00,optimized,batch,1000,990,10,25,38250,26163,333200,900,594,f9bb77164e3ff12e50e1af14ff4f40d70e038cc1cb4e1fa3839cd078808deddf,1912500,1666000,90000,23810,604350,3692310
110:interactive:optimized,2026-01-09T14:00:00+00:00,optimized,interactive,3200,3168,32,224,18200,13091,121600,260,290,cb651b4e07771df44e3c1d98ec42f9b7ed01b2819e4120aa8f555e243ab8bd0e,910000,608000,26000,76190,255450,1620190
110:streaming:optimized,2026-01-09T14:00:00+00:00,optimized,streaming,8400,8316,84,336,17100,8721,112000,560,180,d5950bf266c8a78086e23390af238fdf578bd06acc6d1d42f94d15d14e8824b8,855000,560000,56000,200000,418950,1671000
111:batch:baseline,2026-01-09T15:00:00+00:00,baseline,batch,800,792,8,32,52000,26520,384000,920,639,2bc966f08ae5d35471ce3658669ea83d888e3aaa51f0045b452a06242ee602ca,2600000,1920000,92000,17647,1274000,4629647
111:interactive:baseline,2026-01-09T15:00:00+00:00,baseline,interactive,4000,3960,40,160,30000,15000,152000,260,205,3c71c5dffd81953b4a253b1d0687e7d0a036635667009db5e94fd8f9848e8b3b,1500000,760000,26000,88235,750000,2374235
111:streaming:baseline,2026-01-09T15:00:00+00:00,baseline,streaming,8800,8712,88,528,23000,11730,104000,580,173,278e15090fe40327ae5c4d5a2f3a64e66b1b27af5654cfde1d6dfc467a98a27e,1150000,520000,58000,194118,563500,1922118
111:batch:mix_only,2026-01-09T15:00:00+00:00,mix_only,batch,400,396,4,16,26000,13260,192000,460,639,a306ccca5529f74b3a85aea0386d03a64f4371c8cbee4e9ccd7bd1f3bf656cb0,1300000,960000,46000,8824,637000,2314824
111:interactive:mix_only,2026-01-09T15:00:00+00:00,mix_only,interactive,4000,3960,40,160,30000,15000,152000,260,205,1535e54cb0cdb9bdf66bdd1696df9e0bbb57ffb9d185503b423fc20836355390,1500000,760000,26000,88235,750000,2374235
111:streaming:mix_only,2026-01-09T15:00:00+00:00,mix_only,streaming,9200,9108,92,552,24045,12263,108727,606,173,aa18947e5f90b37501187466346f7c85a77b5a8bc7195c87c283bab2bb6258e7,1202250,543635,60600,202941,589100,2009426
111:batch:optimized,2026-01-09T15:00:00+00:00,optimized,batch,800,792,8,16,39000,25194,326400,920,609,2bc966f08ae5d35471ce3658669ea83d888e3aaa51f0045b452a06242ee602ca,1950000,1632000,92000,17647,690300,3691647
111:interactive:optimized,2026-01-09T15:00:00+00:00,optimized,interactive,4000,3960,40,160,21000,14250,121600,260,300,3c71c5dffd81953b4a253b1d0687e7d0a036635667009db5e94fd8f9848e8b3b,1050000,608000,26000,88235,337500,1772235
111:streaming:optimized,2026-01-09T15:00:00+00:00,optimized,streaming,8800,8712,88,528,21850,11143,104000,580,183,278e15090fe40327ae5c4d5a2f3a64e66b1b27af5654cfde1d6dfc467a98a27e,1092500,520000,58000,194118,535350,1864618
112:batch:baseline,2026-01-09T16:00:00+00:00,baseline,batch,800,792,8,56,49000,26460,416000,900,620,fe9609563dcc64021ef972132b1ac9e3d02876c45c7b34db7ace36df13f4a8cd,2450000,2080000,90000,17647,1127000,4637647
112:interactive:baseline,2026-01-09T16:00:00+00:00,baseline,interactive,4000,3960,40,240,24000,13680,152000,220,196,4d968ce075ce439f2590a6eacbe157c3ec372f0fc7027417300f2a961df11683,1200000,760000,22000,88235,516000,2070235
112:streaming:baseline,2026-01-09T16:00:00+00:00,baseline,streaming,8800,8712,88,616,17000,9690,120000,580,188,8776f3d746ed8d105c344dbd2d422a56685e09700ed6331323421087752baa06,850000,600000,58000,194118,365500,1702118
112:batch:mix_only,2026-01-09T16:00:00+00:00,mix_only,batch,400,396,4,28,24500,13230,208000,450,620,31acb3383d3362fef1b0e72cfa930628a23585105bf8572e88090b97ba16579e,1225000,1040000,45000,8824,563500,2318824
112:interactive:mix_only,2026-01-09T16:00:00+00:00,mix_only,interactive,4000,3960,40,240,24000,13680,152000,220,196,a9d3a6da7373cb3d69bb89d8a342598103720c87286c6d0132dcd2a7aaa12056,1200000,760000,22000,88235,516000,2070235
112:streaming:mix_only,2026-01-09T16:00:00+00:00,mix_only,streaming,9200,9108,92,644,17772,10130,125454,606,188,c578a48bc2b000fdc1db31fc49736f944032ce2443eac7665d0203549043755d,888600,627270,60600,202941,382100,1779411
112:batch:optimized,2026-01-09T16:00:00+00:00,optimized,batch,800,792,8,28,36750,25137,353600,900,590,fe9609563dcc64021ef972132b1ac9e3d02876c45c7b34db7ace36df13f4a8cd,1837500,1768000,90000,17647,580650,3713147
112:interactive:optimized,2026-01-09T16:00:00+00:00,optimized,interactive,4000,3960,40,240,16800,12996,121600,220,291,4d968ce075ce439f2590a6eacbe157c3ec372f0fc7027417300f2a961df11683,840000,608000,22000,88235,190200,1558235
112:streaming:optimized,2026-01-09T16:00:00+00:00,optimized,streaming,8800,8712,88,616,16150,9205,120000,580,198,8776f3d746ed8d105c344dbd2d422a56685e09700ed6331323421087752baa06,807500,600000,58000,194118,347250,1659618
113:batch:baseline,2026-01-09T17:00:00+00:00,baseline,batch,800,792,8,40,55000,26400,408000,960,636,adba3cbf4395f0ea8240f61bc087ab2a2b187369d62c8ee342ce993a048f96ff,2750000,2040000,96000,19355,1430000,4905355
113:interactive:baseline,2026-01-09T17:00:00+00:00,baseline,interactive,3400,3366,34,170,29000,14790,144000,200,189,29776fa4c96a054deffef6456f28de71cc9adf71433b56c08a598bad536c5fa6,1450000,720000,20000,82258,710500,2272258
113:streaming:baseline,2026-01-09T17:00:00+00:00,baseline,streaming,8200,8118,82,492,18000,9180,112000,520,175,be5c7173527637154c9672ea01c8c038fb58b2bf42caa45b0724483d5895b7c7,900000,560000,52000,198387,441000,1710387
113:batch:mix_only,2026-01-09T17:00:00+00:00,mix_only,batch,400,396,4,20,27500,13200,204000,480,636,3c1d07364c987dc3867dea243b64b6e8072ef7e588e91f0aa0c6e0511aa5a088,1375000,1020000,48000,9677,715000,2452677
113:interactive:mix_only,2026-01-09T17:00:00+00:00,mix_only,interactive,3400,3366,34,170,29000,14790,144000,200,189,3bf5c21cc1c4a503953e92ed32139fc08fa7c1ff2c7eef98dc691d44b8309ed0,1450000,720000,20000,82258,710500,2272258
113:streaming:mix_only,2026-01-09T17:00:00+00:00,mix_only,streaming,8600,8514,86,516,18878,9627,117463,545,175,1a1d20c89bce06897a4152933b1d36b6ac291e783338353bd0a2c9bd7091483c,943900,587315,54500,208065,462550,1793780
113:batch:optimized,2026-01-09T17:00:00+00:00,optimized,batch,800,792,8,20,41250,25080,346800,960,606,adba3cbf4395f0ea8240f61bc087ab2a2b187369d62c8ee342ce993a048f96ff,2062500,1734000,96000,19355,808500,3911855
113:interactive:optimized,2026-01-09T17:00:00+00:00,optimized,interactive,3400,3366,34,170,20300,14050,115200,200,284,29776fa4c96a054deffef6456f28de71cc9adf71433b56c08a598bad536c5fa6,1015000,576000,20000,82258,312500,1693258
113:streaming:optimized,2026-01-09T17:00:00+00:00,optimized,streaming,8200,8118,82,492,17100,8721,112000,520,185,be5c7173527637154c9672ea01c8c038fb58b2bf42caa45b0724483d5895b7c7,855000,560000,52000,198387,418950,1665387
114:batch:baseline,2026-01-09T18:00:00+00:00,baseline,batch,1200,1188,12,60,54000,30240,384000,940,628,ee4c0e68d590f7cf8a930f128773c7eb8e1a2757cf8ee1b2e78c780a68505285,2700000,1920000,94000,27273,1188000,4741273
114:interactive:baseline,2026-01-09T18:00:00+00:00,baseline,interactive,3200,3168,32,192,25000,13750,144000,240,189,e3e3eee5ac1b24637bec0cdef30e8ce5783c39ac1be4b2c9c09c90e93a59dc22,1250000,720000,24000,72727,562500,2066727
114:streaming:baseline,2026-01-09T18:00:00+00:00,baseline,streaming,8800,8712,88,440,21000,10080,120000,560,182,01aab09999e1ae9b427b1c2daf36dfd3ae03bbce4391ed0b2d289fb7bac58b4d,1050000,600000,56000,200000,546000,1906000
114:batch:mix_only,2026-01-09T18:00:00+00:00,mix_only,batch,600,594,6,30,27000,15120,192000,470,628,b242c62c3f377ad82a649655ea53157b9cf3268ce4da02aeb290c0fac4aaf9c0,1350000,960000,47000,13637,594000,2370637
114:interactive:mix_only,2026-01-09T18:00:00+00:00,mix_only,interactive,3200,3168,32,192,25000,13750,144000,240,189,c278a4303636dc610c6e71ba15550894fa8990cc6097fb9177b08d1986c3f06d,1250000,720000,24000,72727,562500,2066727
114:streaming:mix_only,2026-01-09T18:00:00+00:00,mix_only,streaming,9400,9306,94,470,22431,10767,128181,598,182,1a688ae00b29e0b467cba8769aa1306aac331c2365d9b85de2df8dd716b0c433,1121550,640905,59800,213636,583200,2035891
114:batch:optimized,2026-01-09T18:00:00+00:00,optimized,batch,1200,1188,12,30,40500,28728,326400,940,598,ee4c0e68d590f7cf8a930f128773c7eb8e1a2757cf8ee1b2e78c780a68505285,2025000,1632000,94000,27273,588600,3778273
114:interactive:optimized,2026-01-09T18:00:00+00:00,optimized,interactive,3200,3168,32,192,17500,13062,115200,240,284,e3e3eee5ac1b24637bec0cdef30e8ce5783c39ac1be4b2c9c09c90e93a59dc22,875000,576000,24000,72727,221900,1547727
114:streaming:optimized,2026-01-09T18:00:00+00:00,optimized,streaming,8800,8712,88,440,19950,9576,120000,560,192,01aab09999e1ae9b427b1c2daf36dfd3ae03bbce4391ed0b2d289fb7bac58b4d,997500,600000,56000,200000,518700,1853500
115:batch:baseline,2026-01-09T19:00:00+00:00,baseline,batch,1200,1188,12,72,54000,30780,408000,980,623,c58ba9e673f5bbdf648869cb94c24c122d576c454be15391aacb1c054888ff82,2700000,2040000,98000,27273,1161000,4865273
115:interactive:baseline,2026-01-09T19:00:00+00:00,baseline,interactive,3600,3564,36,144,29000,15660,160000,260,189,57819e6b27f4a54515fc456b502ce508f415863bb6b56bb85c29e555f3ef67fa,1450000,800000,26000,81818,667000,2357818
115:streaming:baseline,2026-01-09T19:00:00+00:00,baseline,streaming,8400,8316,84,420,20000,11200,128000,520,187,86fc44f30fb5de8330679ea39fe5d7249db81c778da702678d5c4481c27c79bb,1000000,640000,52000,190909,440000,1882909
115:batch:mix_only,2026-01-09T19:00:00+00:00,mix_only,batch,600,594,6,36,27000,15390,204000,490,623,209089f112f1ca1290533207e825c67d8171d3ceba0c1a6670b940d5cff8603b,1350000,1020000,49000,13636,580500,2432636
115:interactive:mix_only,2026-01-09T19:00:00+00:00,mix_only,interactive,3600,3564,36,144,29000,15660,160000,260,189,63f1e6f4f7897b2c7145df28e6405a3766cc49eb4465886f554d8a15642b8332,1450000,800000,26000,81818,667000,2357818
115:streaming:mix_only,2026-01-09T19:00:00+00:00,mix_only,streaming,9000,8910,90,450,21428,12000,137142,557,187,d275ed0cd1e3b1c999c380031529a4bfab82827f755196ecaf998ed9870646ab,1071400,685710,55700,204546,471400,2017356
115:batch:optimized,2026-01-09T19:00:00+00:00,optimized,batch,1200,1188,12,36,40500,29241,346800,980,593,c58ba9e673f5bbdf648869cb94c24c122d576c454be15391aacb1c054888ff82,2025000,1734000,98000,27273,562950,3884273
115:interactive:optimized,2026-01-09T19:00:00+00:00,optimized,interactive,3600,3564,36,144,20300,14877,128000,260,284,57819e6b27f4a54515fc456b502ce508f415863bb6b56bb85c29e555f3ef67fa,1015000,640000,26000,81818,271150,1762818
115:streaming:optimized,2026-01-09T19:00:00+00:00,optimized,streaming,8400,8316,84,420,19000,10640,128000,520,197,86fc44f30fb5de8330679ea39fe5d7249db81c778da702678d5c4481c27c79bb,950000,640000,52000,190909,418000,1832909
116:batch:baseline,2026-01-09T20:00:00+00:00,baseline,batch,1400,1386,14,98,54000,30240,416000,900,629,c3f3e2a8d00cbbb720834f03d0c619fdc5af4560788a5eae823b8dc84c79cec1,2700000,2080000,90000,31818,1188000,4901818
116:interactive:baseline,2026-01-09T20:00:00+00:00,baseline,interactive,3600,3564,36,180,31000,17360,144000,240,185,fdb4ff2ca5267e66f70a1eb2cff3713bba5001688bdee18de9fa027732c4939e,1550000,720000,24000,81818,682000,2375818
116:streaming:baseline,2026-01-09T20:00:00+00:00,baseline,streaming,8200,8118,82,410,21000,12180,112000,580,183,7fd7b684578861f5398d76b38409cc5bc9b1f0d9f51fc62e8681c3d94e1792e9,1050000,560000,58000,186364,441000,1854364
116:batch:mix_only,2026-01-09T20:00:00+00:00,mix_only,batch,700,693,7,49,27000,15120,208000,450,629,25e4b9379ac18ab5fc9112b90d25ed24d12cb3117adae28beae9eb55932a439e,1350000,1040000,45000,15909,594000,2450909
116:interactive:mix_only,2026-01-09T20:00:00+00:00,mix_only,interactive,3600,3564,36,180,31000,17360,144000,240,185,54cc7d3725994edb4cba5798e062b3469be536dc865956fa84a2db626f3fc7dc,1550000,720000,24000,81818,682000,2375818
116:streaming:mix_only,2026-01-09T20:00:00+00:00,mix_only,streaming,8900,8811,89,445,22792,13219,121560,629,183,c6484103cad79d16cba2f7993c38f5d4bc97366f5932fa8f605c28d6f9df2e92,1139600,607800,62900,202273,478650,2012573
116:batch:optimized,2026-01-09T20:00:00+00:00,optimized,batch,1400,1386,14,49,40500,28728,353600,900,599,c3f3e2a8d00cbbb720834f03d0c619fdc5af4560788a5eae823b8dc84c79cec1,2025000,1768000,90000,31818,588600,3914818
116:interactive:optimized,2026-01-09T20:00:00+00:00,optimized,interactive,3600,3564,36,180,21700,16492,115200,240,280,fdb4ff2ca5267e66f70a1eb2cff3713bba5001688bdee18de9fa027732c4939e,1085000,576000,24000,81818,260400,1766818
116:streaming:optimized,2026-01-09T20:00:00+00:00,optimized,streaming,8200,8118,82,410,19950,11571,112000,580,193,7fd7b684578861f5398d76b38409cc5bc9b1f0d9f51fc62e8681c3d94e1792e9,997500,560000,58000,186364,418950,1801864
117:batch:baseline,2026-01-09T21:00:00+00:00,baseline,batch,800,792,8,48,56000,28000,416000,960,637,3d9d17fd2f73c59d06093203cc1054a7b9962d8f46baf4fbe2c91418dc58d8e4,2800000,2080000,96000,18750,1400000,4994750
117:interactive:baseline,2026-01-09T21:00:00+00:00,baseline,interactive,3800,3762,38,190,32000,16960,128000,240,195,ac9c64d4f972ffb80069c526cc326cfeb8eb0ff5efaaf1e8242e06021d58a827,1600000,640000,24000,89063,752000,2353063
117:streaming:baseline,2026-01-09T21:00:00+00:00,baseline,streaming,8200,8118,82,410,24000,12240,120000,580,173,f821861b9e147ba817fa996b22b35fa57aca94499a0ce834161b878f0d931121,1200000,600000,58000,192187,588000,2050187
117:batch:mix_only,2026-01-09T21:00:00+00:00,mix_only,batch,400,396,4,24,28000,14000,208000,480,637,5f59a638b4d67ac5b7f8b3dad0083d396afd7a8ccd99e538935c090a9cdf36be,1400000,1040000,48000,9375,700000,2497375
117:interactive:mix_only,2026-01-09T21:00:00+00:00,mix_only,interactive,3800,3762,38,190,32000,16960,128000,240,195,ac2ea86cd006724c742ea13847e0bb4505b06ef388ea1ad67eaedddb4373f202,1600000,640000,24000,89063,752000,2353063
117:streaming:mix_only,2026-01-09T21:00:00+00:00,mix_only,streaming,8600,8514,86,430,25170,12837,125853,608,173,5b79210ad9f97b0aa68187f595bf756876e34b72f69d25066b91bd42159c98d7,1258500,629265,60800,201562,616650,2150127
117:batch:optimized,2026-01-09T21:00:00+00:00,optimized,batch,800,792,8,24,42000,26600,353600,960,607,3d9d17fd2f73c59d06093203cc1054a7b9962d8f46baf4fbe2c91418dc58d8e4,2100000,1768000,96000,18750,770000,3982750
117:interactive:optimized,2026-01-09T21:00:00+00:00,optimized,interactive,3800,3762,38,190,22400,16112,102400,240,290,ac9c64d4f972ffb80069c526cc326cfeb8eb0ff5efaaf1e8242e06021d58a827,1120000,512000,24000,89063,314400,1745063
117:streaming:optimized,2026-01-09T21:00:00+00:00,optimized,streaming,8200,8118,82,410,22800,11628,120000,580,183,f821861b9e147ba817fa996b22b35fa57aca94499a0ce834161b878f0d931121,1140000,600000,58000,192187,558600,1990187
118:batch:baseline,2026-01-09T22:00:00+00:00,baseline,batch,1000,990,10,70,51000,24480,392000,960,627,13efd03c391c2a6a85d49ec26bb87fa23257b1f74556a0b7ad68e98daef9e556,2550000,1960000,96000,23810,1326000,4629810
118:interactive:baseline,2026-01-09T22:00:00+00:00,baseline,interactive,3200,3168,32,192,24000,13920,136000,260,187,abfbd9892cd13b20e64fb0884bb88f8b6742299693e9d0a7129f56b7efa90f03,1200000,680000,26000,76190,504000,1982190
118:streaming:baseline,2026-01-09T22:00:00+00:00,baseline,streaming,8400,8316,84,588,24000,12720,104000,580,174,554b76068cd4d23decc3352ba85363a86667676c6e1a762cbbfd023dc62b69ec,1200000,520000,58000,200000,564000,1978000
118:batch:mix_only,2026-01-09T22:00:00+00:00,mix_only,batch,500,495,5,35,25500,12240,196000,480,627,b09bebc752fd340934e005a0c54831740a8f6bfa562a302b8a288fa7492c916a,1275000,980000,48000,11905,663000,2314905
118:interactive:mix_only,2026-01-09T22:00:00+00:00,mix_only,interactive,3200,3168,32,192,24000,13920,136000,260,187,8aab2874f2f08375af0a3f28a0c48c29dd7d682fb94ec1418dc68a013c08f85c,1200000,680000,26000,76190,504000,1982190
118:streaming:mix_only,2026-01-09T22:00:00+00:00,mix_only,streaming,8900,8811,89,623,25428,13477,110190,614,174,68197aabbcfd226dabc9680a669140df802670e5394c12f1cda421f47f1650e0,1271400,550950,61400,211905,597550,2095655
118:batch:optimized,2026-01-09T22:00:00+00:00,optimized,batch,1000,990,10,35,38250,23256,333200,960,597,13efd03c391c2a6a85d49ec26bb87fa23257b1f74556a0b7ad68e98daef9e556,1912500,1666000,96000,23810,749700,3698310
118:interactive:optimized,2026-01-09T22:00:00+00:00,optimized,interactive,3200,3168,32,192,16800,13224,108800,260,282,abfbd9892cd13b20e64fb0884bb88f8b6742299693e9d0a7129f56b7efa90f03,840000,544000,26000,76190,178800,1486190
118:streaming:optimized,2026-01-09T22:00:00+00:00,optimized,streaming,8400,8316,84,588,22800,12084,104000,580,184,554b76068cd4d23decc3352ba85363a86667676c6e1a762cbbfd023dc62b69ec,1140000,520000,58000,200000,535800,1918000
119:batch:baseline,2026-01-09T23:00:00+00:00,baseline,batch,1400,1386,14,56,51000,26010,400000,920,630,695b9a627344581d7f0231445e9717b7a3a1604885ed11cd070adf8468b88956,2550000,2000000,92000,32308,1249500,4674308
119:interactive:baseline,2026-01-09T23:00:00+00:00,baseline,interactive,3400,3366,34,204,28000,14560,160000,220,190,3f1da0ecdfe24ee7cd931ba5483bec893a628e062a1e93bdab0d8c00edc57d7b,1400000,800000,22000,78461,672000,2300461
119:streaming:baseline,2026-01-09T23:00:00+00:00,baseline,streaming,8200,8118,82,574,16000,8160,96000,540,187,ad8437e1a992ce3c9540fb1347580ef560bdb9a6a01eece8e7d180cc633842c5,800000,480000,54000,189231,392000,1523231
119:batch:mix_only,2026-01-09T23:00:00+00:00,mix_only,batch,700,693,7,28,25500,13005,200000,460,630,c632837dd008353bbbfad0686a47cc0779d26c8d84ce60d756a9f5e1e72dc2de,1275000,1000000,46000,16154,624750,2337154
119:interactive:mix_only,2026-01-09T23:00:00+00:00,mix_only,interactive,3400,3366,34,204,28000,14560,160000,220,190,33649303ae18cf76bda961cc4d1bebe73a202e895c0e2ee415efe6207f9deca8,1400000,800000,22000,78461,672000,2300461
119:streaming:mix_only,2026-01-09T23:00:00+00:00,mix_only,streaming,8900,8811,89,623,17365,8856,104195,586,187,8744e961441e2b17c811281e9131fcbcc48206511c04521abd670f5e79be32fe,868250,520975,58600,205385,425450,1653210
119:batch:optimized,2026-01-09T23:00:00+00:00,optimized,batch,1400,1386,14,28,38250,24709,340000,920,600,695b9a627344581d7f0231445e9717b7a3a1604885ed11cd070adf8468b88956,1912500,1700000,92000,32308,677050,3736808
119:interactive:optimized,2026-01-09T23:00:00+00:00,optimized,interactive,3400,3366,34,204,19600,13832,128000,220,285,3f1da0ecdfe24ee7cd931ba5483bec893a628e062a1e93bdab0d8c00edc57d7b,980000,640000,22000,78461,288400,1720461
119:streaming:optimized,2026-01-09T23:00:00+00:00,optimized,streaming,8200,8118,82,574,15200,7752,96000,540,197,ad8437e1a992ce3c9540fb1347580ef560bdb9a6a01eece8e7d180cc633842c5,760000,480000,54000,189231,372400,1483231
120:batch:baseline,2026-01-10T00:00:00+00:00,baseline,batch,1000,990,10,70,49000,24010,408000,920,634,67fa7963147a4722cff9d428e50f8f656c050cd6965c211839e80d4c7c31cf84,2450000,2040000,92000,23077,1249500,4605077
120:interactive:baseline,2026-01-10T00:00:00+00:00,baseline,interactive,3000,2970,30,150,32000,16000,144000,260,200,329dea60f07edc564ba485d574ce543f70bf9206fe374ec5f00d17029ea2d7f1,1600000,720000,26000,69231,800000,2415231
120:streaming:baseline,2026-01-10T00:00:00+00:00,baseline,streaming,9000,8910,90,630,21000,11130,128000,540,172,ddcd40b05eb8b07ac3a33fc1db908d3bd9b28ae6842b131c3998fbbefe24a1fa,1050000,640000,54000,207692,493500,1951692
120:batch:mix_only,2026-01-10T00:00:00+00:00,mix_only,batch,500,495,5,35,24500,12005,204000,460,634,9464edf0830cbf4eb780ec457a049f5cebf11202dc1c401db4125527e416c1c1,1225000,1020000,46000,11538,624750,2302538
120:interactive:mix_only,2026-01-10T00:00:00+00:00,mix_only,interactive,3000,2970,30,150,32000,16000,144000,260,200,2ca9b74e5d3c4b95031f5a184cb297288659fd6d7d6ccc19dde2a07f834557d5,1600000,720000,26000,69231,800000,2415231
120:streaming:mix_only,2026-01-10T00:00:00+00:00,mix_only,streaming,9500,9405,95,665,22166,11748,135111,570,172,22d3b7d402325cb697503319e02b36f8490b14e14e70882bd70c179d3f3eab8f,1108300,675555,57000,219231,520900,2060086
120:batch:optimized,2026-01-10T00:00:00+00:00,optimized,batch,1000,990,10,35,36750,22809,346800,920,604,67fa7963147a4722cff9d428e50f8f656c050cd6965c211839e80d4c7c31cf84,1837500,1734000,92000,23077,697050,3686577
120:interactive:optimized,2026-01-10T00:00:00+00:00,optimized,interactive,3000,2970,30,150,22400,15200,115200,260,295,329dea60f07edc564ba485d574ce543f70bf9206fe374ec5f00d17029ea2d7f1,1120000,576000,26000,69231,360000,1791231
120:streaming:optimized,2026-01-10T00:00:00+00:00,optimized,streaming,9000,8910,90,630,19950,10573,128000,540,182,ddcd40b05eb8b07ac3a33fc1db908d3bd9b28ae6842b131c3998fbbefe24a1fa,997500,640000,54000,207692,468850,1899192
121:batch:baseline,2026-01-10T01:00:00+00:00,baseline,batch,1200,1188,12,60,53000,25970,384000,940,629,6f0ea98ad9eab6d7c918e5ef087a40e31ca108361998ce5d12b2b085d5e1ec33,2650000,1920000,94000,26866,1351500,4690866
121:interactive:baseline,2026-01-10T01:00:00+00:00,baseline,interactive,3200,3168,32,192,25000,13750,144000,240,187,aaee23dc9c88de9ba34edb7763ab5d3f723f2fe8cda3cbece8aaca909c5d4272,1250000,720000,24000,71642,562500,2065642
121:streaming:baseline,2026-01-10T01:00:00+00:00,baseline,streaming,9000,8910,90,630,19000,9310,128000,540,172,c6decde86ca17ec342812bf9884a500c36e0fa1c7dd4b91719ffd85b5438fcaf,950000,640000,54000,201492,484500,1845492
121:batch:mix_only,2026-01-10T01:00:00+00:00,mix_only,batch,600,594,6,30,26500,12985,192000,470,629,33287e956b95a654455621fe4fd5de6ff5f6d5d98d7175eb383d550df5e026de,1325000,960000,47000,13433,675750,2345433
121:interactive:mix_only,2026-01-10T01:00:00+00:00,mix_only,interactive,3200,3168,32,192,25000,13750,144000,240,187,54951be6c090cb8774b4eb989a9d824d4b739fd624f282d9b82ed24cdbb95906,1250000,720000,24000,71642,562500,2065642
121:streaming:mix_only,2026-01-10T01:00:00+00:00,mix_only,streaming,9600,9504,96,672,20266,9930,136533,576,172,056d4f0cf3b15341255530985fadd2d648d23282a88907bc8711a7a0caaff310,1013300,682665,57600,214925,516800,1968490
121:batch:optimized,2026-01-10T01:00:00+00:00,optimized,batch,1200,1188,12,30,39750,24671,326400,940,599,6f0ea98ad9eab6d7c918e5ef087a40e31ca108361998ce5d12b2b085d5e1ec33,1987500,1632000,94000,26866,753950,3740366
121:interactive:optimized,2026-01-10T01:00:00+00:00,optimized,interactive,3200,3168,32,192,17500,13062,115200,240,282,aaee23dc9c88de9ba34edb7763ab5d3f723f2fe8cda3cbece8aaca909c5d4272,875000,576000,24000,71642,221900,1546642
121:streaming:optimized,2026-01-10T01:00:00+00:00,optimized,streaming,9000,8910,90,630,18050,8844,128000,540,182,c6decde86ca17ec342812bf9884a500c36e0fa1c7dd4b91719ffd85b5438fcaf,902500,640000,54000,201492,460300,1797992
122:batch:baseline,2026-01-10T02:00:00+00:00,baseline,batch,800,792,8,40,50000,27500,416000,940,630,e57db8eb6c583f07a61aaf1efe044f0218c43115366971c6ed88c617ea50e22a,2500000,2080000,94000,18750,1125000,4692750
122:interactive:baseline,2026-01-10T02:00:00+00:00,baseline,interactive,3200,3168,32,192,29000,16820,136000,260,199,cb2883a5b5c2438b67f470eefb7f08d25bf92e3413c71c5ebbd3609ae4eb9fee,1450000,680000,26000,75000,609000,2231000
122:streaming:baseline,2026-01-10T02:00:00+00:00,baseline,streaming,8800,8712,88,440,20000,9600,128000,500,186,36d54d9ff2b7b29115af878029467e5c25853ff34394e49daa07273f5002b22b,1000000,640000,50000,206250,520000,1896250
122:batch:mix_only,2026-01-10T02:00:00+00:00,mix_only,batch,400,396,4,20,25000,13750,208000,470,630,d226b7cc7374d385769daa011a4dc557b3b30f0841cb274cbd9d7ea89357baa6,1250000,1040000,47000,9375,562500,2346375
122:interactive:mix_only,2026-01-10T02:00:00+00:00,mix_only,interactive,3200,3168,32,192,29000,16820,136000,260,199,7aa16e1a3bdb223ff63e41dc27d05f7e8087d58176eaf2a405e1bfb1bebd2564,1450000,680000,26000,75000,609000,2231000
122:streaming:mix_only,2026-01-10T02:00:00+00:00,mix_only,streaming,9200,9108,92,460,20909,10036,133818,522,186,6cf432d80669e3014e4d210cb547918dbbdbef7d82ed3013e2b1aa8b6ce44067,1045450,669090,52200,215625,543650,1982365
122:batch:optimized,2026-01-10T02:00:00+00:00,optimized,batch,800,792,8,20,37500,26125,353600,940,600,e57db8eb6c583f07a61aaf1efe044f0218c43115366971c6ed88c617ea50e22a,1875000,1768000,94000,18750,568750,3755750
122:interactive:optimized,2026-01-10T02:00:00+00:00,optimized,interactive,3200,3168,32,192,20300,15979,108800,260,294,cb2883a5b5c2438b67f470eefb7f08d25bf92e3413c71c5ebbd3609ae4eb9fee,1015000,544000,26000,75000,216050,1660000
122:streaming:optimized,2026-01-10T02:00:00+00:00,optimized,streaming,8800,8712,88,440,19000,9120,128000,500,196,36d54d9ff2b7b29115af878029467e5c25853ff34394e49daa07273f5002b22b,950000,640000,50000,206250,494000,1846250
123:batch:baseline,2026-01-10T03:00:00+00:00,baseline,batch,1400,1386,14,56,54000,28620,408000,980,629,921a34be2ce419dee31996f45d44422037c65dc36f51ae8750d79a344f2dce12,2700000,2040000,98000,31343,1269000,4869343
123:interactive:baseline,2026-01-10T03:00:00+00:00,baseline,interactive,3600,3564,36,216,32000,17920,128000,280,204,b1854af95fe479459a5180f6adda4e1c097ee2fc50d9f04bda14d628516eaa61,1600000,640000,28000,80597,704000,2348597
123:streaming:baseline,2026-01-10T03:00:00+00:00,baseline,streaming,8400,8316,84,504,19000,9880,128000,580,181,5b48810383131e32d95cae5bdad5d6bfd0200b5e6c7f726c7a61d409108c405d,950000,640000,58000,188060,456000,1836060
123:batch:mix_only,2026-01-10T03:00:00+00:00,mix_only,batch,700,693,7,28,27000,14310,204000,490,629,53ac58d6f7629ccbe7daefa71ab0791310d68f1a23a1994e5fe23567ec7a0800,1350000,1020000,49000,15672,634500,2434672
123:interactive:mix_only,2026-01-10T03:00:00+00:00,mix_only,interactive,3600,3564,36,216,32000,17920,128000,280,204,1462b4c3758cf915e568dba2fc8e15177279a0fa4af628a701b6336d6e17fcae,1600000,640000,28000,80597,704000,2348597
123:streaming:mix_only,2026-01-10T03:00:00+00:00,mix_only,streaming,9100,9009,91,546,20583,10703,138666,628,181,103740ca879896b3a444b7c0072e7ea00c243189f5fca5779cc699106a05ccb3,1029150,693330,62800,203731,494000,1989011
123:batch:optimized,2026-01-10T03:00:00+00:00,optimized,batch,1400,1386,14,28,40500,27189,346800,980,599,921a34be2ce419dee31996f45d44422037c65dc36f51ae8750d79a344f2dce12,2025000,1734000,98000,31343,665550,3888343
123:interactive:optimized,2026-01-10T03:00:00+00:00,optimized,interactive,3600,3564,36,216,22400,17024,102400,280,299,b1854af95fe479459a5180f6adda4e1c097ee2fc50d9f04bda14d628516eaa61,1120000,512000,28000,80597,268800,1740597
123:streaming:optimized,2026-01-10T03:00:00+00:00,optimized,streaming,8400,8316,84,504,18050,9386,128000,580,191,5b48810383131e32d95cae5bdad5d6bfd0200b5e6c7f726c7a61d409108c405d,902500,640000,58000,188060,433200,1788560
124:batch:baseline,2026-01-10T04:00:00+00:00,baseline,batch,1400,1386,14,84,50000,29000,384000,920,635,e7d9ca61cc32b4b3a9da452a2dc839a75f1140347bbde8cc27c65386900f2117,2500000,1920000,92000,30000,1050000,4542000
124:interactive:baseline,2026-01-10T04:00:00+00:00,baseline,interactive,3800,3762,38,190,26000,13780,152000,260,185,90b24adef568da958dde178efc995e3fc561b9ff5cad31f812be40d6d1d6ed85,1300000,760000,26000,81429,611000,2167429
124:streaming:baseline,2026-01-10T04:00:00+00:00,baseline,streaming,8800,8712,88,352,17000,9180,120000,580,178,5a378bf59299f2e192a710ac2227edf7fa427e1d40a4e3d77bef7477fc6f0910,850000,600000,58000,188571,391000,1696571
124:batch:mix_only,2026-01-10T04:00:00+00:00,mix_only,batch,700,693,7,42,25000,14500,192000,460,635,512979d97239f2a7589a8c9abcf55fc780bc930329e6877eff7a196b5feccf30,1250000,960000,46000,15000,525000,2271000
124:interactive:mix_only,2026-01-10T04:00:00+00:00,mix_only,interactive,3800,3762,38,190,26000,13780,152000,260,185,0c21053e2c12774377bc5421aa1d0f8bb4b17510cd6dbe1a61e290c1d58dcf30,1300000,760000,26000,81429,611000,2167429
124:streaming:mix_only,2026-01-10T04:00:00+00:00,mix_only,streaming,9500,9405,95,380,18352,9910,129545,626,178,e673b30b57432f2bb1c7d6b92c14a724f46a0d4c0d415b41e61f6f7524433ac6,917600,647725,62600,203571,422100,1831496
124:batch:optimized,2026-01-10T04:00:00+00:00,optimized,batch,1400,1386,14,42,37500,27550,326400,920,605,e7d9ca61cc32b4b3a9da452a2dc839a75f1140347bbde8cc27c65386900f2117,1875000,1632000,92000,30000,497500,3629000
124:interactive:optimized,2026-01-10T04:00:00+00:00,optimized,interactive,3800,3762,38,190,18200,13091,121600,260,280,90b24adef568da958dde178efc995e3fc561b9ff5cad31f812be40d6d1d6ed85,910000,608000,26000,81429,255450,1625429
124:streaming:optimized,2026-01-10T04:00:00+00:00,optimized,streaming,8800,8712,88,352,16150,8721,120000,580,188,5a378bf59299f2e192a710ac2227edf7fa427e1d40a4e3d77bef7477fc6f0910,807500,600000,58000,188571,371450,1654071
125:batch:baseline,2026-01-10T05:00:00+00:00,baseline,batch,1200,1188,12,60,48000,24960,400000,900,625,df2835600db5d7b714b63936840aa614e9fb31554d1dfeebffc8556bcdb0bf86,2400000,2000000,90000,27273,1152000,4517273
125:interactive:baseline,2026-01-10T05:00:00+00:00,baseline,interactive,3200,3168,32,224,24000,11520,152000,260,189,313b3a3a686243f761944bb7456bf980e2f49b3a471e4c551c57a17db345dc93,1200000,760000,26000,72727,624000,2058727
125:streaming:baseline,2026-01-10T05:00:00+00:00,baseline,streaming,8800,8712,88,616,17000,9520,120000,560,186,763fb48917afc8aae4f841af4069a66aae7dfad0f243eb99c7875da1535d5007,850000,600000,56000,200000,374000,1706000
125:batch:mix_only,2026-01-10T05:00:00+00:00,mix_only,batch,600,594,6,30,24000,12480,200000,450,625,2a7a86b025b4be60efc0fd92ed79228245da1033a080cb9a087fddae8081bc2b,1200000,1000000,45000,13637,576000,2258637
125:interactive:mix_only,2026-01-10T05:00:00+00:00,mix_only,interactive,3200,3168,32,224,24000,11520,152000,260,189,e43a962ddf8157a7fbcb1cbf97b24e0a775971da3ebdb664a5a5c624b5e21ac4,1200000,760000,26000,72727,624000,2058727
125:streaming:mix_only,2026-01-10T05:00:00+00:00,mix_only,streaming,9400,9306,94,658,18159,10169,128181,598,186,dc31bd68a624c654417595770f031afed8d09b013fd57ebae84267440dfcbceb,907950,640905,59800,213636,399500,1822291
125:batch:optimized,2026-01-10T05:00:00+00:00,optimized,batch,1200,1188,12,30,36000,23712,340000,900,595,df2835600db5d7b714b63936840aa614e9fb31554d1dfeebffc8556bcdb0bf86,1800000,1700000,90000,27273,614400,3617273
125:interactive:optimized,2026-01-10T05:00:00+00:00,optimized,interactive,3200,3168,32,224,16800,10944,121600,260,284,313b3a3a686243f761944bb7456bf980e2f49b3a471e4c551c57a17db345dc93,840000,608000,26000,72727,292800,1546727
125:streaming:optimized,2026-01-10T05:00:00+00:00,optimized,streaming,8800,8712,88,616,16150,9044,120000,560,196,763fb48917afc8aae4f841af4069a66aae7dfad0f243eb99c7875da1535d5007,807500,600000,56000,200000,355300,1663500
126:batch:baseline,2026-01-10T06:00:00+00:00,baseline,batch,1400,1386,14,56,54000,27540,400000,900,622,437b7651b63e271f845e56756bc7351e18d6c3f79a17d2f80f84dc46f35e1f83,2700000,2000000,90000,31818,1323000,4821818
126:interactive:baseline,2026-01-10T06:00:00+00:00,baseline,interactive,3800,3762,38,190,25000,13250,160000,200,201,b11e68498a4998f821e782dbc95fdc7b5386571d21274a20b00f465851a75af0,1250000,800000,20000,86364,587500,2156364
126:streaming:baseline,2026-01-10T06:00:00+00:00,baseline,streaming,8000,7920,80,320,23000,11730,112000,560,181,4e4c9d300bf32fec713acb9397db1968354331cec7357d01988a423570763a3d,1150000,560000,56000,181818,563500,1947818
126:batch:mix_only,2026-01-10T06:00:00+00:00,mix_only,batch,700,693,7,28,27000,13770,200000,450,622,8d1cdc2c5bfac9e6b1004eee585ecbd26b0908050ebc30bacc8a558e1651ae43,1350000,1000000,45000,15909,661500,2410909
126:interactive:mix_only,2026-01-10T06:00:00+00:00,mix_only,interactive,3800,3762,38,190,25000,13250,160000,200,201,90a526f0d5b2c1ba6b009e5492146c7d13bb1f0d7649c2243efecdd137ccf0f0,1250000,800000,20000,86364,587500,2156364
126:streaming:mix_only,2026-01-10T06:00:00+00:00,mix_only,streaming,8700,8613,87,348,25012,12756,121800,609,181,a3b8c82de45f8b1621fd16538270e02359829c0ec28d8be8e3346a31867ba4d9,1250600,609000,60900,197727,612800,2118227
126:batch:optimized,2026-01-10T06:00:00+00:00,optimized,batch,1400,1386,14,28,40500,26163,340000,900,592,437b7651b63e271f845e56756bc7351e18d6c3f79a17d2f80f84dc46f35e1f83,2025000,1700000,90000,31818,716850,3846818
126:interactive:optimized,2026-01-10T06:00:00+00:00,optimized,interactive,3800,3762,38,190,17500,12587,128000,200,296,b11e68498a4998f821e782dbc95fdc7b5386571d21274a20b00f465851a75af0,875000,640000,20000,86364,245650,1621364
126:streaming:optimized,2026-01-10T06:00:00+00:00,optimized,streaming,8000,7920,80,320,21850,11143,112000,560,191,4e4c9d300bf32fec713acb9397db1968354331cec7357d01988a423570763a3d,1092500,560000,56000,181818,535350,1890318
127:batch:baseline,2026-01-10T07:00:00+00:00,baseline,batch,800,792,8,40,55000,28600,408000,940,624,4275083bed73ebd20346c721adad912b29a7a18541348bbe6f41abd7cbd67d24,2750000,2040000,94000,17910,1320000,4901910
127:interactive:baseline,2026-01-10T07:00:00+00:00,baseline,interactive,3600,3564,36,144,27000,13230,136000,200,190,8e12d6c5fc8cb731606511f13d3bb3f8b08d59ce313295b8680c2e1d7416096c,1350000,680000,20000,80597,688500,2130597
127:streaming:baseline,2026-01-10T07:00:00+00:00,baseline,streaming,9000,8910,90,360,24000,13200,96000,560,183,e988eb1a557a88075957cefc3805663efba491b0a35369be93350f9e5bd7dd3b,1200000,480000,56000,201493,540000,1937493
127:batch:mix_only,2026-01-10T07:00:00+00:00,mix_only,batch,400,396,4,20,27500,14300,204000,470,624,3af19faadc00c5333c2fbbce4ff477ebcd165bd7220f00df4cf9fc870c22f98c,1375000,1020000,47000,8955,660000,2450955
127:interactive:mix_only,2026-01-10T07:00:00+00:00,mix_only,interactive,3600,3564,36,144,27000,13230,136000,200,190,69fae5fecf6c8de19627d5810c9eb094306f76df968d5eff707f2d0cac260ec0,1350000,680000,20000,80597,688500,2130597
127:streaming:mix_only,2026-01-10T07:00:00+00:00,mix_only,streaming,9400,9306,94,376,25066,13786,100266,584,183,daa9c82ee00bf55b48139f4dfc0c7472f9fc6e5531286b41477a91ddbbb2c547,1253300,501330,58400,210448,564000,2023478
127:batch:optimized,2026-01-10T07:00:00+00:00,optimized,batch,800,792,8,20,41250,27170,346800,940,594,4275083bed73ebd20346c721adad912b29a7a18541348bbe6f41abd7cbd67d24,2062500,1734000,94000,17910,704000,3908410
127:interactive:optimized,2026-01-10T07:00:00+00:00,optimized,interactive,3600,3564,36,144,18900,12568,108800,200,285,8e12d6c5fc8cb731606511f13d3bb3f8b08d59ce313295b8680c2e1d7416096c,945000,544000,20000,80597,316600,1589597
127:streaming:optimized,2026-01-10T07:00:00+00:00,optimized,streaming,9000,8910,90,360,22800,12540,96000,560,193,e988eb1a557a88075957cefc3805663efba491b0a35369be93350f9e5bd7dd3b,1140000,480000,56000,201493,513000,1877493
128:batch:baseline,2026-01-10T08:00:00+00:00,baseline,batch,1200,1188,12,48,52000,28080,400000,980,632,aafad40c4c83c27007c109d3fbb2c710075e043a83554c5902877d3c7515e0e9,2600000,2000000,98000,26470,1196000,4724470
128:interactive:baseline,2026-01-10T08:00:00+00:00,baseline,interactive,3600,3564,36,144,30000,17400,144000,200,205,0c7494cd06be06600263252144d95f7f56872a845b5003e8a0ce003e7a05eeb7,1500000,720000,20000,79412,630000,2319412
128:streaming:baseline,2026-01-10T08:00:00+00:00,baseline,streaming,8800,8712,88,616,16000,8320,120000,500,183,f236f2d6c591a0be9c86304cc1537b068172dd2e94d840c84c5feadaee92cb70,800000,600000,50000,194118,384000,1644118
128:batch:mix_only,2026-01-10T08:00:00+00:00,mix_only,batch,600,594,6,24,26000,14040,200000,490,632,b4e99671e408ad5ee200703b6d2618c0d40d25c67a27440ef26d5c2e66b15571,1300000,1000000,49000,13235,598000,2362235
128:interactive:mix_only,2026-01-10T08:00:00+00:00,mix_only,interactive,3600,3564,36,144,30000,17400,144000,200,205,4160a76843a0a2d577b62b9d8cb6bb1f9ac7ae6e4e884bb7e21f10072c4f9b5f,1500000,720000,20000,79412,630000,2319412
128:streaming:mix_only,2026-01-10T08:00:00+00:00,mix_only,streaming,9400,9306,94,658,17090,8887,128181,534,183,2034b1772a06fbc2b9e572f0a0035a77162eb13d7bb223271fa330a5a101ff0d,854500,640905,53400,207353,410150,1756158
128:batch:optimized,2026-01-10T08:00:00+00:00,optimized,batch,1200,1188,12,24,39000,26676,340000,980,602,aafad40c4c83c27007c109d3fbb2c710075e043a83554c5902877d3c7515e0e9,1950000,1700000,98000,26470,616200,3774470
128:interactive:optimized,2026-01-10T08:00:00+00:00,optimized,interactive,3600,3564,36,144,21000,16530,115200,200,300,0c7494cd06be06600263252144d95f7f56872a845b5003e8a0ce003e7a05eeb7,1050000,576000,20000,79412,223500,1725412
128:streaming:optimized,2026-01-10T08:00:00+00:00,optimized,streaming,8800,8712,88,616,15200,7904,120000,500,193,f236f2d6c591a0be9c86304cc1537b068172dd2e94d840c84c5feadaee92cb70,760000,600000,50000,194118,364800,1604118
129:batch:baseline,2026-01-10T09:00:00+00:00,baseline,batch,800,792,8,48,48000,26880,408000,960,637,c5662573dcd422dcf9c0fba61171731d8e9a2de243b1fbff4008a1e0d8613013,2400000,2040000,96000,20000,1056000,4556000
129:interactive:baseline,2026-01-10T09:00:00+00:00,baseline,interactive,3000,2970,30,210,30000,14400,136000,200,205,348712a962787f384e40256a715a7976aefdc3b74c69d366378c83e9a82287ff,1500000,680000,20000,75000,780000,2275000
129:streaming:baseline,2026-01-10T09:00:00+00:00,baseline,streaming,8200,8118,82,492,22000,12540,104000,560,173,2907fd9b3ffedb6a94498ed98a4ad248b2eb56fbba2378121acbbdcbfff4e091,1100000,520000,56000,205000,473000,1881000
129:batch:mix_only,2026-01-10T09:00:00+00:00,mix_only,batch,400,396,4,24,24000,13440,204000,480,637,37725e9362e8c7e27ac632db7da135117ad481652a0256535380c600a41abbac,1200000,1020000,48000,10000,528000,2278000
129:interactive:mix_only,2026-01-10T09:00:00+00:00,mix_only,interactive,3000,2970,30,210,30000,14400,136000,200,205,21840caf590e4299fa13e1fbd016235397fd1a7c897afc9537f8adec7f29c708,1500000,680000,20000,75000,780000,2275000
129:streaming:mix_only,2026-01-10T09:00:00+00:00,mix_only,streaming,8600,8514,86,516,23073,13151,109073,587,173,e81daee78f875e6230b925e2e2c4a9e54b4a13e8449f8cb7728519cc3a63b2d2,1153650,545365,58700,215000,496100,1972715
129:batch:optimized,2026-01-10T09:00:00+00:00,optimized,batch,800,792,8,24,36000,25536,346800,960,607,c5662573dcd422dcf9c0fba61171731d8e9a2de243b1fbff4008a1e0d8613013,1800000,1734000,96000,20000,523200,3650000
129:interactive:optimized,2026-01-10T09:00:00+00:00,optimized,interactive,3000,2970,30,210,21000,13680,108800,200,300,348712a962787f384e40256a715a7976aefdc3b74c69d366378c83e9a82287ff,1050000,544000,20000,75000,366000,1689000
129:streaming:optimized,2026-01-10T09:00:00+00:00,optimized,streaming,8200,8118,82,492,20900,11913,104000,560,183,2907fd9b3ffedb6a94498ed98a4ad248b2eb56fbba2378121acbbdcbfff4e091,1045000,520000,56000,205000,449350,1826000
130:batch:baseline,2026-01-10T10:00:00+00:00,baseline,batch,800,792,8,56,48000,27840,392000,900,621,b1e00430b05614f57d79e971971ab9378365117835e2d7acf263112b450b5aa4,2400000,1960000,90000,18182,1008000,4468182
130:interactive:baseline,2026-01-10T10:00:00+00:00,baseline,interactive,4000,3960,40,200,29000,16240,144000,240,197,04117a366a30195dd6be357fa7a72f563c34b701ce2ca1098e6194a660ce36c2,1450000,720000,24000,90909,638000,2284909
130:streaming:baseline,2026-01-10T10:00:00+00:00,baseline,streaming,8400,8316,84,504,24000,13200,112000,560,171,46ab667ec01a45b473583d7db6fc8393dfdc600e828bd36bb6e66f131bb57b88,1200000,560000,56000,190909,540000,2006909
130:batch:mix_only,2026-01-10T10:00:00+00:00,mix_only,batch,400,396,4,28,24000,13920,196000,450,621,06d849612ab60e4f326f50b30f4385081dca241ad942154aa4e3c207408e2aca,1200000,980000,45000,9091,504000,2234091
130:interactive:mix_only,2026-01-10T10:00:00+00:00,mix_only,interactive,4000,3960,40,200,29000,16240,144000,240,197,b1d456ab006eeaf9055e331d59a16056ad4a0552a1564e11e27b5c5bf11bd110,1450000,720000,24000,90909,638000,2284909
130:streaming:mix_only,2026-01-10T10:00:00+00:00,mix_only,streaming,8800,8712,88,528,25142,13828,117333,586,171,9b3bbda46ee038bee7b798a2b5564b51ad9b89b8a867d0ea6d52cbe2a334b8ce,1257100,586665,58600,200000,565700,2102365
130:batch:optimized,2026-01-10T10:00:00+00:00,optimized,batch,800,792,8,28,36000,26448,333200,900,591,b1e00430b05614f57d79e971971ab9378365117835e2d7acf263112b450b5aa4,1800000,1666000,90000,18182,477600,3574182
130:interactive:optimized,2026-01-10T10:00:00+00:00,optimized,interactive,4000,3960,40,200,20300,15428,115200,240,292,04117a366a30195dd6be357fa7a72f563c34b701ce2ca1098e6194a660ce36c2,1015000,576000,24000,90909,243600,1705909
130:streaming:optimized,2026-01-10T10:00:00+00:00,optimized,streaming,8400,8316,84,504,22800,12540,112000,560,181,46ab667ec01a45b473583d7db6fc8393dfdc600e828bd36bb6e66f131bb57b88,1140000,560000,56000,190909,513000,1946909
131:batch:baseline,2026-01-10T11:00:00+00:00,baseline,batch,1000,990,10,60,48000,27360,416000,980,638,7dbcbf050bb4e3e5edd83c424551039d48e6204e4068e5b72af1f57385e63c2d,2400000,2080000,98000,22727,1032000,4600727
131:interactive:baseline,2026-01-10T11:00:00+00:00,baseline,interactive,3600,3564,36,216,32000,16320,144000,220,186,785cbca29d4f725adb95f357b4fdae1371efa0b01456d1691777e661304973dc,1600000,720000,22000,81818,784000,2423818
131:streaming:baseline,2026-01-10T11:00:00+00:00,baseline,streaming,8600,8514,86,516,21000,11970,104000,560,188,68b072dea5c1663720a12f5af71e7e0e848f4b4e7557d1c351f0bee0611a76e6,1050000,520000,56000,195455,451500,1821455
131:batch:mix_only,2026-01-10T11:00:00+00:00,mix_only,batch,500,495,5,30,24000,13680,208000,490,638,cbafa44e04cd48cde80d5e841e7306968d70e1aa5bf36a53f78529f1bf5d6271,1200000,1040000,49000,11364,516000,2300364
131:interactive:mix_only,2026-01-10T11:00:00+00:00,mix_only,interactive,3600,3564,36,216,32000,16320,144000,220,186,a7500c6a361e276952e6626924f6c2188a52245ccb57837bc2a787ad59eaf0cc,1600000,720000,22000,81818,784000,2423818
131:streaming:mix_only,2026-01-10T11:00:00+00:00,mix_only,streaming,9100,9009,91,546,22220,12665,110046,592,188,731da72b6e9635f065123a9d34bbac8788baab8f1855f4e550169931c4012204,1111000,550230,59200,206818,477750,1927248
131:batch:optimized,2026-01-10T11:00:00+00:00,optimized,batch,1000,990,10,30,36000,25992,353600,980,608,7dbcbf050bb4e3e5edd83c424551039d48e6204e4068e5b72af1f57385e63c2d,1800000,1768000,98000,22727,500400,3688727
131:interactive:optimized,2026-01-10T11:00:00+00:00,optimized,interactive,3600,3564,36,216,22400,15504,115200,220,281,785cbca29d4f725adb95f357b4fdae1371efa0b01456d1691777e661304973dc,1120000,576000,22000,81818,344800,1799818
131:streaming:optimized,2026-01-10T11:00:00+00:00,optimized,streaming,8600,8514,86,516,19950,11371,104000,560,198,68b072dea5c1663720a12f5af71e7e0e848f4b4e7557d1c351f0bee0611a76e6,997500,520000,56000,195455,428950,1768955
132:batch:baseline,2026-01-10T12:00:00+00:00,baseline,batch,800,792,8,32,49000,27440,392000,960,632,4b878ecd29292a875eb78a082d46abbe326d72ba58651d8f5be864570da9eea7,2450000,1960000,96000,18182,1078000,4524182
132:interactive:baseline,2026-01-10T12:00:00+00:00,baseline,interactive,3800,3762,38,190,24000,12240,160000,260,188,aa407484565279e8b30cdc670a5629c0dd65520855bb732f24c7e831016a6dfd,1200000,800000,26000,86364,588000,2112364
132:streaming:baseline,2026-01-10T12:00:00+00:00,baseline,streaming,8600,8514,86,516,19000,11020,128000,500,182,0726361d2347f5fc1812012baa91f686ddbdbbcea380ef63d68546fa52f41a8b,950000,640000,50000,195454,399000,1835454
132:batch:mix_only,2026-01-10T12:00:00+00:00,mix_only,batch,400,396,4,16,24500,13720,196000,480,632,1b64b40588388c1d5ff7f950410aedb03493224e93b197aa5d4ea98aea9bdd02,1225000,980000,48000,9091,539000,2262091
132:interactive:mix_only,2026-01-10T12:00:00+00:00,mix_only,interactive,3800,3762,38,190,24000,12240,160000,260,188,985394c5d76644e88c6399fcf7e8ae042a3875899997bdfe37c55fb6a90c9dd0,1200000,800000,26000,86364,588000,2112364
132:streaming:mix_only,2026-01-10T12:00:00+00:00,mix_only,streaming,9000,8910,90,540,19883,11532,133953,523,182,52ed5c7e72641a5840bf51ee21edad3e213de5edf2cab2415c58dfc028f22cff,994150,669765,52300,204545,417550,1920760
132:batch:optimized,2026-01-10T12:00:00+00:00,optimized,batch,800,792,8,16,36750,26068,333200,960,602,4b878ecd29292a875eb78a082d46abbe326d72ba58651d8f5be864570da9eea7,1837500,1666000,96000,18182,534100,3617682
132:interactive:optimized,2026-01-10T12:00:00+00:00,optimized,interactive,3800,3762,38,190,16800,11628,128000,260,283,aa407484565279e8b30cdc670a5629c0dd65520855bb732f24c7e831016a6dfd,840000,640000,26000,86364,258600,1592364
132:streaming:optimized,2026-01-10T12:00:00+00:00,optimized,streaming,8600,8514,86,516,18050,10469,128000,500,192,0726361d2347f5fc1812012baa91f686ddbdbbcea380ef63d68546fa52f41a8b,902500,640000,50000,195454,379050,1787954
133:batch:baseline,2026-01-10T13:00:00+00:00,baseline,batch,1000,990,10,40,54000,29160,400000,940,639,aa38a56c51a7f58a360df31b6301a17ce7800e9b810b7d9285eb17b263c84dcf,2700000,2000000,94000,23077,1242000,4817077
133:interactive:baseline,2026-01-10T13:00:00+00:00,baseline,interactive,3800,3762,38,152,25000,14250,144000,280,197,d2eddc49d17824dd8fa13bb9170c3a3059a92798f37c32e7351e26d4e624c0f5,1250000,720000,28000,87692,537500,2085692
133:streaming:baseline,2026-01-10T13:00:00+00:00,baseline,streaming,8200,8118,82,328,20000,10600,128000,520,182,fc1d657cc28e669567d072dfb2f231872fb304c8c1425d7113352ad8fed6664d,1000000,640000,52000,189231,470000,1881231
133:batch:mix_only,2026-01-10T13:00:00+00:00,mix_only,batch,500,495,5,20,27000,14580,200000,470,639,18a52774d4f191c2cf25f1c0d0551ef03d26024efe6cefd20233b545ec5cbca6,1350000,1000000,47000,11539,621000,2408539
133:interactive:mix_only,2026-01-10T13:00:00+00:00,mix_only,interactive,3800,3762,38,152,25000,14250,144000,280,197,e6fdb6e00fc989eb8f68996833c97ad9a19b442b2343b6213e35fb03d97bddbf,1250000,720000,28000,87692,537500,2085692
133:streaming:mix_only,2026-01-10T13:00:00+00:00,mix_only,streaming,8700,8613,87,348,21219,11246,135804,551,182,7e769d0dea309e73b3706fd474f919122a36d0b6f5df7b0d5aada8a7bad3f653,1060950,679020,55100,200769,498650,1995839
133:batch:optimized,2026-01-10T13:00:00+00:00,optimized,batch,1000,990,10,20,40500,27702,340000,940,609,aa38a56c51a7f58a360df31b6301a17ce7800e9b810b7d9285eb17b263c84dcf,2025000,1700000,94000,23077,639900,3842077
133:interactive:optimized,2026-01-10T13:00:00+00:00,optimized,interactive,3800,3762,38,152,17500,13537,115200,280,292,d2eddc49d17824dd8fa13bb9170c3a3059a92798f37c32e7351e26d4e624c0f5,875000,576000,28000,87692,198150,1566692
133:streaming:optimized,2026-01-10T13:00:00+00:00,optimized,streaming,8200,8118,82,328,19000,10070,128000,520,192,fc1d657cc28e669567d072dfb2f231872fb304c8c1425d7113352ad8fed6664d,950000,640000,52000,189231,446500,1831231
134:batch:baseline,2026-01-10T14:00:00+00:00,baseline,batch,1000,990,10,60,52000,26000,416000,900,627,a6d5c85d82dd1519ad25dd202e9a626bf6bc882f50ef43db9ac361879489d4dc,2600000,2080000,90000,22388,1300000,4792388
134:interactive:baseline,2026-01-10T14:00:00+00:00,baseline,interactive,3800,3762,38,190,26000,13260,136000,240,192,4ea18cb65174f2a16afaac717977c6f0e936d35e713e02a31bc9f8193ed98c49,1300000,680000,24000,85075,637000,2089075
134:streaming:baseline,2026-01-10T14:00:00+00:00,baseline,streaming,8600,8514,86,344,22000,11660,112000,520,188,1c15721435b38c8dd58ad6f5b6664aabcb48bdd0aebdfc9c0a4cea8aab62b241,1100000,560000,52000,192537,517000,1904537
134:batch:mix_only,2026-01-10T14:00:00+00:00,mix_only,batch,500,495,5,30,26000,13000,208000,450,627,88178d8d5e4116e0b705a14bc67de705817b7cd1c3ac8574df3054bdacca89e3,1300000,1040000,45000,11194,650000,2396194
134:interactive:mix_only,2026-01-10T14:00:00+00:00,mix_only,interactive,3800,3762,38,190,26000,13260,136000,240,192,3f9202198f6f69d4e35ba41dec47077b45f831affe7cdb32f05ca2e828d32ef8,1300000,680000,24000,85075,637000,2089075
134:streaming:mix_only,2026-01-10T14:00:00+00:00,mix_only,streaming,9100,9009,91,364,23279,12337,118511,550,188,ad621bf772ff15dbf3ef085df73e862a8623b147cdbb648a87a15d9d9b345068,1163950,592555,55000,203731,547100,2015236
134:batch:optimized,2026-01-10T14:00:00+00:00,optimized,batch,1000,990,10,30,39000,24700,353600,900,597,a6d5c85d82dd1519ad25dd202e9a626bf6bc882f50ef43db9ac361879489d4dc,1950000,1768000,90000,22388,715000,3830388
134:interactive:optimized,2026-01-10T14:00:00+00:00,optimized,interactive,3800,3762,38,190,18200,12597,108800,240,287,4ea18cb65174f2a16afaac717977c6f0e936d35e713e02a31bc9f8193ed98c49,910000,544000,24000,85075,280150,1563075
134:streaming:optimized,2026-01-10T14:00:00+00:00,optimized,streaming,8600,8514,86,344,20900,11077,112000,520,198,1c15721435b38c8dd58ad6f5b6664aabcb48bdd0aebdfc9c0a4cea8aab62b241,1045000,560000,52000,192537,491150,1849537
135:batch:baseline,2026-01-10T15:00:00+00:00,baseline,batch,1400,1386,14,84,51000,28560,408000,980,621,eef35011f4d77414348db377ddedfd9201ea89da1317cd0d126b6da91655531b,2550000,2040000,98000,30882,1122000,4718882
135:interactive:baseline,2026-01-10T15:00:00+00:00,baseline,interactive,3400,3366,34,136,24000,12480,128000,240,200,1d79f830f06f75748aa64024daa15309c13b06b13568af0be08e502c914aea68,1200000,640000,24000,75000,576000,1939000
135:streaming:baseline,2026-01-10T15:00:00+00:00,baseline,streaming,8800,8712,88,528,18000,10440,104000,540,174,4b6093584e6871c5fd44db5c0b7c11ee15f9a7779f5d44939bafe065ad38912f,900000,520000,54000,194118,378000,1668118
135:batch:mix_only,2026-01-10T15:00:00+00:00,mix_only,batch,700,693,7,42,25500,14280,204000,490,621,e8ea216345c959cb1d8d386805bf91b4e117f4fd0d5b4f90bfa767994277d500,1275000,1020000,49000,15441,561000,2359441
135:interactive:mix_only,2026-01-10T15:00:00+00:00,mix_only,interactive,3400,3366,34,136,24000,12480,128000,240,200,45ca9f8ae69c4a600d54e60f6ad183b96b35ec323f24b96db3a589664629d6b9,1200000,640000,24000,75000,576000,1939000
135:streaming:mix_only,2026-01-10T15:00:00+00:00,mix_only,streaming,9500,9405,95,570,19431,11270,112272,582,174,251ee7d65b8ca558e88fc1f2e182413766bc8f4c2915a98c2904ec295122e4e0,971550,561360,58200,209559,408050,1800669
135:batch:optimized,2026-01-10T15:00:00+00:00,optimized,batch,1400,1386,14,42,38250,27132,346800,980,591,eef35011f4d77414348db377ddedfd9201ea89da1317cd0d126b6da91655531b,1912500,1734000,98000,30882,555900,3775382
135:interactive:optimized,2026-01-10T15:00:00+00:00,optimized,interactive,3400,3366,34,136,16800,11856,102400,240,295,1d79f830f06f75748aa64024daa15309c13b06b13568af0be08e502c914aea68,840000,512000,24000,75000,247200,1451000
135:streaming:optimized,2026-01-10T15:00:00+00:00,optimized,streaming,8800,8712,88,528,17100,9918,104000,540,184,4b6093584e6871c5fd44db5c0b7c11ee15f9a7779f5d44939bafe065ad38912f,855000,520000,54000,194118,359100,1623118
136:batch:baseline,2026-01-10T16:00:00+00:00,baseline,batch,1000,990,10,60,52000,26520,416000,960,626,fb498aa7c18c5c756cad20341e32c442cfa2dd5882cff126f3809aaae6f928f4,2600000,2080000,96000,23810,1274000,4799810
136:interactive:baseline,2026-01-10T16:00:00+00:00,baseline,interactive,3400,3366,34,238,27000,13230,136000,220,197,afc6ab46647f2e25d0eec4b240d1e8d0fdf75ff16a57f89f18c81cd639dcfd96,1350000,680000,22000,80952,688500,2132952
136:streaming:baseline,2026-01-10T16:00:00+00:00,baseline,streaming,8200,8118,82,574,22000,12760,104000,500,179,a34683233fffac56aa47a91c49ef204536167c6fea97f4ddfdfc64e26117cf89,1100000,520000,50000,195238,462000,1865238
136:batch:mix_only,2026-01-10T16:00:00+00:00,mix_only,batch,500,495,5,30,26000,13260,208000,480,626,bb580ccd88f1cd8ed6bb417be7a8d76cc736023acc543ee36ab35de82ccd8539,1300000,1040000,48000,11905,637000,2399905
136:interactive:mix_only,2026-01-10T16:00:00+00:00,mix_only,interactive,3400,3366,34,238,27000,13230,136000,220,197,8588dc2bf769ac0b078988f4ac7cd1edac7803a2ba1a1b8d5ca1645796b467ed,1350000,680000,22000,80952,688500,2132952
136:streaming:mix_only,2026-01-10T16:00:00+00:00,mix_only,streaming,8700,8613,87,609,23341,13538,110341,530,179,3a1b444a9a97115be82c1828fee0aedfcb5c8ef117c4565865d39dca1f1bbbb7,1167050,551705,53000,207143,490150,1978898
136:batch:optimized,2026-01-10T16:00:00+00:00,optimized,batch,1000,990,10,30,39000,25194,353600,960,596,fb498aa7c18c5c756cad20341e32c442cfa2dd5882cff126f3809aaae6f928f4,1950000,1768000,96000,23810,690300,3837810
136:interactive:optimized,2026-01-10T16:00:00+00:00,optimized,interactive,3400,3366,34,238,18900,12568,108800,220,292,afc6ab46647f2e25d0eec4b240d1e8d0fdf75ff16a57f89f18c81cd639dcfd96,945000,544000,22000,80952,316600,1591952
136:streaming:optimized,2026-01-10T16:00:00+00:00,optimized,streaming,8200,8118,82,574,20900,12122,104000,500,189,a34683233fffac56aa47a91c49ef204536167c6fea97f4ddfdfc64e26117cf89,1045000,520000,50000,195238,438900,1810238
137:batch:baseline,2026-01-10T17:00:00+00:00,baseline,batch,800,792,8,48,51000,24480,416000,900,625,f8bb6ad16b22cf9405c67079b6614827575e3ae933804e63c1fc7c9ea25e41b8,2550000,2080000,90000,17647,1326000,4737647
137:interactive:baseline,2026-01-10T17:00:00+00:00,baseline,interactive,4000,3960,40,240,26000,15080,128000,200,195,ff6483b4d8327b343e399346f7f82b3720dc6b27a3a149a8b8960def8a68981f,1300000,640000,20000,88235,546000,2048235
137:streaming:baseline,2026-01-10T17:00:00+00:00,baseline,streaming,8800,8712,88,352,20000,11400,104000,580,176,3a71d96c0ba0d2bf74c2ee935afc3d29d973b6a70d6985077aa04b162f3bc489,1000000,520000,58000,194118,430000,1772118
137:batch:mix_only,2026-01-10T17:00:00+00:00,mix_only,batch,400,396,4,24,25500,12240,208000,450,625,d756741fe1764fa38aeb109aedfbe7d54da0fa52f3e035252f3df583c6cc47df,1275000,1040000,45000,8824,663000,2368824
137:interactive:mix_only,2026-01-10T17:00:00+00:00,mix_only,interactive,4000,3960,40,240,26000,15080,128000,200,195,262f3da38656a1aac43d82b7592cb9c560b641e416bd282f225282877c07a6a9,1300000,640000,20000,88235,546000,2048235
137:streaming:mix_only,2026-01-10T17:00:00+00:00,mix_only,streaming,9200,9108,92,368,20909,11918,108727,606,176,dc34344134e2d3ca714c1832cca8d2a31c3f0cab92576068701893cbbff52c3b,1045450,543635,60600,202941,449550,1852626
137:batch:optimized,2026-01-10T17:00:00+00:00,optimized,batch,800,792,8,24,38250,23256,353600,900,595,f8bb6ad16b22cf9405c67079b6614827575e3ae933804e63c1fc7c9ea25e41b8,1912500,1768000,90000,17647,749700,3788147
137:interactive:optimized,2026-01-10T17:00:00+00:00,optimized,interactive,4000,3960,40,240,18200,14326,102400,200,290,ff6483b4d8327b343e399346f7f82b3720dc6b27a3a149a8b8960def8a68981f,910000,512000,20000,88235,193700,1530235
137:streaming:optimized,2026-01-10T17:00:00+00:00,optimized,streaming,8800,8712,88,352,19000,10830,104000,580,186,3a71d96c0ba0d2bf74c2ee935afc3d29d973b6a70d6985077aa04b162f3bc489,950000,520000,58000,194118,408500,1722118
138:batch:baseline,2026-01-10T18:00:00+00:00,baseline,batch,800,792,8,48,51000,26520,416000,920,632,7383a92c65127b33661b2fb99241d41d35a1ed7cb26f8f78554f60aa58aee002,2550000,2080000,92000,19048,1224000,4741048
138:interactive:baseline,2026-01-10T18:00:00+00:00,baseline,interactive,3400,3366,34,238,32000,16320,136000,200,187,3a180280245af889822483bcc39cb213618b7fd624d8069d8929fd6ec3bd2fb1,1600000,680000,20000,80952,784000,2380952
138:streaming:baseline,2026-01-10T18:00:00+00:00,baseline,streaming,8400,8316,84,504,22000,10560,120000,520,185,814d025428eb5326c6de45ca70dce1ba129f3e25c4fa113bd99b7f5907bc7755,1100000,600000,52000,200000,572000,1952000
138:batch:mix_only,2026-01-10T18:00:00+00:00,mix_only,batch,400,396,4,24,25500,13260,208000,460,632,8ca720cfc3fbc783f589e87405b69eaa64c72d61c55c3382d2163921c64bff3d,1275000,1040000,46000,9524,612000,2370524
138:interactive:mix_only,2026-01-10T18:00:00+00:00,mix_only,interactive,3400,3366,34,238,32000,16320,136000,200,187,3b6b814fc8ced0bd0b709aeb8d447344a9202fb94c54910aef144d54b7baf5d0,1600000,680000,20000,80952,784000,2380952
138:streaming:mix_only,2026-01-10T18:00:00+00:00,mix_only,streaming,8800,8712,88,528,23047,11062,125714,544,185,41d094793d759f65a9e7e72213547f704441743fd4b22b0dbd35d8c759251b80,1152350,628570,54400,209524,599250,2044844
138:batch:optimized,2026-01-10T18:00:00+00:00,optimized,batch,800,792,8,24,38250,25194,353600,920,602,7383a92c65127b33661b2fb99241d41d35a1ed7cb26f8f78554f60aa58aee002,1912500,1768000,92000,19048,652800,3791548
138:interactive:optimized,2026-01-10T18:00:00+00:00,optimized,interactive,3400,3366,34,238,22400,15504,108800,200,282,3a180280245af889822483bcc39cb213618b7fd624d8069d8929fd6ec3bd2fb1,1120000,544000,20000,80952,344800,1764952
138:streaming:optimized,2026-01-10T18:00:00+00:00,optimized,streaming,8400,8316,84,504,20900,10032,120000,520,195,814d025428eb5326c6de45ca70dce1ba129f3e25c4fa113bd99b7f5907bc7755,1045000,600000,52000,200000,543400,1897000
139:batch:baseline,2026-01-10T19:00:00+00:00,baseline,batch,800,792,8,32,54000,27000,384000,900,635,ef044e6b38d901f1f91fe47dfad02b3d611a11fd3a888598eab52f555fa107a5,2700000,1920000,90000,18750,1350000,4728750
139:interactive:baseline,2026-01-10T19:00:00+00:00,baseline,interactive,4000,3960,40,200,28000,14560,136000,200,195,74f549d4faf116d77e443886bc456ada6a2ffa632c1daf82b4ab2cbaa37fc3af,1400000,680000,20000,93750,672000,2193750
139:streaming:baseline,2026-01-10T19:00:00+00:00,baseline,streaming,8000,7920,80,320,21000,11970,128000,500,175,d59d02b9a29d7fb6606eb393287d7f545e5ae7e6504909ce82f9df33d92a3d0d,1050000,640000,50000,187500,451500,1927500
139:batch:mix_only,2026-01-10T19:00:00+00:00,mix_only,batch,400,396,4,16,27000,13500,192000,450,635,10f1bdaa3b5180040ffb5ccd5d8cdd341b8f3136348b6ab5d745320db965ceb7,1350000,960000,45000,9375,675000,2364375
139:interactive:mix_only,2026-01-10T19:00:00+00:00,mix_only,interactive,4000,3960,40,200,28000,14560,136000,200,195,40041c7b98a879cd07a407c72b4cdfeba0c7c9b3867434e37467409c2bbfa659,1400000,680000,20000,93750,672000,2193750
139:streaming:mix_only,2026-01-10T19:00:00+00:00,mix_only,streaming,8400,8316,84,336,22050,12568,134400,525,175,5de70fa5464c6dbc2196281f2d1ace5b6b73a94c1715e5815a8947fe448b9a1a,1102500,672000,52500,196875,474100,2023875
139:batch:optimized,2026-01-10T19:00:00+00:00,optimized,batch,800,792,8,16,40500,25650,326400,900,605,ef044e6b38d901f1f91fe47dfad02b3d611a11fd3a888598eab52f555fa107a5,2025000,1632000,90000,18750,742500,3765750
139:interactive:optimized,2026-01-10T19:00:00+00:00,optimized,interactive,4000,3960,40,200,19600,13832,108800,200,290,74f549d4faf116d77e443886bc456ada6a2ffa632c1daf82b4ab2cbaa37fc3af,980000,544000,20000,93750,288400,1637750
139:streaming:optimized,2026-01-10T19:00:00+00:00,optimized,streaming,8000,7920,80,320,19950,11371,128000,500,185,d59d02b9a29d7fb6606eb393287d7f545e5ae7e6504909ce82f9df33d92a3d0d,997500,640000,50000,187500,428950,1875000
140:batch:baseline,2026-01-10T20:00:00+00:00,baseline,batch,800,792,8,32,53000,29680,400000,900,624,1e44d36361c54c82e4038b407e0040fbb9a61c4c94a678209295c3d3195fc0d3,2650000,2000000,90000,18750,1166000,4758750
140:interactive:baseline,2026-01-10T20:00:00+00:00,baseline,interactive,4000,3960,40,160,30000,15900,128000,280,186,aab0cba776e2fb368c680964add722a14fcf736adbce58eb83511fe857de31c6,1500000,640000,28000,93750,705000,2261750
140:streaming:baseline,2026-01-10T20:00:00+00:00,baseline,streaming,8000,7920,80,400,23000,11270,112000,500,177,152abf12838d507ee30dc83f26e967f9d240bcc579dabcc8d1950523fcd59db8,1150000,560000,50000,187500,586500,1947500
140:batch:mix_only,2026-01-10T20:00:00+00:00,mix_only,batch,400,396,4,16,26500,14840,200000,450,624,bf1979c728475373fd0207016230c7ef71094bc1964e539ba1ed2d9e638fc180,1325000,1000000,45000,9375,583000,2379375
140:interactive:mix_only,2026-01-10T20:00:00+00:00,mix_only,interactive,4000,3960,40,160,30000,15900,128000,280,186,fbe2e814e9d529aa88e47301571bdeac0353a74ff5c08842049583aecf738e47,1500000,640000,28000,93750,705000,2261750
140:streaming:mix_only,2026-01-10T20:00:00+00:00,mix_only,streaming,8400,8316,84,420,24150,11833,117600,525,177,e5edd6b9e7132923a3d0147face4d0ce4cf613851214886f4d91d591d3d982d2,1207500,588000,52500,196875,615850,2044875
140:batch:optimized,2026-01-10T20:00:00+00:00,optimized,batch,800,792,8,16,39750,28196,340000,900,594,1e44d36361c54c82e4038b407e0040fbb9a61c4c94a678209295c3d3195fc0d3,1987500,1700000,90000,18750,577700,3796250
140:interactive:optimized,2026-01-10T20:00:00+00:00,optimized,interactive,4000,3960,40,160,21000,15105,102400,280,281,aab0cba776e2fb368c680964add722a14fcf736adbce58eb83511fe857de31c6,1050000,512000,28000,93750,294750,1683750
140:streaming:optimized,2026-01-10T20:00:00+00:00,optimized,streaming,8000,7920,80,400,21850,10706,112000,500,187,152abf12838d507ee30dc83f26e967f9d240bcc579dabcc8d1950523fcd59db8,1092500,560000,50000,187500,557200,1890000
141:batch:baseline,2026-01-10T21:00:00+00:00,baseline,batch,800,792,8,56,56000,30240,384000,940,620,1316ea0e98c76e019b8826dfc19430972796f5ff452e271fbf29459134ebc5cc,2800000,1920000,94000,18462,1288000,4832462
141:interactive:baseline,2026-01-10T21:00:00+00:00,baseline,interactive,3400,3366,34,170,30000,14700,128000,200,200,af8b7049552b31d7c4730dee450bd731bdf205d9f51632632fe3cd4aaa873522,1500000,640000,20000,78461,765000,2238461
141:streaming:baseline,2026-01-10T21:00:00+00:00,baseline,streaming,8800,8712,88,352,19000,10070,112000,520,188,e7a694d4f9e82102e89a71a2d3bae2bf6db65cf55e9b2c31c60eac7aa29951cb,950000,560000,52000,203077,446500,1765077
141:batch:mix_only,2026-01-10T21:00:00+00:00,mix_only,batch,400,396,4,28,28000,15120,192000,470,620,d33c2eb00445e59f5c31e6544080fc3f2881c92bd9be08fedd54b0c94afcfe0c,1400000,960000,47000,9231,644000,2416231
141:interactive:mix_only,2026-01-10T21:00:00+00:00,mix_only,interactive,3400,3366,34,170,30000,14700,128000,200,200,0b0faf45228442690333cbe21858e8d88723ba3c158935274c4d283302e7efdc,1500000,640000,20000,78461,765000,2238461
141:streaming:mix_only,2026-01-10T21:00:00+00:00,mix_only,streaming,9200,9108,92,368,19863,10527,117090,543,188,cb4030896c105696cc176b98c7c9a5635dec9b3cada3537b801f41e317c89534,993150,585450,54300,212308,466800,1845208
141:batch:optimized,2026-01-10T21:00:00+00:00,optimized,batch,800,792,8,28,42000,28728,326400,940,590,1316ea0e98c76e019b8826dfc19430972796f5ff452e271fbf29459134ebc5cc,2100000,1632000,94000,18462,663600,3844462
141:interactive:optimized,2026-01-10T21:00:00+00:00,optimized,interactive,3400,3366,34,170,21000,13965,102400,200,295,af8b7049552b31d7c4730dee450bd731bdf205d9f51632632fe3cd4aaa873522,1050000,512000,20000,78461,351750,1660461
141:streaming:optimized,2026-01-10T21:00:00+00:00,optimized,streaming,8800,8712,88,352,18050,9566,112000,520,198,e7a694d4f9e82102e89a71a2d3bae2bf6db65cf55e9b2c31c60eac7aa29951cb,902500,560000,52000,203077,424200,1717577
142:batch:baseline,2026-01-10T22:00:00+00:00,baseline,batch,1400,1386,14,98,56000,28560,408000,920,622,f7494d724678ae42e95ff44b14c98a455415d5686fbee9cf27648db5f6b49c8e,2800000,2040000,92000,32308,1372000,4964308
142:interactive:baseline,2026-01-10T22:00:00+00:00,baseline,interactive,3600,3564,36,216,28000,15400,160000,280,190,eabadd115988ab2c24b0af7c430a044a4690d51c0e2abdbb3b6dd61776bbee9a,1400000,800000,28000,83077,630000,2311077
142:streaming:baseline,2026-01-10T22:00:00+00:00,baseline,streaming,8000,7920,80,480,21000,10290,128000,520,190,3326ab846d24495690842bf84f3950dcbf2caa52f36f5177df0237644fdeffb4,1050000,640000,52000,184615,535500,1926615
142:batch:mix_only,2026-01-10T22:00:00+00:00,mix_only,batch,700,693,7,49,28000,14280,204000,460,622,3a405d7877122de9610a26ed721a15a35c504f31f0bc20797dd3a6834952b5dd,1400000,1020000,46000,16154,686000,2482154
142:interactive:mix_only,2026-01-10T22:00:00+00:00,mix_only,interactive,3600,3564,36,216,28000,15400,160000,280,190,df40219276e3f47ff470f9b5c13c1e87dc2b8a9384a3b38b5b97e5db94895afe,1400000,800000,28000,83077,630000,2311077
142:streaming:mix_only,2026-01-10T22:00:00+00:00,mix_only,streaming,8700,8613,87,522,22837,11190,139200,565,190,36f34330a48d02fb0e20657d7c053eee0b3678d92d84df36d218394672323010,1141850,696000,56500,200769,582350,2095119
142:batch:optimized,2026-01-10T22:00:00+00:00,optimized,batch,1400,1386,14,49,42000,27132,346800,920,592,f7494d724678ae42e95ff44b14c98a455415d5686fbee9cf27648db5f6b49c8e,2100000,1734000,92000,32308,743400,3958308
142:interactive:optimized,2026-01-10T22:00:00+00:00,optimized,interactive,3600,3564,36,216,19600,14630,128000,280,285,eabadd115988ab2c24b0af7c430a044a4690d51c0e2abdbb3b6dd61776bbee9a,980000,640000,28000,83077,248500,1731077
142:streaming:optimized,2026-01-10T22:00:00+00:00,optimized,streaming,8000,7920,80,480,19950,9775,128000,520,200,3326ab846d24495690842bf84f3950dcbf2caa52f36f5177df0237644fdeffb4,997500,640000,52000,184615,508750,1874115
143:batch:baseline,2026-01-10T23:00:00+00:00,baseline,batch,1400,1386,14,56,49000,24990,400000,940,626,1af7589aac6e84152f5e9e655e03649ec5098006976edf022ba3d12311080ebe,2450000,2000000,94000,31818,1200500,4575818
143:interactive:baseline,2026-01-10T23:00:00+00:00,baseline,interactive,3000,2970,30,180,28000,14560,128000,220,186,463b0e352f62edd27bd29857f879d1793c668d39a5d09786cb55653a7dd1c99e,1400000,640000,22000,68182,672000,2130182
143:streaming:baseline,2026-01-10T23:00:00+00:00,baseline,streaming,8800,8712,88,528,24000,12000,96000,520,174,c8fcd25fc6f27837eead010286017e8b6c78e1d8dba237a886a5ce3dd2db4e35,1200000,480000,52000,200000,600000,1932000
143:batch:mix_only,2026-01-10T23:00:00+00:00,mix_only,batch,700,693,7,28,24500,12495,200000,470,626,63fca8fcbf560d855269fd61f94475b2e82d1cd741bbf94facd5c091a66920f4,1225000,1000000,47000,15909,600250,2287909
143:interactive:mix_only,2026-01-10T23:00:00+00:00,mix_only,interactive,3000,2970,30,180,28000,14560,128000,220,186,afcf5c3583eaf6ae5a8a750bfbe64033cc0103e27116b7efdbb4df575353cd20,1400000,640000,22000,68182,672000,2130182
143:streaming:mix_only,2026-01-10T23:00:00+00:00,mix_only,streaming,9500,9405,95,570,25909,12954,103636,561,174,22a548e01123e4096967c4eb16a285e50239cd53f3407ea4f93df0a8ebfc666c,1295450,518180,56100,215909,647750,2085639
143:batch:optimized,2026-01-10T23:00:00+00:00,optimized,batch,1400,1386,14,28,36750,23740,340000,940,596,1af7589aac6e84152f5e9e655e03649ec5098006976edf022ba3d12311080ebe,1837500,1700000,94000,31818,650500,3663318
143:interactive:optimized,2026-01-10T23:00:00+00:00,optimized,interactive,3000,2970,30,180,19600,13832,102400,220,281,463b0e352f62edd27bd29857f879d1793c668d39a5d09786cb55653a7dd1c99e,980000,512000,22000,68182,288400,1582182
143:streaming:optimized,2026-01-10T23:00:00+00:00,optimized,streaming,8800,8712,88,528,22800,11400,96000,520,184,c8fcd25fc6f27837eead010286017e8b6c78e1d8dba237a886a5ce3dd2db4e35,1140000,480000,52000,200000,570000,1872000
144:batch:baseline,2026-01-11T00:00:00+00:00,baseline,batch,1200,1188,12,60,54000,28080,408000,920,623,2bde0836f1ffcc65a3f567cd7718f35a22398e4b7a747553e5d2c93c50f7ed47,2700000,2040000,92000,29032,1296000,4861032
144:interactive:baseline,2026-01-11T00:00:00+00:00,baseline,interactive,3000,2970,30,210,31000,15500,128000,200,189,a4f90cfd6c038e9550265d7b808bcb5f2164f984400d2fe24bcd053b976e60d9,1550000,640000,20000,72581,775000,2282581
144:streaming:baseline,2026-01-11T00:00:00+00:00,baseline,streaming,8200,8118,82,328,20000,10200,112000,520,187,d735cfffeccc6f6435b07fee0f1bbaabe25fcccfa14694d6e41eae75cdd0b911,1000000,560000,52000,198387,490000,1810387
144:batch:mix_only,2026-01-11T00:00:00+00:00,mix_only,batch,600,594,6,30,27000,14040,204000,460,623,1ae24af7688dd2210e01d7d2d10b4035ed13d389b3834c63bbdcaf60b03f47a6,1350000,1020000,46000,14516,648000,2430516
144:interactive:mix_only,2026-01-11T00:00:00+00:00,mix_only,interactive,3000,2970,30,210,31000,15500,128000,200,189,65c3c891f6f6154b38f22d75e27d56adc89e60f53106372ed9a1f4674a78de44,1550000,640000,20000,72581,775000,2282581
144:streaming:mix_only,2026-01-11T00:00:00+00:00,mix_only,streaming,8800,8712,88,352,21463,10946,120195,558,187,0eac5d313b33bd1f5d4864a586aabf87bfa2e6884e1609b2c555cd84dbc735ae,1073150,600975,55800,212903,525850,1942828
144:batch:optimized,2026-01-11T00:00:00+00:00,optimized,batch,1200,1188,12,30,40500,26676,346800,920,593,2bde0836f1ffcc65a3f567cd7718f35a22398e4b7a747553e5d2c93c50f7ed47,2025000,1734000,92000,29032,691200,3880032
144:interactive:optimized,2026-01-11T00:00:00+00:00,optimized,interactive,3000,2970,30,210,21700,14725,102400,200,284,a4f90cfd6c038e9550265d7b808bcb5f2164f984400d2fe24bcd053b976e60d9,1085000,512000,20000,72581,348750,1689581
144:streaming:optimized,2026-01-11T00:00:00+00:00,optimized,streaming,8200,8118,82,328,19000,9690,112000,520,197,d735cfffeccc6f6435b07fee0f1bbaabe25fcccfa14694d6e41eae75cdd0b911,950000,560000,52000,198387,465500,1760387
145:batch:baseline,2026-01-11T01:00:00+00:00,baseline,batch,1000,990,10,40,52000,27560,416000,980,636,f0ee06824e7adc4b90eddc086de3b5d7605956042ec25c69c2bf96f3774bf639,2600000,2080000,98000,23810,1222000,4801810
145:interactive:baseline,2026-01-11T01:00:00+00:00,baseline,interactive,3400,3366,34,136,31000,16120,144000,220,186,ff0b213d5273a942a86426fcbe21cb83f51dda8e9e0ea15f3a53a648e280d38e,1550000,720000,22000,80952,744000,2372952
145:streaming:baseline,2026-01-11T01:00:00+00:00,baseline,streaming,8200,8118,82,410,20000,9600,128000,560,183,222d26122fffc36e248d0d7761aa655a92abc892567701758182b1ccd4ea49dc,1000000,640000,56000,195238,520000,1891238
145:batch:mix_only,2026-01-11T01:00:00+00:00,mix_only,batch,500,495,5,20,26000,13780,208000,490,636,9b6af3c42f5d65d0db31bb806b745af8004610a272ffbc1b222940243a544c33,1300000,1040000,49000,11905,611000,2400905
145:interactive:mix_only,2026-01-11T01:00:00+00:00,mix_only,interactive,3400,3366,34,136,31000,16120,144000,220,186,ba2af13c6549a743419cb06f4d4fec6733d1ffb5121cc7ab7127495c2161cfab,1550000,720000,22000,80952,744000,2372952
145:streaming:mix_only,2026-01-11T01:00:00+00:00,mix_only,streaming,8700,8613,87,435,21219,10185,135804,594,183,f5841bd55cbff13e536e58f4640643783daae94efde39a6a2b9a9ebdb1f36b39,1060950,679020,59400,207143,551700,2006513
145:batch:optimized,2026-01-11T01:00:00+00:00,optimized,batch,1000,990,10,20,39000,26182,353600,980,606,f0ee06824e7adc4b90eddc086de3b5d7605956042ec25c69c2bf96f3774bf639,1950000,1768000,98000,23810,640900,3839810
145:interactive:optimized,2026-01-11T01:00:00+00:00,optimized,interactive,3400,3366,34,136,21700,15314,115200,220,281,ff0b213d5273a942a86426fcbe21cb83f51dda8e9e0ea15f3a53a648e280d38e,1085000,576000,22000,80952,319300,1763952
145:streaming:optimized,2026-01-11T01:00:00+00:00,optimized,streaming,8200,8118,82,410,19000,9120,128000,560,193,222d26122fffc36e248d0d7761aa655a92abc892567701758182b1ccd4ea49dc,950000,640000,56000,195238,494000,1841238
146:batch:baseline,2026-01-11T02:00:00+00:00,baseline,batch,1000,990,10,40,56000,28000,392000,980,623,8a9ae58d617a7520ff24b0c2ad5cde53b6855728cd5ea5a21a5a417162ed9a05,2800000,1960000,98000,24590,1400000,4882590
146:interactive:baseline,2026-01-11T02:00:00+00:00,baseline,interactive,3000,2970,30,180,32000,16640,160000,260,185,d79cceba7bebd686d86306eee0e4b4379ea67df534f3c749982ec5ba11103034,1600000,800000,26000,73771,768000,2499771
146:streaming:baseline,2026-01-11T02:00:00+00:00,baseline,streaming,8200,8118,82,574,17000,9520,128000,560,183,718848f79f23e0f73a2caafe229c02aa9c461c7bf532ea56588e6c618b88d7ac,850000,640000,56000,201639,374000,1747639
146:batch:mix_only,2026-01-11T02:00:00+00:00,mix_only,batch,500,495,5,20,28000,14000,196000,490,623,0c7910933be3f9d9c7b58f555a868636e32f19e732f75f6bdf5e151bd7cf0097,1400000,980000,49000,12295,700000,2441295
146:interactive:mix_only,2026-01-11T02:00:00+00:00,mix_only,interactive,3000,2970,30,180,32000,16640,160000,260,185,697cd1d1715c47dc0c981e89af3bb38b4393053080dabcd2ecf768397a0379f2,1600000,800000,26000,73771,768000,2499771
146:streaming:mix_only,2026-01-11T02:00:00+00:00,mix_only,streaming,8700,8613,87,609,18036,10100,135804,594,183,ad5ab1e3cb6c5daa5e88b6b45131c1dd8e16cddfc0c57f0f091549a523ef9fa5,901800,679020,59400,213934,396800,1854154
146:batch:optimized,2026-01-11T02:00:00+00:00,optimized,batch,1000,990,10,20,42000,26600,333200,980,593,8a9ae58d617a7520ff24b0c2ad5cde53b6855728cd5ea5a21a5a417162ed9a05,2100000,1666000,98000,24590,770000,3888590
146:interactive:optimized,2026-01-11T02:00:00+00:00,optimized,interactive,3000,2970,30,180,22400,15808,128000,260,280,d79cceba7bebd686d86306eee0e4b4379ea67df534f3c749982ec5ba11103034,1120000,640000,26000,73771,329600,1859771
146:streaming:optimized,2026-01-11T02:00:00+00:00,optimized,streaming,8200,8118,82,574,16150,9044,128000,560,193,718848f79f23e0f73a2caafe229c02aa9c461c7bf532ea56588e6c618b88d7ac,807500,640000,56000,201639,355300,1705139
147:batch:baseline,2026-01-11T03:00:00+00:00,baseline,batch,800,792,8,32,52000,30160,416000,980,623,51e541dd0f3380e0a1bb878e05b33ddaeac4c4809f87c5dfcc62c29d5164897f,2600000,2080000,98000,18182,1092000,4796182
147:interactive:baseline,2026-01-11T03:00:00+00:00,baseline,interactive,4000,3960,40,200,32000,18560,128000,280,187,26e382bafa1a69ab1eb97f61c6001543f122fdc147854e605a94face675d11bd,1600000,640000,28000,90909,672000,2358909
147:streaming:baseline,2026-01-11T03:00:00+00:00,baseline,streaming,8400,8316,84,420,24000,11760,128000,580,171,7c0c9a41110bde8ce0c2ac34d3f82cc0379955199f43997609501012b1a5b4de,1200000,640000,58000,190909,612000,2088909
147:batch:mix_only,2026-01-11T03:00:00+00:00,mix_only,batch,400,396,4,16,26000,15080,208000,490,623,b468ced8fe2c40fd808cee411e35ddf8ea2f80fbda52a129ad7a4ada876ec045,1300000,1040000,49000,9091,546000,2398091
147:interactive:mix_only,2026-01-11T03:00:00+00:00,mix_only,interactive,4000,3960,40,200,32000,18560,128000,280,187,2a20f01ea60609eee92a3a0e876c9e98e7c6bd175328442c5b46ee4c71effe0e,1600000,640000,28000,90909,672000,2358909
147:streaming:mix_only,2026-01-11T03:00:00+00:00,mix_only,streaming,8800,8712,88,440,25142,12320,134095,607,171,518a9719c1714d920c57ff458fc44cf0ac8112d7d40b337fc914e5168d86b427,1257100,670475,60700,200000,641100,2188275
147:batch:optimized,2026-01-11T03:00:00+00:00,optimized,batch,800,792,8,16,39000,28652,353600,980,593,51e541dd0f3380e0a1bb878e05b33ddaeac4c4809f87c5dfcc62c29d5164897f,1950000,1768000,98000,18182,517400,3834182
147:interactive:optimized,2026-01-11T03:00:00+00:00,optimized,interactive,4000,3960,40,200,22400,17632,102400,280,282,26e382bafa1a69ab1eb97f61c6001543f122fdc147854e605a94face675d11bd,1120000,512000,28000,90909,238400,1750909
147:streaming:optimized,2026-01-11T03:00:00+00:00,optimized,streaming,8400,8316,84,420,22800,11172,128000,580,181,7c0c9a41110bde8ce0c2ac34d3f82cc0379955199f43997609501012b1a5b4de,1140000,640000,58000,190909,581400,2028909
148:batch:baseline,2026-01-11T04:00:00+00:00,baseline,batch,800,792,8,48,51000,25500,408000,900,631,21224446fd1e54267e43521c562fef602f700a857f03842a33d649b6d6151985,2550000,2040000,90000,18461,1275000,4698461
148:interactive:baseline,2026-01-11T04:00:00+00:00,baseline,interactive,4000,3960,40,280,27000,12960,144000,220,190,e8db30e6a27988a58db7520129339fb03ed21c00b65a94d3d546dc2f5824db2c,1350000,720000,22000,92308,702000,2184308
148:streaming:baseline,2026-01-11T04:00:00+00:00,baseline,streaming,8200,8118,82,328,18000,10440,128000,540,173,343da8095cace7dc402bb2d3b5fd7cab1cc65bdf2483d036a8e078c63f10d329,900000,640000,54000,189231,378000,1783231
148:batch:mix_only,2026-01-11T04:00:00+00:00,mix_only,batch,400,396,4,24,25500,12750,204000,450,631,ed452af86571675b7480eeeb1fd6c30d56af1033e0413a36e675dbe630781d33,1275000,1020000,45000,9231,637500,2349231
148:interactive:mix_only,2026-01-11T04:00:00+00:00,mix_only,interactive,4000,3960,40,280,27000,12960,144000,220,190,60b7182b7f5d13a6391a33c45de91911fe282227227503e55f0e2c3df63befff,1350000,720000,22000,92308,702000,2184308
148:streaming:mix_only,2026-01-11T04:00:00+00:00,mix_only,streaming,8600,8514,86,344,18878,10949,134243,566,173,cc1a19928fcb2156c2ce45d198be228ca9873e299c9f1d61771877a348a5f593,943900,671215,56600,198461,396450,1870176
148:batch:optimized,2026-01-11T04:00:00+00:00,optimized,batch,800,792,8,24,38250,24225,346800,900,601,21224446fd1e54267e43521c562fef602f700a857f03842a33d649b6d6151985,1912500,1734000,90000,18461,701250,3754961
148:interactive:optimized,2026-01-11T04:00:00+00:00,optimized,interactive,4000,3960,40,280,18900,12312,115200,220,285,e8db30e6a27988a58db7520129339fb03ed21c00b65a94d3d546dc2f5824db2c,945000,576000,22000,92308,329400,1635308
148:streaming:optimized,2026-01-11T04:00:00+00:00,optimized,streaming,8200,8118,82,328,17100,9918,128000,540,183,343da8095cace7dc402bb2d3b5fd7cab1cc65bdf2483d036a8e078c63f10d329,855000,640000,54000,189231,359100,1738231
149:batch:baseline,2026-01-11T05:00:00+00:00,baseline,batch,1200,1188,12,72,54000,29160,392000,900,624,45a8a5c6360bc80f0f74d9d8d07fa54907b2660f8171042b304987c80dc01a5f,2700000,1960000,90000,26087,1242000,4776087
149:interactive:baseline,2026-01-11T05:00:00+00:00,baseline,interactive,3800,3762,38,228,28000,15400,152000,200,189,ab745d3836dee8aeb0f2d25c4773870103c32ba1e0a808ae5cd15e28865af7c4,1400000,760000,20000,82609,630000,2262609
149:streaming:baseline,2026-01-11T05:00:00+00:00,baseline,streaming,8800,8712,88,352,21000,10710,120000,560,186,2ea308c9708bcc6aa77b6c486aff9e510d925d44063b281479d9e8d6f61ee15f,1050000,600000,56000,191304,514500,1897304
149:batch:mix_only,2026-01-11T05:00:00+00:00,mix_only,batch,600,594,6,36,27000,14580,196000,450,624,8d9592f079c694db91f4197800d555b7099b75086e05a64fee542a508939c866,1350000,980000,45000,13043,621000,2388043
149:interactive:mix_only,2026-01-11T05:00:00+00:00,mix_only,interactive,3800,3762,38,228,28000,15400,152000,200,189,f7ff43220ad3a0ec9ec20c0e46d548b33dc705e083d02ad8de83314f60406d99,1400000,760000,20000,82609,630000,2262609
149:streaming:mix_only,2026-01-11T05:00:00+00:00,mix_only,streaming,9400,9306,94,376,22431,11440,128181,598,186,a6428262d939c731afe0658b6daec998fc486c22fb32f3b94b2ad67e2cac8789,1121550,640905,59800,204348,549550,2026603
149:batch:optimized,2026-01-11T05:00:00+00:00,optimized,batch,1200,1188,12,36,40500,27702,333200,900,594,45a8a5c6360bc80f0f74d9d8d07fa54907b2660f8171042b304987c80dc01a5f,2025000,1666000,90000,26087,639900,3807087
149:interactive:optimized,2026-01-11T05:00:00+00:00,optimized,interactive,3800,3762,38,228,19600,14630,121600,200,284,ab745d3836dee8aeb0f2d25c4773870103c32ba1e0a808ae5cd15e28865af7c4,980000,608000,20000,82609,248500,1690609
149:streaming:optimized,2026-01-11T05:00:00+00:00,optimized,streaming,8800,8712,88,352,19950,10174,120000,560,196,2ea308c9708bcc6aa77b6c486aff9e510d925d44063b281479d9e8d6f61ee15f,997500,600000,56000,191304,488800,1844804
150:batch:baseline,2026-01-11T06:00:00+00:00,baseline,batch,800,792,8,56,55000,29700,392000,920,627,cdd2982e1ba317fd05bbd6cead4e047a2ef4571eb93cd366579b01aa7a9e5450,2750000,1960000,92000,18182,1265000,4820182
150:interactive:baseline,2026-01-11T06:00:00+00:00,baseline,interactive,3400,3366,34,238,26000,13260,128000,240,195,47de28c6fce4ae6e18bfdb3c94907f383ee53be69205a5dab8f47976ee8472d7,1300000,640000,24000,77273,637000,2041273
150:streaming:baseline,2026-01-11T06:00:00+00:00,baseline,streaming,9000,8910,90,540,21000,10710,96000,520,184,e737756172e9a994e5816cd0bd6125bbe85a895d1f396896e738ee4b9f4a2423,1050000,480000,52000,204545,514500,1786545
150:batch:mix_only,2026-01-11T06:00:00+00:00,mix_only,batch,400,396,4,28,27500,14850,196000,460,627,d6a754e42749575829871bd87a750a6f826abee650031278361ae6e077db2910,1375000,980000,46000,9091,632500,2410091
150:interactive:mix_only,2026-01-11T06:00:00+00:00,mix_only,interactive,3400,3366,34,238,26000,13260,128000,240,195,ab1688dae047a51e4ce76142857292cdcc7ffe23069bec2d41c4035194be42d1,1300000,640000,24000,77273,637000,2041273
150:streaming:mix_only,2026-01-11T06:00:00+00:00,mix_only,streaming,9400,9306,94,564,21933,11186,100266,543,184,96d462d1b2c96d7ecff413e95b748e96f4b5d76e6971412cfa2113c7d0b02f5b,1096650,501330,54300,213636,537350,1865916
150:batch:optimized,2026-01-11T06:00:00+00:00,optimized,batch,800,792,8,28,41250,28215,333200,920,597,cdd2982e1ba317fd05bbd6cead4e047a2ef4571eb93cd366579b01aa7a9e5450,2062500,1666000,92000,18182,651750,3838682
150:interactive:optimized,2026-01-11T06:00:00+00:00,optimized,interactive,3400,3366,34,238,18200,12597,102400,240,290,47de28c6fce4ae6e18bfdb3c94907f383ee53be69205a5dab8f47976ee8472d7,910000,512000,24000,77273,280150,1523273
150:streaming:optimized,2026-01-11T06:00:00+00:00,optimized,streaming,9000,8910,90,540,19950,10174,96000,520,194,e737756172e9a994e5816cd0bd6125bbe85a895d1f396896e738ee4b9f4a2423,997500,480000,52000,204545,488800,1734045
151:batch:baseline,2026-01-11T07:00:00+00:00,baseline,batch,1200,1188,12,72,54000,25920,392000,900,640,3473aee03658b94841caec2ed495f1ce66d180e5a4b56ceafd83e43448cf8ad0,2700000,1960000,90000,27273,1404000,4777273
151:interactive:baseline,2026-01-11T07:00:00+00:00,baseline,interactive,3200,3168,32,192,32000,17920,136000,280,202,65d918b2becb67c940053474b9f1952dd8b9937ba26ab48c28a80cbbabfa555f,1600000,680000,28000,72727,704000,2380727
151:streaming:baseline,2026-01-11T07:00:00+00:00,baseline,streaming,8800,8712,88,616,19000,10260,120000,540,175,84ef495c646eed69a95f1a61d0f6506fe39f1f8fce59fb5afcf4cb44cc83ef4c,950000,600000,54000,200000,437000,1804000
151:batch:mix_only,2026-01-11T07:00:00+00:00,mix_only,batch,600,594,6,36,27000,12960,196000,450,640,61ad1e6c321fc084fbd37d230e90400423c34e081f099e199369cbf2badd13a5,1350000,980000,45000,13637,702000,2388637
151:interactive:mix_only,2026-01-11T07:00:00+00:00,mix_only,interactive,3200,3168,32,192,32000,17920,136000,280,202,edadcccab60578203a22112235178b98f4374a4f73d8b85846071cb5a6ec710d,1600000,680000,28000,72727,704000,2380727
151:streaming:mix_only,2026-01-11T07:00:00+00:00,mix_only,streaming,9400,9306,94,658,20295,10959,128181,576,175,14e23bd16c5dcf3ac691ea00a942999143baeefb7b999b4bd7665e8710aee5a8,1014750,640905,57600,213636,466800,1926891
151:batch:optimized,2026-01-11T07:00:00+00:00,optimized,batch,1200,1188,12,36,40500,24624,333200,900,610,3473aee03658b94841caec2ed495f1ce66d180e5a4b56ceafd83e43448cf8ad0,2025000,1666000,90000,27273,793800,3808273
151:interactive:optimized,2026-01-11T07:00:00+00:00,optimized,interactive,3200,3168,32,192,22400,17024,108800,280,297,65d918b2becb67c940053474b9f1952dd8b9937ba26ab48c28a80cbbabfa555f,1120000,544000,28000,72727,268800,1764727
151:streaming:optimized,2026-01-11T07:00:00+00:00,optimized,streaming,8800,8712,88,616,18050,9747,120000,540,185,84ef495c646eed69a95f1a61d0f6506fe39f1f8fce59fb5afcf4cb44cc83ef4c,902500,600000,54000,200000,415150,1756500
152:batch:baseline,2026-01-11T08:00:00+00:00,baseline,batch,1400,1386,14,98,55000,27500,408000,900,630,4f688684c0a5bc9f4b7af7e8df02aaac8c372d1560551c19650f380471458f53,2750000,2040000,90000,31818,1375000,4911818
152:interactive:baseline,2026-01-11T08:00:00+00:00,baseline,interactive,3400,3366,34,136,28000,15120,136000,220,186,f58437a990846473ea57cc8f54b9e9e89b0323a47276dc72ab2f1061cf59be2f,1400000,680000,22000,77273,644000,2179273
152:streaming:baseline,2026-01-11T08:00:00+00:00,baseline,streaming,8400,8316,84,588,22000,11440,104000,540,183,5e69005798cf333356f59099d8b15de0a56273337e4d9ce5e59a42d190f78ee3,1100000,520000,54000,190909,528000,1864909
152:batch:mix_only,2026-01-11T08:00:00+00:00,mix_only,batch,700,693,7,49,27500,13750,204000,450,630,3f85d76e140a4e0c5e451e8b9dfd4af677f668c44cdc8a0e8bf557708f606674,1375000,1020000,45000,15909,687500,2455909
152:interactive:mix_only,2026-01-11T08:00:00+00:00,mix_only,interactive,3400,3366,34,136,28000,15120,136000,220,186,018fd3604158a2dccbddd9d40ed12e2577c15fba7aab288f2b2ebe0796948b0f,1400000,680000,22000,77273,644000,2179273
152:streaming:mix_only,2026-01-11T08:00:00+00:00,mix_only,streaming,9100,9009,91,637,23833,12393,112666,585,183,869479e91234390b75b94d2c8d71516cf8d2487bcf5e84a1799f567db762408c,1191650,563330,58500,206818,572000,2020298
152:batch:optimized,2026-01-11T08:00:00+00:00,optimized,batch,1400,1386,14,49,41250,26125,346800,900,600,4f688684c0a5bc9f4b7af7e8df02aaac8c372d1560551c19650f380471458f53,2062500,1734000,90000,31818,756250,3918318
152:interactive:optimized,2026-01-11T08:00:00+00:00,optimized,interactive,3400,3366,34,136,19600,14364,108800,220,281,f58437a990846473ea57cc8f54b9e9e89b0323a47276dc72ab2f1061cf59be2f,980000,544000,22000,77273,261800,1623273
152:streaming:optimized,2026-01-11T08:00:00+00:00,optimized,streaming,8400,8316,84,588,20900,10868,104000,540,193,5e69005798cf333356f59099d8b15de0a56273337e4d9ce5e59a42d190f78ee3,1045000,520000,54000,190909,501600,1809909
153:batch:baseline,2026-01-11T09:00:00+00:00,baseline,batch,800,792,8,40,54000,26460,400000,900,637,dcac90fd3bd7b67232663988f13af28caa7ae8f40cf2b5bba64d0adec570ae77,2700000,2000000,90000,18750,1377000,4808750
153:interactive:baseline,2026-01-11T09:00:00+00:00,baseline,interactive,3600,3564,36,252,29000,14500,136000,260,201,298357b562e7955ef0b2b05f1a5fbad25d4a606f8ebf590932313b5d0a851f34,1450000,680000,26000,84375,725000,2240375
153:streaming:baseline,2026-01-11T09:00:00+00:00,baseline,streaming,8400,8316,84,504,19000,11020,128000,540,179,4fad5c5524d735099807a43c26fa61272d097dfa98d114f3581c91e5aca53cfe,950000,640000,54000,196875,399000,1840875
153:batch:mix_only,2026-01-11T09:00:00+00:00,mix_only,batch,400,396,4,20,27000,13230,200000,450,637,4ecfb34f1b40093aa8c9da669982847f67a012c266ced1f20958533902f724e4,1350000,1000000,45000,9375,688500,2404375
153:interactive:mix_only,2026-01-11T09:00:00+00:00,mix_only,interactive,3600,3564,36,252,29000,14500,136000,260,201,3c86e85659389724858029e0190ad2c35aa9d5121cd88662a8019d3cf0290a16,1450000,680000,26000,84375,725000,2240375
153:streaming:mix_only,2026-01-11T09:00:00+00:00,mix_only,streaming,8800,8712,88,528,19904,11544,134095,565,179,48b295c28cb4cee7a4304dfae909695952e64c0397446cbb98392e48d4d19563,995200,670475,56500,206250,418000,1928425
153:batch:optimized,2026-01-11T09:00:00+00:00,optimized,batch,800,792,8,20,40500,25137,340000,900,607,dcac90fd3bd7b67232663988f13af28caa7ae8f40cf2b5bba64d0adec570ae77,2025000,1700000,90000,18750,768150,3833750
153:interactive:optimized,2026-01-11T09:00:00+00:00,optimized,interactive,3600,3564,36,252,20300,13775,108800,260,296,298357b562e7955ef0b2b05f1a5fbad25d4a606f8ebf590932313b5d0a851f34,1015000,544000,26000,84375,326250,1669375
153:streaming:optimized,2026-01-11T09:00:00+00:00,optimized,streaming,8400,8316,84,504,18050,10469,128000,540,189,4fad5c5524d735099807a43c26fa61272d097dfa98d114f3581c91e5aca53cfe,902500,640000,54000,196875,379050,1793375
154:batch:baseline,2026-01-11T10:00:00+00:00,baseline,batch,800,792,8,56,53000,30210,400000,920,626,12feb80751c9c54c315bc96e5b3e25b386ce9bca82412e3b29b2faf668b96a43,2650000,2000000,92000,18750,1139500,4760750
154:interactive:baseline,2026-01-11T10:00:00+00:00,baseline,interactive,3800,3762,38,266,32000,17280,144000,280,187,c791332c11d7664ffa01e2b7c4e10d86078f785eae6165313c06a0ae086b6492,1600000,720000,28000,89063,736000,2437063
154:streaming:baseline,2026-01-11T10:00:00+00:00,baseline,streaming,8200,8118,82,410,24000,12480,120000,560,172,985530698d2a52aa70e838b12c908ffc24ad852821dacb39653f0b4c3a68f67a,1200000,600000,56000,192187,576000,2048187
154:batch:mix_only,2026-01-11T10:00:00+00:00,mix_only,batch,400,396,4,28,26500,15105,200000,460,626,bb94895a9514c0f15bcfc72c9cf7b6b462307ba089a9f3f24ce0e4d6afe06e95,1325000,1000000,46000,9375,569750,2380375
154:interactive:mix_only,2026-01-11T10:00:00+00:00,mix_only,interactive,3800,3762,38,266,32000,17280,144000,280,187,320e3d245b75cbc0f5e795ea28e3a65bf235ca9fe678692b35f148fe8214170a,1600000,720000,28000,89063,736000,2437063
154:streaming:mix_only,2026-01-11T10:00:00+00:00,mix_only,streaming,8600,8514,86,430,25170,13088,125853,587,172,856066494e5b735a4652faff05387af9c226ca9e08205212a04bcbb5f6557170,1258500,629265,58700,201562,604100,2148027
154:batch:optimized,2026-01-11T10:00:00+00:00,optimized,batch,800,792,8,28,39750,28699,340000,920,596,12feb80751c9c54c315bc96e5b3e25b386ce9bca82412e3b29b2faf668b96a43,1987500,1700000,92000,18750,552550,3798250
154:interactive:optimized,2026-01-11T10:00:00+00:00,optimized,interactive,3800,3762,38,266,22400,16416,115200,280,282,c791332c11d7664ffa01e2b7c4e10d86078f785eae6165313c06a0ae086b6492,1120000,576000,28000,89063,299200,1813063
154:streaming:optimized,2026-01-11T10:00:00+00:00,optimized,streaming,8200,8118,82,410,22800,11856,120000,560,182,985530698d2a52aa70e838b12c908ffc24ad852821dacb39653f0b4c3a68f67a,1140000,600000,56000,192187,547200,1988187
155:batch:baseline,2026-01-11T11:00:00+00:00,baseline,batch,1200,1188,12,48,56000,32480,416000,980,630,bba01c6fd765eaa0162d60f99e17de4156f92ac7a9fc6068e2ab0f5d3668bcca,2800000,2080000,98000,26866,1176000,5004866
155:interactive:baseline,2026-01-11T11:00:00+00:00,baseline,interactive,3600,3564,36,252,24000,13680,160000,280,189,97893b5970cdcd1b8404114d9387ba1d0a8c8a5ff1044a48bf50d580e93c02b4,1200000,800000,28000,80597,516000,2108597
155:streaming:baseline,2026-01-11T11:00:00+00:00,baseline,streaming,8600,8514,86,344,18000,9000,96000,500,188,11a7dd8498737d2e87a6b704d992a8ed2fd8a315519f6a9b792d4a43b6850d31,900000,480000,50000,192537,450000,1622537
155:batch:mix_only,2026-01-11T11:00:00+00:00,mix_only,batch,600,594,6,24,28000,16240,208000,490,630,0d984c25b7f30260d19ab50701849abea86cbdec9794f1e5469a6d7e5dcf65eb,1400000,1040000,49000,13433,588000,2502433
155:interactive:mix_only,2026-01-11T11:00:00+00:00,mix_only,interactive,3600,3564,36,252,24000,13680,160000,280,189,f14f7df111a41a7063af03417e843a8b9f54a0a0340081a889e43f3de094ee01,1200000,800000,28000,80597,516000,2108597
155:streaming:mix_only,2026-01-11T11:00:00+00:00,mix_only,streaming,9200,9108,92,368,19255,9627,102697,534,188,cf62af3df13defe175d7a157798d99134fd65621975ddc222626b4e387413577,962750,513485,53400,205970,481400,1735605
155:batch:optimized,2026-01-11T11:00:00+00:00,optimized,batch,1200,1188,12,24,42000,30856,353600,980,600,bba01c6fd765eaa0162d60f99e17de4156f92ac7a9fc6068e2ab0f5d3668bcca,2100000,1768000,98000,26866,557200,3992866
155:interactive:optimized,2026-01-11T11:00:00+00:00,optimized,interactive,3600,3564,36,252,16800,12996,128000,280,284,97893b5970cdcd1b8404114d9387ba1d0a8c8a5ff1044a48bf50d580e93c02b4,840000,640000,28000,80597,190200,1588597
155:streaming:optimized,2026-01-11T11:00:00+00:00,optimized,streaming,8600,8514,86,344,17100,8550,96000,500,198,11a7dd8498737d2e87a6b704d992a8ed2fd8a315519f6a9b792d4a43b6850d31,855000,480000,50000,192537,427500,1577537
156:batch:baseline,2026-01-11T12:00:00+00:00,baseline,batch,1400,1386,14,98,56000,26880,392000,940,629,c836ba442f207f6c3f4becb78fa4f9242d5bee38e510946b493f34d5712615d9,2800000,1960000,94000,31343,1456000,4885343
156:interactive:baseline,2026-01-11T12:00:00+00:00,baseline,interactive,4000,3960,40,160,30000,16500,136000,260,191,bee83e0ae5549141ae862be689ab497ce70ef8187a7e871bec4a088d25f327fc,1500000,680000,26000,89552,675000,2295552
156:streaming:baseline,2026-01-11T12:00:00+00:00,baseline,streaming,8000,7920,80,560,16000,7840,104000,580,179,fd20e92867367d23ad434d2b54590b4edc52d22f4adb74bab85b05fa3f474640,800000,520000,58000,179105,408000,1557105
156:batch:mix_only,2026-01-11T12:00:00+00:00,mix_only,batch,700,693,7,49,28000,13440,196000,470,629,2d3d1a640f0151bb26e16e9f5bd50c1e20d556795f44810c2fb5f283f76fcf27,1400000,980000,47000,15672,728000,2442672
156:interactive:mix_only,2026-01-11T12:00:00+00:00,mix_only,interactive,4000,3960,40,160,30000,16500,136000,260,191,2a709ccb2de866908940aa2062d5c52e0e937e03a77e0ed3e9cb8dc8679b7888,1500000,680000,26000,89552,675000,2295552
156:streaming:mix_only,2026-01-11T12:00:00+00:00,mix_only,streaming,8700,8613,87,609,17400,8526,113100,630,179,de88da79551fe1a435f3005a02993851d296b02f5edb09947d4e76ae4c8f96a1,870000,565500,63000,194776,443700,1693276
156:batch:optimized,2026-01-11T12:00:00+00:00,optimized,batch,1400,1386,14,49,42000,25536,333200,940,599,c836ba442f207f6c3f4becb78fa4f9242d5bee38e510946b493f34d5712615d9,2100000,1666000,94000,31343,823200,3891343
156:interactive:optimized,2026-01-11T12:00:00+00:00,optimized,interactive,4000,3960,40,160,21000,15675,108800,260,286,bee83e0ae5549141ae862be689ab497ce70ef8187a7e871bec4a088d25f327fc,1050000,544000,26000,89552,266250,1709552
156:streaming:optimized,2026-01-11T12:00:00+00:00,optimized,streaming,8000,7920,80,560,15200,7448,104000,580,189,fd20e92867367d23ad434d2b54590b4edc52d22f4adb74bab85b05fa3f474640,760000,520000,58000,179105,387600,1517105
157:batch:baseline,2026-01-11T13:00:00+00:00,baseline,batch,1400,1386,14,84,49000,27930,400000,940,629,778e23ac4e7884013a5a764020d50a05e22b7a59c7037e79404e8674f612aa5e,2450000,2000000,94000,32308,1053500,4576308
157:interactive:baseline,2026-01-11T13:00:00+00:00,baseline,interactive,3200,3168,32,128,30000,16500,144000,240,196,15c0726ccc38816319f70651ab98528be85643f6e87b7dc7b3d8f1ad7c1a1ac3,1500000,720000,24000,73846,675000,2317846
157:streaming:baseline,2026-01-11T13:00:00+00:00,baseline,streaming,8400,8316,84,336,23000,11270,112000,580,183,0dd2e64b6624e94332eaeaa500f2c85bd10ecac95bdfa1530342589a5142a95f,1150000,560000,58000,193846,586500,1961846
157:batch:mix_only,2026-01-11T13:00:00+00:00,mix_only,batch,700,693,7,42,24500,13965,200000,470,629,407f95268deccacb098deb921b5ee282b9d26b4e8d0178edf12fd48f87964451,1225000,1000000,47000,16154,526750,2288154
157:interactive:mix_only,2026-01-11T13:00:00+00:00,mix_only,interactive,3200,3168,32,128,30000,16500,144000,240,196,d89242e0af8b0f3e1089405676bd72a26c3fab0c1bdd34055475a9d4d4a43df7,1500000,720000,24000,73846,675000,2317846
157:streaming:mix_only,2026-01-11T13:00:00+00:00,mix_only,streaming,9100,9009,91,364,24916,12209,121333,628,183,9a781967bc0af7d924221b813b42d620b62d048b50b29af8455fd83f9c32a38b,1245800,606665,62800,210000,635350,2125265
157:batch:optimized,2026-01-11T13:00:00+00:00,optimized,batch,1400,1386,14,42,36750,26533,340000,940,599,778e23ac4e7884013a5a764020d50a05e22b7a59c7037e79404e8674f612aa5e,1837500,1700000,94000,32308,510850,3663808
157:interactive:optimized,2026-01-11T13:00:00+00:00,optimized,interactive,3200,3168,32,128,21000,15675,115200,240,291,15c0726ccc38816319f70651ab98528be85643f6e87b7dc7b3d8f1ad7c1a1ac3,1050000,576000,24000,73846,266250,1723846
157:streaming:optimized,2026-01-11T13:00:00+00:00,optimized,streaming,8400,8316,84,336,21850,10706,112000,580,193,0dd2e64b6624e94332eaeaa500f2c85bd10ecac95bdfa1530342589a5142a95f,1092500,560000,58000,193846,557200,1904346
158:batch:baseline,2026-01-11T14:00:00+00:00,baseline,batch,1000,990,10,40,54000,26460,416000,940,630,68b936f09c73bc5d6fa3f24f3fca5ee59a691b1f212203c53a949d061ecd3d34,2700000,2080000,94000,22727,1377000,4896727
158:interactive:baseline,2026-01-11T14:00:00+00:00,baseline,interactive,3600,3564,36,216,29000,13920,144000,260,191,e6427d8a215441f03426115de26272a39c2ea8d90d5d5a26ffdb1f5159ce7999,1450000,720000,26000,81818,754000,2277818
158:streaming:baseline,2026-01-11T14:00:00+00:00,baseline,streaming,8600,8514,86,602,22000,12760,128000,540,187,23da900598701913348c4982cfe04a2cba1c49d13ea03a20ee187028b62ea1c8,1100000,640000,54000,195455,462000,1989455
158:batch:mix_only,2026-01-11T14:00:00+00:00,mix_only,batch,500,495,5,20,27000,13230,208000,470,630,8f80b5f2f88fa9a284d3910d5dd8826898ea2f9fda4eabd454b146359cc13eb7,1350000,1040000,47000,11364,688500,2448364
158:interactive:mix_only,2026-01-11T14:00:00+00:00,mix_only,interactive,3600,3564,36,216,29000,13920,144000,260,191,cf1ec26680da1e951b133eb5a1451cc12b6f3f8c22b8d8df2ea376ed3a587988,1450000,720000,26000,81818,754000,2277818
158:streaming:mix_only,2026-01-11T14:00:00+00:00,mix_only,streaming,9100,9009,91,637,23279,13501,135441,571,187,075aef4e4669e294986790d87b294457d84df8740f45495d8fbca52965fde576,1163950,677205,57100,206818,488900,2105073
158:batch:optimized,2026-01-11T14:00:00+00:00,optimized,batch,1000,990,10,20,40500,25137,353600,940,600,68b936f09c73bc5d6fa3f24f3fca5ee59a691b1f212203c53a949d061ecd3d34,2025000,1768000,94000,22727,768150,3909727
158:interactive:optimized,2026-01-11T14:00:00+00:00,optimized,interactive,3600,3564,36,216,20300,13224,115200,260,286,e6427d8a215441f03426115de26272a39c2ea8d90d5d5a26ffdb1f5159ce7999,1015000,576000,26000,81818,353800,1698818
158:streaming:optimized,2026-01-11T14:00:00+00:00,optimized,streaming,8600,8514,86,602,20900,12122,128000,540,197,23da900598701913348c4982cfe04a2cba1c49d13ea03a20ee187028b62ea1c8,1045000,640000,54000,195455,438900,1934455
159:batch:baseline,2026-01-11T15:00:00+00:00,baseline,batch,1400,1386,14,70,51000,24480,384000,920,633,751db0648814aa2fdd5e2c33e3b244152f3ef68557343642cb03f5fea9ccacbd,2550000,1920000,92000,31343,1326000,4593343
159:interactive:baseline,2026-01-11T15:00:00+00:00,baseline,interactive,3600,3564,36,252,26000,12740,152000,220,193,ec2116675cddd994f488653489c424f29f9f196d0d50d6747c545ee6761a262b,1300000,760000,22000,80597,663000,2162597
159:streaming:baseline,2026-01-11T15:00:00+00:00,baseline,streaming,8400,8316,84,420,24000,11760,128000,500,177,5ffd282c8f8be0a91d5c0d69a6ee8476fab1f28b05f8ae22452706816cc30e06,1200000,640000,50000,188060,612000,2078060
159:batch:mix_only,2026-01-11T15:00:00+00:00,mix_only,batch,700,693,7,35,25500,12240,192000,460,633,e0cf4f833d651de7aa4a8d1a6b7acdb75e5cfea2c1b708b8c6f5445167210f74,1275000,960000,46000,15672,663000,2296672
159:interactive:mix_only,2026-01-11T15:00:00+00:00,mix_only,interactive,3600,3564,36,252,26000,12740,152000,220,193,a91f60ff097c224fadde3091267a4c133de03adfbfea9f1e3fc78fe3ea9a14c7,1300000,760000,22000,80597,663000,2162597
159:streaming:mix_only,2026-01-11T15:00:00+00:00,mix_only,streaming,9100,9009,91,455,26000,12740,138666,541,177,0bb65fe13187a43dc24e9ce3f8d8b16816c46392b3d4508bba2397a959a3f0db,1300000,693330,54100,203731,663000,2251161
159:batch:optimized,2026-01-11T15:00:00+00:00,optimized,batch,1400,1386,14,35,38250,23256,326400,920,603,751db0648814aa2fdd5e2c33e3b244152f3ef68557343642cb03f5fea9ccacbd,1912500,1632000,92000,31343,749700,3667843
159:interactive:optimized,2026-01-11T15:00:00+00:00,optimized,interactive,3600,3564,36,252,18200,12103,121600,220,288,ec2116675cddd994f488653489c424f29f9f196d0d50d6747c545ee6761a262b,910000,608000,22000,80597,304850,1620597
159:streaming:optimized,2026-01-11T15:00:00+00:00,optimized,streaming,8400,8316,84,420,22800,11172,128000,500,187,5ffd282c8f8be0a91d5c0d69a6ee8476fab1f28b05f8ae22452706816cc30e06,1140000,640000,50000,188060,581400,2018060
160:batch:baseline,2026-01-11T16:00:00+00:00,baseline,batch,1000,990,10,60,51000,27540,416000,920,635,243ed7e0ad3e5013fab4f463e7488d1a7ba1d48ab2cfcac3ca4bda18ddbfdff5,2550000,2080000,92000,23438,1173000,4745438
160:interactive:baseline,2026-01-11T16:00:00+00:00,baseline,interactive,3200,3168,32,192,31000,17360,152000,220,192,f3f5ecffbdbf7b3c7d7e584ef89c8711c2a187cb7bec6a6498ba2568304a6745,1550000,760000,22000,75000,682000,2407000
160:streaming:baseline,2026-01-11T16:00:00+00:00,baseline,streaming,8600,8514,86,430,21000,11550,112000,540,182,539217c24233f662258d08ac1f2d46c7ff8fa2bd82dd820b888e3646fa1aa507,1050000,560000,54000,201562,472500,1865562
160:batch:mix_only,2026-01-11T16:00:00+00:00,mix_only,batch,500,495,5,30,25500,13770,208000,460,635,8b5b77a72b066578d470611ebd549fe912d745822e0b00adf0ab08383ee44dc5,1275000,1040000,46000,11719,586500,2372719
160:interactive:mix_only,2026-01-11T16:00:00+00:00,mix_only,interactive,3200,3168,32,192,31000,17360,152000,220,192,96f174794a0004f9088ab3426fcdf185fd8223ae027718cd9f845643f4273be8,1550000,760000,22000,75000,682000,2407000
160:streaming:mix_only,2026-01-11T16:00:00+00:00,mix_only,streaming,9100,9009,91,455,22220,12221,118511,571,182,630111e52707dab94a7153012d69f3724bb98934994f1ef59d75a4274b5b7b61,1111000,592555,57100,213281,499950,1973936
160:batch:optimized,2026-01-11T16:00:00+00:00,optimized,batch,1000,990,10,30,38250,26163,353600,920,605,243ed7e0ad3e5013fab4f463e7488d1a7ba1d48ab2cfcac3ca4bda18ddbfdff5,1912500,1768000,92000,23438,604350,3795938
160:interactive:optimized,2026-01-11T16:00:00+00:00,optimized,interactive,3200,3168,32,192,21700,16492,121600,220,287,f3f5ecffbdbf7b3c7d7e584ef89c8711c2a187cb7bec6a6498ba2568304a6745,1085000,608000,22000,75000,260400,1790000
160:streaming:optimized,2026-01-11T16:00:00+00:00,optimized,streaming,8600,8514,86,430,19950,10972,112000,540,192,539217c24233f662258d08ac1f2d46c7ff8fa2bd82dd820b888e3646fa1aa507,997500,560000,54000,201562,448900,1813062
161:batch:baseline,2026-01-11T17:00:00+00:00,baseline,batch,1000,990,10,50,55000,27500,392000,980,629,1242b0665dd654d225a61bcfe1e532e0b7127024e4ea6343a0bd5f2cf1806e80,2750000,1960000,98000,24590,1375000,4832590
161:interactive:baseline,2026-01-11T17:00:00+00:00,baseline,interactive,3000,2970,30,120,29000,15080,136000,220,193,7ff390c69d3460c4272b1b9e60957c71d5f75bc9f80029fd235649803900d1e2,1450000,680000,22000,73771,696000,2225771
161:streaming:baseline,2026-01-11T17:00:00+00:00,baseline,streaming,8200,8118,82,328,20000,11400,104000,540,171,f6f8bed89bc15c5add99fdbf826dfabf86180068b2b219733b205541b829f788,1000000,520000,54000,201639,430000,1775639
161:batch:mix_only,2026-01-11T17:00:00+00:00,mix_only,batch,500,495,5,25,27500,13750,196000,490,629,941f83e736d8a0cf45ac3ff363ffff71a3621ed2285bcdd84a765ff089656277,1375000,980000,49000,12295,687500,2416295
161:interactive:mix_only,2026-01-11T17:00:00+00:00,mix_only,interactive,3000,2970,30,120,29000,15080,136000,220,193,0cc894b4e0244b82513d3f84d493267d5193550b93ecebfdf7d7c8bd17e7bd3f,1450000,680000,22000,73771,696000,2225771
161:streaming:mix_only,2026-01-11T17:00:00+00:00,mix_only,streaming,8700,8613,87,348,21219,12095,110341,572,171,4bd8bfb08772fe6f7d91f4629882888c50f06d95b1e2b07bffb333f05556298e,1060950,551705,57200,213934,456200,1883789
161:batch:optimized,2026-01-11T17:00:00+00:00,optimized,batch,1000,990,10,25,41250,26125,333200,980,599,1242b0665dd654d225a61bcfe1e532e0b7127024e4ea6343a0bd5f2cf1806e80,2062500,1666000,98000,24590,756250,3851090
161:interactive:optimized,2026-01-11T17:00:00+00:00,optimized,interactive,3000,2970,30,120,20300,14326,108800,220,288,7ff390c69d3460c4272b1b9e60957c71d5f75bc9f80029fd235649803900d1e2,1015000,544000,22000,73771,298700,1654771
161:streaming:optimized,2026-01-11T17:00:00+00:00,optimized,streaming,8200,8118,82,328,19000,10830,104000,540,181,f6f8bed89bc15c5add99fdbf826dfabf86180068b2b219733b205541b829f788,950000,520000,54000,201639,408500,1725639
162:batch:baseline,2026-01-11T18:00:00+00:00,baseline,batch,800,792,8,48,48000,24000,392000,940,640,b078976e8c2be450f5916c33489c096aed3e81553345ded1f6e80c60cc6c66d0,2400000,1960000,94000,18750,1200000,4472750
162:interactive:baseline,2026-01-11T18:00:00+00:00,baseline,interactive,3800,3762,38,190,29000,16820,160000,260,192,5ff5a17f116a67dfa02505e1d137e3b8dfbfcaea207faaaea1a196ffbd96edb0,1450000,800000,26000,89063,609000,2365063
162:streaming:baseline,2026-01-11T18:00:00+00:00,baseline,streaming,8200,8118,82,410,22000,10560,128000,580,173,8404059dbcb44b18f0108d8ff8d882654709f740b10d373ba0c66e34a101cbed,1100000,640000,58000,192187,572000,1990187
162:batch:mix_only,2026-01-11T18:00:00+00:00,mix_only,batch,400,396,4,24,24000,12000,196000,470,640,a8cfe7a742c32141b315c2d59e9b7abc032d634649d33c766bdc887d55d6f458,1200000,980000,47000,9375,600000,2236375
162:interactive:mix_only,2026-01-11T18:00:00+00:00,mix_only,interactive,3800,3762,38,190,29000,16820,160000,260,192,e99811e4810484ff3125b6eb73859bf3c0c3610c237d2d3de19a24b2e365e50c,1450000,800000,26000,89063,609000,2365063
162:streaming:mix_only,2026-01-11T18:00:00+00:00,mix_only,streaming,8600,8514,86,430,23073,11075,134243,608,173,e55fa0fa1d7fe9e59596a03c2c66aac62191872e5f4a65adf1ca223f9edb0702,1153650,671215,60800,201562,599900,2087227
162:batch:optimized,2026-01-11T18:00:00+00:00,optimized,batch,800,792,8,24,36000,22800,333200,940,610,b078976e8c2be450f5916c33489c096aed3e81553345ded1f6e80c60cc6c66d0,1800000,1666000,94000,18750,660000,3578750
162:interactive:optimized,2026-01-11T18:00:00+00:00,optimized,interactive,3800,3762,38,190,20300,15979,128000,260,287,5ff5a17f116a67dfa02505e1d137e3b8dfbfcaea207faaaea1a196ffbd96edb0,1015000,640000,26000,89063,216050,1770063
162:streaming:optimized,2026-01-11T18:00:00+00:00,optimized,streaming,8200,8118,82,410,20900,10032,128000,580,183,8404059dbcb44b18f0108d8ff8d882654709f740b10d373ba0c66e34a101cbed,1045000,640000,58000,192187,543400,1935187
163:batch:baseline,2026-01-11T19:00:00+00:00,baseline,batch,800,792,8,48,50000,26500,408000,980,637,d839bf14d9cdaeeb2a1879ce29434283e20d6bb4d6c7277fc4c6869f73fa3c9f,2500000,2040000,98000,20000,1175000,4658000
163:interactive:baseline,2026-01-11T19:00:00+00:00,baseline,interactive,3000,2970,30,120,26000,14820,160000,220,203,5d82d8535920e98e6fd97c91b393435d2124eccf8a0838a107d8fb1011b68466,1300000,800000,22000,75000,559000,2197000
163:streaming:baseline,2026-01-11T19:00:00+00:00,baseline,streaming,8200,8118,82,492,20000,10200,112000,540,178,ee104c7e5d0fcc45812cdf9202d904367319f96c8eca0b10442408bbca1fb1b4,1000000,560000,54000,205000,490000,1819000
163:batch:mix_only,2026-01-11T19:00:00+00:00,mix_only,batch,400,396,4,24,25000,13250,204000,490,637,c76879006f62000078c39f61c27a5c4300a4de1b44319374307ce36eefd9565d,1250000,1020000,49000,10000,587500,2329000
163:interactive:mix_only,2026-01-11T19:00:00+00:00,mix_only,interactive,3000,2970,30,120,26000,14820,160000,220,203,0f6fd84d2fa41f02a66c5c686d73890cec9c3d776ae8fb9ef37b7355b8747b60,1300000,800000,22000,75000,559000,2197000
163:streaming:mix_only,2026-01-11T19:00:00+00:00,mix_only,streaming,8600,8514,86,516,20975,10697,117463,566,178,aedaa99d928e67f83bbe9330a4bb559777a9ec0a7f57e2a7b92514755c0c25ff,1048750,587315,56600,215000,513900,1907665
163:batch:optimized,2026-01-11T19:00:00+00:00,optimized,batch,800,792,8,24,37500,25175,346800,980,607,d839bf14d9cdaeeb2a1879ce29434283e20d6bb4d6c7277fc4c6869f73fa3c9f,1875000,1734000,98000,20000,616250,3727000
163:interactive:optimized,2026-01-11T19:00:00+00:00,optimized,interactive,3000,2970,30,120,18200,14079,128000,220,298,5d82d8535920e98e6fd97c91b393435d2124eccf8a0838a107d8fb1011b68466,910000,640000,22000,75000,206050,1647000
163:streaming:optimized,2026-01-11T19:00:00+00:00,optimized,streaming,8200,8118,82,492,19000,9690,112000,540,188,ee104c7e5d0fcc45812cdf9202d904367319f96c8eca0b10442408bbca1fb1b4,950000,560000,54000,205000,465500,1769000
164:batch:baseline,2026-01-11T20:00:00+00:00,baseline,batch,1000,990,10,70,55000,29700,392000,920,640,c1c3ae2dba039254b2999f1fa731ee6ad826b6e70f1ae87d93518d80a5d074e5,2750000,1960000,92000,23077,1265000,4825077
164:interactive:baseline,2026-01-11T20:00:00+00:00,baseline,interactive,3200,3168,32,128,24000,13680,152000,260,191,65203c0a6c9db8c13ec12bf94d598642ac51c86b02a7580f4f815f2d723fcc09,1200000,760000,26000,73846,516000,2059846
164:streaming:baseline,2026-01-11T20:00:00+00:00,baseline,streaming,8800,8712,88,352,24000,12480,96000,580,183,c1bd1e7a63efef895ef51a6774b13030ebed10bb1e957b45163da5b5c2f6aba4,1200000,480000,58000,203077,576000,1941077
164:batch:mix_only,2026-01-11T20:00:00+00:00,mix_only,batch,500,495,5,35,27500,14850,196000,460,640,068f4229e3b1778096961a36283d401344514cd0428efce59e6f92e53c15b9a9,1375000,980000,46000,11539,632500,2412539
164:interactive:mix_only,2026-01-11T20:00:00+00:00,mix_only,interactive,3200,3168,32,128,24000,13680,152000,260,191,3a0ae24708a4d92a7aee3e0155a45ab7d763b7551d34d96736c8ef65ab83f582,1200000,760000,26000,73846,516000,2059846
164:streaming:mix_only,2026-01-11T20:00:00+00:00,mix_only,streaming,9300,9207,93,372,25363,13189,101454,612,183,4b95fb4bc9f4f9993f37fae5913881a32f078fe4bf4f25d5e2bfddc6a70db7ee,1268150,507270,61200,214615,608700,2051235
164:batch:optimized,2026-01-11T20:00:00+00:00,optimized,batch,1000,990,10,35,41250,28215,333200,920,610,c1c3ae2dba039254b2999f1fa731ee6ad826b6e70f1ae87d93518d80a5d074e5,2062500,1666000,92000,23077,651750,3843577
164:interactive:optimized,2026-01-11T20:00:00+00:00,optimized,interactive,3200,3168,32,128,16800,12996,121600,260,286,65203c0a6c9db8c13ec12bf94d598642ac51c86b02a7580f4f815f2d723fcc09,840000,608000,26000,73846,190200,1547846
164:streaming:optimized,2026-01-11T20:00:00+00:00,optimized,streaming,8800,8712,88,352,22800,11856,96000,580,193,c1bd1e7a63efef895ef51a6774b13030ebed10bb1e957b45163da5b5c2f6aba4,1140000,480000,58000,203077,547200,1881077
165:batch:baseline,2026-01-11T21:00:00+00:00,baseline,batch,1200,1188,12,72,53000,26500,392000,900,632,52b871db9e11aa56c72aaf981695921ae67d70b5d9a4d573ba13b791b3bebb71,2650000,1960000,90000,28125,1325000,4728125
165:interactive:baseline,2026-01-11T21:00:00+00:00,baseline,interactive,3600,3564,36,252,30000,17400,128000,240,191,b43aef173ec1986942d6cf2f8a99807e34bb6286c04cf6b3be5ffe28cfb4fe7a,1500000,640000,24000,84375,630000,2248375
165:streaming:baseline,2026-01-11T21:00:00+00:00,baseline,streaming,8000,7920,80,400,18000,9360,104000,520,173,2323dd7e4c9f8b7797094804f532e11f57924257c3d8b4576c0d99ffbbfb7945,900000,520000,52000,187500,432000,1659500
165:batch:mix_only,2026-01-11T21:00:00+00:00,mix_only,batch,600,594,6,36,26500,13250,196000,450,632,06a25de8b21270caadc120c443c1322db29304e2a8f20b279205624228ba1409,1325000,980000,45000,14063,662500,2364063
165:interactive:mix_only,2026-01-11T21:00:00+00:00,mix_only,interactive,3600,3564,36,252,30000,17400,128000,240,191,c1b2deab1e7dae4eaf75e5c5e07e316681768afd833ef0021c9be65d0b80fc83,1500000,640000,24000,84375,630000,2248375
165:streaming:mix_only,2026-01-11T21:00:00+00:00,mix_only,streaming,8600,8514,86,430,19350,10062,111800,559,173,2aad2d823b9d70611ed6e9aa0df51d7ad6786a059f10fc0d11b01a4fa4f84e1f,967500,559000,55900,201562,464400,1783962
165:batch:optimized,2026-01-11T21:00:00+00:00,optimized,batch,1200,1188,12,36,39750,25175,333200,900,602,52b871db9e11aa56c72aaf981695921ae67d70b5d9a4d573ba13b791b3bebb71,1987500,1666000,90000,28125,728750,3771625
165:interactive:optimized,2026-01-11T21:00:00+00:00,optimized,interactive,3600,3564,36,252,21000,16530,102400,240,286,b43aef173ec1986942d6cf2f8a99807e34bb6286c04cf6b3be5ffe28cfb4fe7a,1050000,512000,24000,84375,223500,1670375
165:streaming:optimized,2026-01-11T21:00:00+00:00,optimized,streaming,8000,7920,80,400,17100,8892,104000,520,183,2323dd7e4c9f8b7797094804f532e11f57924257c3d8b4576c0d99ffbbfb7945,855000,520000,52000,187500,410400,1614500
166:batch:baseline,2026-01-11T22:00:00+00:00,baseline,batch,1400,1386,14,56,52000,26520,384000,960,633,41019471f054c008558be2d3559c1d18b1f9ffb34c413ec69c5a79063cb9483a,2600000,1920000,96000,30000,1274000,4646000
166:interactive:baseline,2026-01-11T22:00:00+00:00,baseline,interactive,3600,3564,36,216,30000,14700,160000,280,189,b21c2c7520107abbd02ef7a1f5bac4371bf0359281f1a56080e59e5426238803,1500000,800000,28000,77143,765000,2405143
166:streaming:baseline,2026-01-11T22:00:00+00:00,baseline,streaming,9000,8910,90,540,21000,10500,128000,580,181,e609fcf021212d6db055ddf6ebb09204e6e5c0c5921b5e0c4f5f6f5f029148a8,1050000,640000,58000,192857,525000,1940857
166:batch:mix_only,2026-01-11T22:00:00+00:00,mix_only,batch,700,693,7,28,26000,13260,192000,480,633,31062c7d28c6c7d8fe2c93d530c355b805620ade824ac301dcd8b53f0172db20,1300000,960000,48000,15000,637000,2323000
166:interactive:mix_only,2026-01-11T22:00:00+00:00,mix_only,interactive,3600,3564,36,216,30000,14700,160000,280,189,31dc41f54dd74492242fc21d66690920834f041c6097da4c5aa053f6bc8b5edf,1500000,800000,28000,77143,765000,2405143
166:streaming:mix_only,2026-01-11T22:00:00+00:00,mix_only,streaming,9700,9603,97,582,22633,11316,137955,625,181,658f2edf7b371fc8aaf07af76cb502d23ecf8a31edf5a58d02880f9e4ae22f62,1131650,689775,62500,207857,565850,2091782
166:batch:optimized,2026-01-11T22:00:00+00:00,optimized,batch,1400,1386,14,28,39000,25194,326400,960,603,41019471f054c008558be2d3559c1d18b1f9ffb34c413ec69c5a79063cb9483a,1950000,1632000,96000,30000,690300,3708000
166:interactive:optimized,2026-01-11T22:00:00+00:00,optimized,interactive,3600,3564,36,216,21000,13965,128000,280,284,b21c2c7520107abbd02ef7a1f5bac4371bf0359281f1a56080e59e5426238803,1050000,640000,28000,77143,351750,1795143
166:streaming:optimized,2026-01-11T22:00:00+00:00,optimized,streaming,9000,8910,90,540,19950,9975,128000,580,191,e609fcf021212d6db055ddf6ebb09204e6e5c0c5921b5e0c4f5f6f5f029148a8,997500,640000,58000,192857,498750,1888357
167:batch:baseline,2026-01-11T23:00:00+00:00,baseline,batch,1200,1188,12,48,48000,25440,408000,960,625,0f345de875b8d32e45706333c545ce2889d784e94a690be0e6d47a951fc81753,2400000,2040000,96000,27273,1128000,4563273
167:interactive:baseline,2026-01-11T23:00:00+00:00,baseline,interactive,3800,3762,38,228,32000,16960,136000,200,190,09323e22d71c4bf88e66bd378198f91fb35a92b32b4d22de1c4fbc53bf8c5c87,1600000,680000,20000,86364,752000,2386364
167:streaming:baseline,2026-01-11T23:00:00+00:00,baseline,streaming,8200,8118,82,492,16000,7840,96000,560,177,53ad6635d2de9ffe5f76c92d94920aec8cb0139bdb86415c65134de06d334ce0,800000,480000,56000,186363,408000,1522363
167:batch:mix_only,2026-01-11T23:00:00+00:00,mix_only,batch,600,594,6,24,24000,12720,204000,480,625,4c6d4b4cb285f6ec123ef8c8689c45e1eef8c24888eea74d60101b7a6feb2134,1200000,1020000,48000,13636,564000,2281636
167:interactive:mix_only,2026-01-11T23:00:00+00:00,mix_only,interactive,3800,3762,38,228,32000,16960,136000,200,190,e364219f07d47b91697903336761af9694e70c6e38503e45c04004138aab123c,1600000,680000,20000,86364,752000,2386364
167:streaming:mix_only,2026-01-11T23:00:00+00:00,mix_only,streaming,8800,8712,88,528,17170,8413,103024,600,177,250faebadf7550fd2b56cb299ce913498ed8b52f28485ea74531cc7dc958847c,858500,515120,60000,200000,437850,1633620
167:batch:optimized,2026-01-11T23:00:00+00:00,optimized,batch,1200,1188,12,24,36000,24168,346800,960,595,0f345de875b8d32e45706333c545ce2889d784e94a690be0e6d47a951fc81753,1800000,1734000,96000,27273,591600,3657273
167:interactive:optimized,2026-01-11T23:00:00+00:00,optimized,interactive,3800,3762,38,228,22400,16112,108800,200,285,09323e22d71c4bf88e66bd378198f91fb35a92b32b4d22de1c4fbc53bf8c5c87,1120000,544000,20000,86364,314400,1770364
167:streaming:optimized,2026-01-11T23:00:00+00:00,optimized,streaming,8200,8118,82,492,15200,7448,96000,560,187,53ad6635d2de9ffe5f76c92d94920aec8cb0139bdb86415c65134de06d334ce0,760000,480000,56000,186363,387600,1482363
